/* SPDX-License-Identifier: AGPL-3.0-or-later */
/* Rendered UI label images (4-bit alpha, per-row RLE). Not a font file.
 * Generated by tools/build_gui_assets.py. No runtime font dependency. */
#pragma once
#include <stdint.h>
typedef struct { uint16_t width,height,first_row; } ws_gui_sprite_t;
enum {
    WS_GFX_BRAND,
    WS_GFX_ENTER_PIN,
    WS_GFX_SCOPE_LOGIN,
    WS_GFX_SCOPE_REGISTER,
    WS_GFX_SCOPE_BOTH,
    WS_GFX_SCOPE_CREDENTIALS,
    WS_GFX_SCOPE_SETTINGS,
    WS_GFX_SCOPE_DATA,
    WS_GFX_SCOPE_READ,
    WS_GFX_SCOPE_MULTIPLE,
    WS_GFX_SCOPE_NONE,
    WS_GFX_DIGITS,
    WS_GFX_TRIES,
    WS_GFX_SECONDS,
    WS_GFX_CANCEL,
    WS_GFX_APPROVE,
    WS_GFX_VERIFY,
    WS_GFX_YOUR_APPROVAL,
    WS_GFX_ONLY_APPROVE,
    WS_GFX_YOU_STARTED,
    WS_GFX_READY,
    WS_GFX_START_HOST,
    WS_GFX_YOUR_COMPUTER,
    WS_GFX_USB_FIDO,
    WS_GFX_TOUCH_MISSING,
    WS_GFX_BOOT,
    WS_GFX_CANCEL_HOST,
    WS_GFX_PROCESSING,
    WS_GFX_PLEASE_WAIT,
    WS_GFX_KEEP_CONNECTED,
    WS_GFX_CONFIRMED,
    WS_GFX_CHECK_RESULT,
    WS_GFX_COMPUTER,
    WS_GFX_CANCELLED,
    WS_GFX_NOT_APPROVED,
    WS_GFX_START_AGAIN,
    WS_GFX_TIMED_OUT,
    WS_GFX_NO_CONFIRM,
    WS_GFX_PIN_BAD,
    WS_GFX_RETRY_HOST,
    WS_GFX_PIN_LOCKED,
    WS_GFX_CHECK_RETRIES,
    WS_GFX_ON_COMPUTER,
    WS_GFX_INPUT_ERROR,
    WS_GFX_CHECK_TOUCH,
    WS_GFX_AND_TOUCH,
    WS_GFX_CONNECT,
    WS_GFX_USE_CABLE,
    WS_GFX_STANDBY,
    WS_GFX_WAITING_FOR,
    WS_GFX_SIGN_IN_REQUEST,
    WS_GFX_KEEP_AWAKE,
    WS_GFX_NUM_0,
    WS_GFX_NUM_1,
    WS_GFX_NUM_2,
    WS_GFX_NUM_3,
    WS_GFX_NUM_4,
    WS_GFX_NUM_5,
    WS_GFX_NUM_6,
    WS_GFX_NUM_7,
    WS_GFX_NUM_8,
    WS_GFX_NUM_9,
    WS_GFX_SMALL_0,
    WS_GFX_SMALL_1,
    WS_GFX_SMALL_2,
    WS_GFX_SMALL_3,
    WS_GFX_SMALL_4,
    WS_GFX_SMALL_5,
    WS_GFX_SMALL_6,
    WS_GFX_SMALL_7,
    WS_GFX_SMALL_8,
    WS_GFX_SMALL_9,
    WS_GFX_COUNT
};
static const ws_gui_sprite_t ws_gui_sprites[] = {
    {98,24,0}, /* BRAND */
    {137,35,24}, /* ENTER_PIN */
    {61,23,59}, /* SCOPE_LOGIN */
    {152,23,82}, /* SCOPE_REGISTER */
    {147,23,105}, /* SCOPE_BOTH */
    {174,23,128}, /* SCOPE_CREDENTIALS */
    {137,23,151}, /* SCOPE_SETTINGS */
    {135,23,174}, /* SCOPE_DATA */
    {148,23,197}, /* SCOPE_READ */
    {184,23,220}, /* SCOPE_MULTIPLE */
    {125,23,243}, /* SCOPE_NONE */
    {47,22,266}, /* DIGITS */
    {41,23,288}, /* TRIES */
    {12,23,311}, /* SECONDS */
    {83,29,334}, /* CANCEL */
    {109,31,363}, /* APPROVE */
    {60,25,394}, /* VERIFY */
    {223,33,419}, /* YOUR_APPROVAL */
    {142,27,452}, /* ONLY_APPROVE */
    {193,27,479}, /* YOU_STARTED */
    {118,43,506}, /* READY */
    {164,27,549}, /* START_HOST */
    {162,27,576}, /* YOUR_COMPUTER */
    {144,24,603}, /* USB_FIDO */
    {186,26,627}, /* TOUCH_MISSING */
    {147,30,653}, /* BOOT */
    {207,26,683}, /* CANCEL_HOST */
    {181,38,709}, /* PROCESSING */
    {148,28,747}, /* PLEASE_WAIT */
    {221,26,775}, /* KEEP_CONNECTED */
    {179,43,801}, /* CONFIRMED */
    {183,27,844}, /* CHECK_RESULT */
    {109,27,871}, /* COMPUTER */
    {176,41,898}, /* CANCELLED */
    {187,27,939}, /* NOT_APPROVED */
    {204,27,966}, /* START_AGAIN */
    {210,38,993}, /* TIMED_OUT */
    {200,27,1031}, /* NO_CONFIRM */
    {205,37,1058}, /* PIN_BAD */
    {155,27,1095}, /* RETRY_HOST */
    {218,34,1122}, /* PIN_LOCKED */
    {186,27,1156}, /* CHECK_RETRIES */
    {194,27,1183}, /* ON_COMPUTER */
    {233,33,1210}, /* INPUT_ERROR */
    {190,27,1243}, /* CHECK_TOUCH */
    {173,27,1270}, /* AND_TOUCH */
    {220,39,1297}, /* CONNECT */
    {171,27,1336}, /* USE_CABLE */
    {155,43,1363}, /* STANDBY */
    {135,27,1406}, /* WAITING_FOR */
    {168,27,1433}, /* SIGN_IN_REQUEST */
    {181,25,1460}, /* KEEP_AWAKE */
    {25,39,1485}, /* NUM_0 */
    {17,39,1524}, /* NUM_1 */
    {24,39,1563}, /* NUM_2 */
    {24,39,1602}, /* NUM_3 */
    {25,39,1641}, /* NUM_4 */
    {23,39,1680}, /* NUM_5 */
    {24,39,1719}, /* NUM_6 */
    {22,39,1758}, /* NUM_7 */
    {24,39,1797}, /* NUM_8 */
    {24,39,1836}, /* NUM_9 */
    {14,23,1875}, /* SMALL_0 */
    {10,23,1898}, /* SMALL_1 */
    {14,23,1921}, /* SMALL_2 */
    {14,23,1944}, /* SMALL_3 */
    {14,23,1967}, /* SMALL_4 */
    {13,23,1990}, /* SMALL_5 */
    {14,23,2013}, /* SMALL_6 */
    {13,23,2036}, /* SMALL_7 */
    {14,23,2059}, /* SMALL_8 */
    {14,23,2082}, /* SMALL_9 */
};
static const uint32_t ws_gui_row_offsets[] = {
    0,7,14,21,28,35,77,118,176,232,289,341,
    393,442,492,547,601,662,701,750,767,774,781,788,
    795,804,813,822,831,840,849,858,867,894,924,957,
    994,1028,1089,1142,1198,1268,1328,1388,1444,1498,1545,1597,
    1642,1687,1733,1785,1831,1874,1920,1948,1957,1966,1975,1984,
    1988,1992,1996,2000,2012,2029,2044,2067,2113,2154,2197,2237,
    2277,2318,2358,2403,2441,2484,2503,2515,2527,2538,2544,2554,
    2564,2574,2584,2601,2635,2668,2728,2837,2945,3062,3167,3249,
    3348,3441,3563,3671,3777,3818,3828,3838,3848,3858,3868,3878,
    3888,3898,3921,3951,3982,4030,4130,4231,4340,4437,4519,4613,
    4700,4811,4903,4999,5043,5071,5096,5119,5131,5142,5153,5164,
    5175,5194,5226,5257,5318,5444,5574,5720,5846,5954,6079,6199,
    6343,6475,6607,6660,6679,6698,6716,6729,6738,6747,6756,6765,
    6782,6810,6839,6885,6983,7090,7204,7308,7391,7478,7567,7679,
    7775,7869,7903,7920,7936,7952,7963,7972,7981,7990,7999,8015,
    8050,8084,8142,8243,8349,8451,8538,8617,8709,8799,8903,9002,
    9106,9147,9156,9165,9174,9183,9193,9203,9213,9223,9241,9272,
    9305,9359,9464,9571,9690,9795,9882,9985,10080,10198,10305,10416,
    10459,10469,10479,10489,10499,10511,10523,10535,10547,10574,10614,10653,
    10718,10851,10990,11144,11281,11407,11539,11670,11822,11961,12096,12155,
    12173,12191,12209,12221,12229,12237,12245,12253,12280,12320,12362,12415,
    12505,12603,12700,12795,12874,12957,13033,13118,13194,13271,13309,13328,
    13344,13360,13368,13371,13374,13377,13382,13396,13413,13425,13459,13490,
    13532,13568,13601,13636,13670,13709,13748,13787,13803,13812,13822,13831,
    13834,13837,13840,13843,13846,13852,13862,13872,13886,13913,13943,13976,
    14004,14027,14053,14077,14110,14137,14163,14174,14177,14180,14183,14186,
    14187,14188,14189,14190,14191,14192,14193,14196,14203,14210,14219,14225,
    14232,14239,14247,14257,14264,14271,14274,14275,14276,14277,14278,14284,
    14290,14296,14302,14308,14314,14329,14343,14358,14380,14421,14468,14511,
    14567,14613,14656,14697,14735,14781,14828,14880,14939,14984,15032,15064,
    15070,15076,15082,15088,15095,15102,15109,15116,15123,15130,15139,15151,
    15161,15171,15185,15235,15292,15341,15408,15466,15525,15583,15637,15691,
    15743,15792,15851,15905,15947,15999,16039,16055,16071,16087,16103,16107,
    16111,16115,16119,16130,16148,16166,16184,16210,16251,16293,16338,16379,
    16420,16453,16488,16519,16555,16584,16611,16630,16639,16647,16655,16660,
    16674,16688,16702,16716,16730,16744,16767,16800,16829,16864,16895,16926,
    17038,17149,17240,17366,17477,17574,17669,17764,17850,17949,18040,18149,
    18260,18374,18459,18561,18635,18653,18671,18689,18707,18716,18725,18734,
    18743,18752,18768,18789,18812,18836,18883,18976,19061,19161,19249,19336,
    19419,19509,19593,19682,19775,19861,19937,19994,20014,20036,20055,20076,
    20089,20102,20115,20128,20141,20154,20167,20183,20199,20254,20372,20483,
    20606,20721,20840,20949,21064,21170,21285,21416,21528,21633,21697,21718,
    21740,21760,21781,21789,21797,21805,21813,21821,21829,21837,21845,21853,
    21861,21878,21894,21908,21923,21942,21960,21983,22033,22069,22103,22147,
    22200,22249,22299,22338,22377,22414,22451,22494,22538,22578,22617,22663,
    22708,22756,22789,22826,22874,22904,22915,22926,22939,22951,22962,22973,
    22984,22995,23006,23029,23052,23084,23115,23170,23270,23356,23469,23561,
    23651,23745,23838,23932,24027,24133,24229,24323,24376,24393,24412,24427,
    24443,24454,24465,24476,24487,24498,24509,24520,24533,24546,24599,24703,
    24804,24916,25013,25109,25198,25290,25378,25476,25585,25683,25777,25834,
    25852,25871,25889,25907,25916,25925,25934,25943,25952,25984,26017,26057,
    26142,26228,26327,26433,26531,26616,26704,26800,26919,27006,27100,27131,
    27140,27149,27158,27167,27179,27191,27203,27215,27227,27256,27286,27326,
    27359,27468,27563,27693,27811,27925,28042,28157,28283,28404,28537,28652,
    28767,28835,28847,28859,28871,28883,28893,28903,28913,28923,28933,28943,
    28977,29009,29035,29083,29128,29196,29260,29333,29411,29479,29542,29606,
    29666,29726,29787,29859,29934,29977,30033,30070,30080,30090,30100,30110,
    30123,30136,30149,30162,30175,30197,30221,30250,30280,30402,30509,30652,
    30794,30922,31042,31159,31287,31417,31564,31686,31800,31878,31895,31912,
    31929,31946,31958,31970,31982,31994,32006,32018,32030,32043,32059,32080,
    32098,32118,32139,32159,32221,32304,32371,32440,32535,32616,32698,32768,
    32834,32895,32960,33024,33085,33158,33238,33329,33392,33449,33523,33572,
    33589,33609,33632,33648,33658,33668,33678,33688,33698,33711,33732,33757,
    33784,33809,33881,33946,34040,34127,34203,34284,34347,34432,34499,34576,
    34669,34758,34840,34899,34909,34919,34929,34939,34953,34967,34981,34995,
    35009,35048,35091,35145,35199,35324,35428,35580,35710,35833,35960,36067,
    36179,36309,36462,36607,36724,36803,36821,36839,36857,36875,36887,36899,
    36911,36923,36935,36947,36959,36971,36983,36995,37014,37032,37054,37076,
    37100,37125,37159,37242,37297,37346,37410,37494,37564,37642,37710,37765,
    37818,37868,37922,37969,38026,38090,38161,38237,38315,38362,38415,38488,
    38542,38557,38572,38587,38602,38614,38626,38638,38650,38662,38683,38705,
    38733,38761,38819,38936,39042,39162,39269,39379,39485,39602,39709,39821,
    39944,40047,40152,40211,40227,40245,40261,40278,40285,40292,40299,40306,
    40313,40320,40327,40337,40347,40385,40458,40529,40608,40675,40737,40794,
    40854,40911,40981,41059,41131,41199,41240,41250,41260,41270,41280,41291,
    41302,41313,41324,41335,41346,41357,41368,41379,41407,41434,41465,41491,
    41522,41555,41595,41676,41734,41789,41866,41942,42010,42072,42132,42200,
    42256,42310,42378,42434,42495,42571,42650,42730,42781,42837,42910,42961,
    42972,42983,42994,43005,43017,43029,43041,43053,43065,43080,43102,43129,
    43161,43218,43337,43449,43584,43697,43803,43901,44012,44108,44222,44355,
    44479,44590,44672,44697,44722,44745,44769,44782,44795,44808,44821,44834,
    44856,44879,44916,44955,45031,45154,45272,45406,45520,45625,45728,45840,
    45954,46069,46204,46322,46439,46509,46532,46559,46580,46603,46617,46631,
    46645,46659,46673,46687,46701,46719,46744,46773,46802,46833,46866,46888,
    46960,47058,47133,47211,47310,47396,47494,47576,47651,47715,47781,47850,
    47917,47994,48081,48171,48248,48318,48404,48463,48479,48495,48511,48527,
    48540,48553,48566,48579,48592,48611,48637,48672,48709,48779,48904,49026,
    49166,49287,49400,49506,49625,49729,49851,49992,50119,50238,50308,50325,
    50342,50358,50375,50388,50401,50414,50427,50440,50453,50466,50479,50509,
    50541,50580,50614,50654,50693,50792,50877,50955,51055,51155,51245,51336,
    51410,51479,51553,51630,51701,51783,51863,51954,52028,52093,52168,52217,
    52230,52243,52256,52269,52279,52289,52299,52309,52319,52338,52359,52383,
    52405,52457,52552,52643,52749,52836,52925,53017,53112,53205,53296,53393,
    53485,53572,53620,53641,53665,53684,53704,53718,53732,53746,53760,53774,
    53788,53804,53831,53876,53919,53963,54010,54062,54176,54268,54374,54495,
    54607,54705,54811,54911,55017,55128,55226,55331,55437,55542,55624,55727,
    55790,55804,55818,55832,55846,55858,55870,55882,55894,55906,55934,55979,
    56029,56083,56161,56277,56388,56508,56615,56715,56800,56903,56991,57096,
    57209,57320,57415,57472,57484,57496,57508,57520,57533,57546,57559,57572,
    57585,57598,57611,57626,57641,57699,57822,57935,58065,58177,58293,58402,
    58514,58621,58737,58868,58982,59094,59158,59179,59202,59223,59244,59259,
    59274,59289,59304,59319,59334,59353,59386,59422,59461,59498,59531,59639,
    59757,59856,59992,60121,60236,60347,60460,60566,60689,60802,60927,61051,
    61183,61280,61401,61484,61502,61520,61538,61556,61568,61580,61592,61604,
    61616,61644,61686,61733,61780,61850,61968,62073,62202,62312,62416,62514,
    62625,62726,62846,62975,63098,63207,63279,63299,63320,63340,63360,63371,
    63382,63393,63404,63415,63432,63454,63481,63507,63562,63668,63762,63876,
    63974,64071,64167,64266,64364,64470,64588,64699,64810,64871,64886,64901,
    64916,64931,64945,64959,64973,64987,65001,65015,65029,65043,65060,65105,
    65142,65183,65226,65281,65328,65422,65489,65556,65638,65733,65814,65890,
    65963,66037,66104,66178,66254,66331,66421,66511,66612,66671,66732,66813,
    66871,66885,66899,66913,66927,66938,66949,66960,66971,66982,66998,67016,
    67043,67072,67128,67235,67333,67448,67546,67643,67734,67835,67927,68030,
    68142,68238,68333,68389,68404,68421,68436,68452,68462,68472,68482,68492,
    68502,68512,68522,68532,68542,68553,68581,68603,68629,68653,68684,68714,
    68747,68822,68878,68925,68980,69048,69107,69161,69211,69267,69325,69377,
    69435,69496,69554,69612,69667,69731,69791,69835,69882,69945,69991,70004,
    70017,70033,70048,70057,70066,70075,70084,70093,70116,70145,70183,70214,
    70268,70353,70437,70529,70611,70691,70771,70857,70940,71019,71103,71180,
    71258,71300,71316,71335,71349,71363,71374,71385,71396,71407,71418,71435,
    71452,71475,71492,71538,71646,71744,71860,71955,72053,72147,72252,72338,
    72435,72547,72648,72748,72807,72829,72854,72873,72894,72906,72918,72930,
    72942,72954,72975,72999,73027,73078,73191,73314,73447,73558,73667,73758,
    73871,73980,74105,74223,74333,74388,74406,74424,74442,74454,74456,74458,
    74460,74462,74464,74466,74468,74470,74473,74483,74490,74496,74506,74518,
    74529,74538,74547,74556,74567,74576,74585,74594,74603,74612,74622,74632,
    74641,74651,74660,74670,74681,74686,74693,74702,74709,74711,74713,74715,
    74717,74719,74721,74723,74725,74727,74729,74731,74733,74735,74740,74746,
    74752,74757,74765,74774,74784,74793,74800,74805,74810,74815,74820,74825,
    74830,74835,74840,74845,74850,74855,74860,74865,74870,74875,74880,74883,
    74885,74887,74889,74891,74893,74895,74897,74899,74901,74903,74905,74907,
    74910,74921,74928,74935,74945,74956,74968,74977,74988,74993,74999,75005,
    75010,75015,75020,75026,75032,75038,75044,75050,75056,75062,75071,75076,
    75081,75086,75090,75092,75094,75096,75098,75100,75102,75104,75106,75108,
    75110,75112,75114,75117,75127,75134,75139,75149,75160,75170,75182,75190,
    75195,75200,75208,75215,75222,75227,75235,75240,75246,75251,75260,75270,
    75280,75293,75299,75306,75315,75323,75325,75327,75329,75331,75333,75335,
    75337,75339,75341,75343,75345,75347,75349,75354,75359,75365,75370,75375,
    75383,75391,75400,75410,75419,75428,75437,75446,75456,75465,75474,75486,
    75492,75499,75505,75513,75518,75523,75528,75533,75536,75538,75540,75542,
    75544,75546,75548,75550,75552,75554,75556,75558,75560,75562,75567,75572,
    75577,75583,75591,75598,75603,75608,75619,75631,75640,75645,75657,75668,
    75673,75679,75685,75691,75702,75711,75721,75731,75737,75743,75752,75760,
    75762,75764,75766,75768,75770,75772,75774,75776,75778,75780,75782,75784,
    75787,75798,75804,75809,75818,75832,75842,75851,75860,75867,75880,75890,
    75900,75913,75924,75934,75943,75953,75963,75972,75982,75994,76005,76011,
    76017,76026,76034,76036,76038,76040,76042,76044,76046,76048,76050,76052,
    76054,76056,76058,76060,76065,76070,76075,76081,76090,76096,76102,76108,
    76114,76120,76126,76132,76138,76143,76149,76154,76160,76165,76171,76176,
    76182,76187,76193,76198,76204,76207,76209,76211,76213,76215,76217,76219,
    76221,76223,76225,76227,76229,76231,76234,76245,76252,76257,76266,76277,
    76287,76297,76308,76317,76330,76342,76350,76357,76365,76378,76387,76397,
    76407,76417,76427,76437,76448,76453,76460,76470,76477,76479,76481,76483,
    76485,76487,76489,76491,76493,76495,76497,76499,76501,76504,76515,76522,
    76529,76539,76550,76561,76571,76580,76590,76599,76610,76621,76634,76645,
    76653,76664,76675,76680,76691,76701,76712,76724,76731,76738,76746,76753,
    76755,76757,76759,76761,76762,76763,76764,76765,76768,76775,76782,76792,
    76801,76810,76819,76829,76838,76847,76856,76866,76871,76878,76881,76882,
    76883,76884,76885,76886,76887,76888,76889,76892,76898,76903,76911,76919,
    76926,76932,76938,76944,76950,76956,76962,76968,76974,76977,76978,76979,
    76980,76981,76982,76983,76984,76985,76988,76997,77006,77017,77026,77033,
    77039,77045,77052,77059,77066,77075,77081,77086,77089,77090,77091,77092,
    77093,77094,77095,77096,77097,77100,77109,77117,77128,77138,77143,77151,
    77156,77165,77171,77180,77191,77199,77207,77210,77211,77212,77213,77214,
    77215,77216,77217,77218,77221,77226,77231,77239,77247,77256,77266,77275,
    77284,77295,77299,77307,77312,77317,77320,77321,77322,77323,77324,77325,
    77326,77327,77328,77331,77336,77342,77348,77353,77362,77370,77381,77387,
    77392,77402,77413,77422,77431,77434,77435,77436,77437,77438,77439,77440,
    77441,77442,77445,77452,77457,77466,77475,77484,77493,77504,77514,77525,
    77534,77543,77550,77557,77560,77561,77562,77563,77564,77565,77566,77567,
    77568,77571,77575,77580,77587,77592,77598,77603,77609,77614,77620,77625,
    77631,77636,77641,77644,77645,77646,77647,77648,77649,77650,77651,77652,
    77655,77663,77672,77684,77693,77704,77715,77721,77732,77742,77751,77761,
    77770,77778,77781,77782,77783,77784,77785,77786,77787,77788,77789,77792,
    77801,77810,77821,77831,77842,77851,77862,77870,77879,77889,77900,77907,
    77916,77919,77920,77921,77922,77923,
};
static const uint8_t ws_gui_alpha_rle[] = {
    0xf0,0xf0,0xf0,0xf0,0xf0,0xf0,0x10,0xf0,0xf0,0xf0,0xf0,0xf0,0xf0,0x10,0xf0,0xf0,0xf0,0xf0,0xf0,0xf0,0x10,0xf0,0xf0,0xf0,
    0xf0,0xf0,0xf0,0x10,0xf0,0xf0,0xf0,0xf0,0xf0,0xf0,0x10,0x00,0x06,0x4a,0x09,0x05,0x30,0x03,0x1a,0x02,0x40,0x03,0x07,0x19,
    0x07,0x03,0x70,0x03,0x07,0x19,0x07,0x03,0x90,0x06,0x7a,0x03,0x00,0x06,0x0a,0x08,0x10,0x03,0x4a,0x09,0x06,0x02,0x70,0x02,
    0x06,0x19,0x08,0x04,0x60,0x00,0x0a,0x6f,0x0c,0x02,0x10,0x05,0x1f,0x04,0x20,0x01,0x0a,0x5f,0x09,0x01,0x30,0x01,0x0a,0x5f,
    0x09,0x01,0x70,0x0a,0x7f,0x05,0x00,0x0a,0x0f,0x0d,0x10,0x05,0x6f,0x0e,0x07,0x50,0x07,0x0e,0x4f,0x0c,0x03,0x40,0x00,0x09,
    0x0f,0x0d,0x26,0x0a,0x1f,0x0c,0x10,0x04,0x1f,0x03,0x10,0x01,0x0b,0x1f,0x0c,0x19,0x0c,0x1f,0x0a,0x30,0x0b,0x1f,0x0c,0x19,
    0x0c,0x1f,0x0b,0x70,0x09,0x0f,0x0d,0x56,0x02,0x00,0x09,0x0f,0x0c,0x10,0x04,0x1f,0x09,0x17,0x09,0x0d,0x1f,0x09,0x30,0x07,
    0x1f,0x0d,0x19,0x0b,0x1f,0x0e,0x02,0x30,0x00,0x09,0x0f,0x0c,0x30,0x07,0x1f,0x04,0x00,0x04,0x1f,0x03,0x10,0x07,0x1f,0x07,
    0x30,0x09,0x1f,0x05,0x10,0x07,0x1f,0x07,0x30,0x08,0x1f,0x06,0x60,0x09,0x0f,0x0c,0x70,0x09,0x0f,0x0c,0x10,0x04,0x1f,0x03,
    0x20,0x01,0x09,0x1f,0x04,0x10,0x03,0x1f,0x0b,0x02,0x20,0x04,0x0e,0x0f,0x0b,0x30,0x00,0x09,0x0f,0x0c,0x30,0x03,0x1f,0x06,
    0x00,0x04,0x1f,0x03,0x00,0x01,0x0d,0x0f,0x0b,0x50,0x0c,0x0e,0x09,0x00,0x01,0x0d,0x0f,0x0a,0x50,0x0b,0x0f,0x0c,0x60,0x09,
    0x0f,0x0c,0x01,0x60,0x09,0x0f,0x0c,0x10,0x04,0x1f,0x04,0x40,0x0d,0x0f,0x0a,0x10,0x09,0x0f,0x0e,0x01,0x40,0x07,0x1f,0x03,
    0x20,0x00,0x09,0x0f,0x0c,0x30,0x03,0x1f,0x06,0x00,0x04,0x1f,0x03,0x00,0x04,0x1f,0x05,0x60,0x11,0x00,0x03,0x1f,0x05,0x50,
    0x06,0x1f,0x02,0x50,0x09,0x0f,0x0c,0x70,0x09,0x0f,0x0c,0x10,0x04,0x1f,0x03,0x40,0x08,0x0f,0x0d,0x10,0x0c,0x0f,0x0a,0x50,
    0x02,0x0e,0x0f,0x07,0x20,0x00,0x09,0x0f,0x0c,0x20,0x01,0x0a,0x1f,0x03,0x00,0x04,0x1f,0x04,0x00,0x05,0x1f,0x03,0x90,0x05,
    0x1f,0x03,0x50,0x04,0x1f,0x04,0x50,0x09,0x0f,0x0d,0x46,0x03,0x10,0x09,0x0f,0x0c,0x10,0x04,0x1f,0x03,0x40,0x06,0x0f,0x0e,
    0x11,0x0e,0x0f,0x07,0x60,0x0d,0x0f,0x09,0x20,0x00,0x09,0x0f,0x0e,0x2a,0x0d,0x1f,0x09,0x10,0x04,0x1f,0x04,0x00,0x05,0x1f,
    0x02,0x90,0x05,0x1f,0x02,0x50,0x03,0x1f,0x04,0x50,0x09,0x6f,0x0b,0x10,0x09,0x0f,0x0c,0x10,0x04,0x1f,0x03,0x40,0x06,0x0f,
    0x0e,0x11,0x0e,0x0f,0x07,0x60,0x0c,0x0f,0x09,0x20,0x00,0x09,0x5f,0x0e,0x09,0x20,0x04,0x1f,0x04,0x00,0x04,0x1f,0x04,0x90,
    0x04,0x1f,0x04,0x50,0x05,0x1f,0x03,0x50,0x09,0x0f,0x0e,0x4a,0x06,0x10,0x09,0x0f,0x0c,0x10,0x04,0x1f,0x03,0x40,0x07,0x0f,
    0x0e,0x01,0x00,0x0d,0x0f,0x08,0x50,0x01,0x0e,0x0f,0x08,0x20,0x00,0x09,0x0f,0x0d,0x25,0x04,0x02,0x30,0x04,0x1f,0x03,0x00,
    0x02,0x0e,0x0f,0x08,0x50,0x08,0x0a,0x07,0x00,0x02,0x0e,0x0f,0x08,0x50,0x09,0x0f,0x0e,0x01,0x50,0x09,0x0f,0x0c,0x70,0x09,
    0x0f,0x0c,0x10,0x04,0x1f,0x03,0x40,0x0b,0x0f,0x0b,0x10,0x0b,0x0f,0x0c,0x50,0x04,0x1f,0x05,0x20,0x00,0x09,0x0f,0x0c,0x80,
    0x04,0x1f,0x03,0x10,0x0a,0x0f,0x0e,0x03,0x30,0x05,0x1f,0x07,0x10,0x0a,0x0f,0x0e,0x03,0x30,0x04,0x0e,0x0f,0x09,0x60,0x09,
    0x0f,0x0c,0x70,0x09,0x0f,0x0c,0x10,0x04,0x1f,0x03,0x30,0x06,0x1f,0x06,0x10,0x05,0x1f,0x07,0x30,0x01,0x0c,0x0f,0x0d,0x01,
    0x20,0x00,0x09,0x0f,0x0c,0x80,0x04,0x1f,0x03,0x10,0x02,0x0e,0x0f,0x0e,0x07,0x14,0x08,0x0e,0x0f,0x0d,0x01,0x10,0x02,0x0e,
    0x0f,0x0e,0x07,0x14,0x08,0x0e,0x0f,0x0e,0x02,0x60,0x09,0x0f,0x0c,0x70,0x09,0x0f,0x0c,0x10,0x04,0x1f,0x05,0x02,0x03,0x04,
    0x09,0x1f,0x0c,0x30,0x0b,0x1f,0x0a,0x05,0x04,0x06,0x0d,0x1f,0x05,0x30,0x00,0x09,0x0f,0x0c,0x80,0x04,0x1f,0x03,0x20,0x04,
    0x0e,0x5f,0x0d,0x03,0x30,0x04,0x0d,0x5f,0x0d,0x03,0x70,0x09,0x0f,0x0c,0x70,0x09,0x0f,0x0c,0x10,0x04,0x7f,0x0b,0x02,0x30,
    0x01,0x0b,0x6f,0x07,0x40,0x00,0x08,0x0e,0x0b,0x80,0x04,0x1e,0x03,0x30,0x02,0x08,0x0c,0x0e,0x0d,0x0b,0x07,0x01,0x50,0x02,
    0x08,0x0c,0x0e,0x0d,0x0b,0x07,0x01,0x80,0x08,0x0e,0x0b,0x70,0x08,0x0e,0x0b,0x10,0x04,0x4e,0x0d,0x0b,0x06,0x70,0x06,0x0b,
    0x0d,0x0e,0x0c,0x09,0x03,0x50,0x00,0x21,0x90,0x11,0x70,0x11,0xb0,0x11,0xb0,0x21,0x70,0x21,0x20,0x41,0xc0,0x11,0x80,0xf0,
    0xf0,0xf0,0xf0,0xf0,0xf0,0x10,0xf0,0xf0,0xf0,0xf0,0xf0,0xf0,0x10,0xf0,0xf0,0xf0,0xf0,0xf0,0xf0,0x10,0xf0,0xf0,0xf0,0xf0,
    0xf0,0xf0,0x10,0xf0,0xf0,0xf0,0xf0,0xf0,0xf0,0xf0,0xf0,0x80,0xf0,0xf0,0xf0,0xf0,0xf0,0xf0,0xf0,0xf0,0x80,0xf0,0xf0,0xf0,
    0xf0,0xf0,0xf0,0xf0,0xf0,0x80,0xf0,0xf0,0xf0,0xf0,0xf0,0xf0,0xf0,0xf0,0x80,0xf0,0xf0,0xf0,0xf0,0xf0,0xf0,0xf0,0xf0,0x80,
    0xf0,0xf0,0xf0,0xf0,0xf0,0xf0,0xf0,0xf0,0x80,0xf0,0xf0,0xf0,0xf0,0xf0,0xf0,0xf0,0xf0,0x80,0xf0,0xf0,0xf0,0xf0,0xf0,0xf0,
    0xf0,0xf0,0x80,0x10,0x08,0xca,0x04,0xf0,0xf0,0xf0,0xf0,0x40,0x08,0x7a,0x09,0x06,0x03,0x60,0x05,0x2a,0x04,0x20,0x02,0x3a,
    0x05,0x80,0x07,0x2a,0x03,0x30,0x10,0x0d,0xcf,0x06,0xf0,0x50,0x03,0x24,0x01,0xf0,0xf0,0x90,0x0c,0xaf,0x0b,0x02,0x40,0x08,
    0x2f,0x07,0x20,0x03,0x3f,0x0e,0x01,0x70,0x0b,0x2f,0x04,0x30,0x10,0x0c,0xcf,0x06,0xf0,0x50,0x0b,0x2f,0x02,0xf0,0xf0,0x90,
    0x0c,0xbf,0x0e,0x03,0x30,0x07,0x0f,0x0e,0x0f,0x06,0x20,0x03,0x4f,0x0a,0x70,0x0b,0x0f,0x0e,0x0f,0x04,0x30,0x10,0x0c,0x2f,
    0x0a,0x79,0x0a,0x04,0xf0,0x50,0x0b,0x2f,0x02,0xf0,0xf0,0x90,0x0c,0x2f,0x0a,0x29,0x0a,0x0c,0x3f,0x0d,0x01,0x20,0x07,0x2f,
    0x07,0x20,0x03,0x5f,0x04,0x60,0x0b,0x2f,0x04,0x30,0x10,0x0c,0x2f,0x01,0xf0,0xf0,0x0a,0x2f,0x01,0xf0,0xf0,0x90,0x0c,0x2f,
    0x01,0x40,0x05,0x0e,0x2f,0x07,0x20,0x07,0x2f,0x07,0x20,0x03,0x5f,0x0d,0x01,0x50,0x0b,0x2f,0x04,0x30,0x10,0x0c,0x2f,0x02,
    0xc0,0x03,0x25,0x10,0x02,0x07,0x1a,0x07,0x03,0x40,0x15,0x0c,0x2f,0x06,0x15,0x01,0x40,0x01,0x05,0x08,0x0a,0x09,0x07,0x03,
    0x60,0x02,0x25,0x02,0x00,0x03,0x08,0x0a,0x07,0x90,0x0c,0x2f,0x02,0x50,0x07,0x2f,0x0c,0x20,0x07,0x2f,0x07,0x20,0x03,0x2f,
    0x0c,0x0e,0x1f,0x08,0x50,0x0b,0x2f,0x04,0x30,0x10,0x0c,0x2f,0x02,0xc0,0x0a,0x2f,0x00,0x05,0x0e,0x4f,0x09,0x20,0x01,0x8f,
    0x04,0x30,0x07,0x0e,0x5f,0x0a,0x02,0x40,0x05,0x2f,0x15,0x3f,0x01,0x80,0x0c,0x2f,0x02,0x50,0x02,0x0e,0x1f,0x0e,0x01,0x10,
    0x07,0x2f,0x07,0x20,0x03,0x2f,0x19,0x2f,0x03,0x40,0x0b,0x2f,0x04,0x30,0x10,0x0c,0x2f,0x02,0xc0,0x0a,0x1f,0x0d,0x05,0x7f,
    0x08,0x10,0x01,0x8f,0x04,0x20,0x0a,0x8f,0x0d,0x02,0x30,0x05,0x0f,0x0e,0x0f,0x08,0x0e,0x2f,0x0e,0x01,0x80,0x0c,0x2f,0x02,
    0x50,0x01,0x0e,0x1f,0x0e,0x01,0x10,0x07,0x2f,0x07,0x20,0x03,0x2f,0x0a,0x02,0x2f,0x0c,0x40,0x0b,0x2f,0x04,0x30,0x10,0x0c,
    0x2f,0x01,0xc0,0x0a,0x1f,0x0e,0x0d,0x0f,0x0b,0x09,0x0a,0x0e,0x3f,0x02,0x00,0x01,0x09,0x0a,0x0d,0x2f,0x0b,0x1a,0x03,0x10,
    0x07,0x2f,0x0e,0x08,0x05,0x06,0x0c,0x2f,0x0c,0x30,0x05,0x2f,0x0e,0x1f,0x0c,0x1b,0x01,0x80,0x0c,0x2f,0x02,0x50,0x01,0x0e,
    0x1f,0x0e,0x01,0x10,0x07,0x2f,0x07,0x20,0x03,0x2f,0x0b,0x00,0x09,0x2f,0x07,0x30,0x0b,0x2f,0x04,0x30,0x10,0x0c,0x2f,0x0a,
    0x79,0x05,0x30,0x0a,0x3f,0x05,0x20,0x03,0x0e,0x2f,0x06,0x30,0x0a,0x2f,0x01,0x30,0x02,0x2f,0x0d,0x02,0x30,0x09,0x2f,0x05,
    0x20,0x05,0x3f,0x0c,0x03,0xc0,0x0c,0x2f,0x02,0x50,0x06,0x2f,0x0c,0x20,0x07,0x2f,0x07,0x20,0x03,0x2f,0x0c,0x00,0x02,0x0e,
    0x1f,0x0e,0x02,0x20,0x0b,0x2f,0x04,0x30,0x10,0x0c,0xbf,0x0a,0x30,0x0a,0x2f,0x08,0x40,0x06,0x2f,0x09,0x30,0x0b,0x2f,0x02,
    0x30,0x07,0x2f,0x04,0x00,0x01,0x00,0x01,0x00,0x01,0x0e,0x1f,0x0a,0x20,0x05,0x2f,0x0e,0x01,0xd0,0x0c,0x2f,0x01,0x40,0x05,
    0x0e,0x2f,0x07,0x20,0x07,0x2f,0x07,0x20,0x03,0x2f,0x0c,0x10,0x07,0x2f,0x0b,0x20,0x0b,0x2f,0x04,0x30,0x10,0x0c,0xbf,0x0a,
    0x30,0x0a,0x2f,0x04,0x40,0x03,0x2f,0x0a,0x30,0x0b,0x2f,0x02,0x30,0x0b,0x1f,0x0d,0x60,0x0a,0x1f,0x0d,0x01,0x10,0x05,0x2f,
    0x09,0xe0,0x0c,0x2f,0x09,0x28,0x09,0x0c,0x3f,0x0d,0x01,0x20,0x07,0x2f,0x07,0x20,0x03,0x2f,0x0c,0x20,0x0c,0x2f,0x05,0x10,
    0x0b,0x2f,0x04,0x30,0x10,0x0c,0x2f,0x0b,0x7a,0x06,0x30,0x0a,0x2f,0x03,0x40,0x03,0x2f,0x0a,0x30,0x0b,0x2f,0x02,0x30,0x0d,
    0x1f,0x0e,0x6a,0x0d,0x1f,0x0e,0x02,0x10,0x05,0x2f,0x07,0xe0,0x0c,0xbf,0x0e,0x03,0x30,0x07,0x2f,0x07,0x20,0x03,0x2f,0x0c,
    0x20,0x04,0x2f,0x0d,0x01,0x00,0x0b,0x2f,0x04,0x30,0x10,0x0c,0x2f,0x01,0xc0,0x0a,0x2f,0x03,0x40,0x03,0x2f,0x0a,0x30,0x0b,
    0x2f,0x02,0x20,0x01,0x0e,0xdf,0x03,0x10,0x05,0x2f,0x07,0xe0,0x0c,0xaf,0x0a,0x02,0x40,0x07,0x2f,0x07,0x20,0x03,0x2f,0x0c,
    0x30,0x09,0x2f,0x09,0x00,0x0a,0x2f,0x04,0x30,0x10,0x0c,0x2f,0x02,0xc0,0x0a,0x2f,0x03,0x40,0x03,0x2f,0x0a,0x30,0x0b,0x2f,
    0x02,0x20,0x01,0x0e,0x1f,0x0e,0xad,0x03,0x10,0x05,0x2f,0x07,0xe0,0x0c,0x2f,0x0b,0x3a,0x09,0x06,0x03,0x60,0x07,0x2f,0x07,
    0x20,0x03,0x2f,0x0c,0x30,0x01,0x0d,0x2f,0x02,0x09,0x2f,0x04,0x30,0x10,0x0c,0x2f,0x02,0xc0,0x0a,0x2f,0x03,0x40,0x03,0x2f,
    0x0a,0x30,0x0b,0x2f,0x02,0x30,0x0d,0x1f,0x0c,0xa1,0x20,0x05,0x2f,0x07,0xe0,0x0c,0x2f,0x01,0xd0,0x07,0x2f,0x07,0x20,0x03,
    0x2f,0x0c,0x40,0x05,0x2f,0x09,0x08,0x2f,0x04,0x30,0x10,0x0c,0x2f,0x02,0xc0,0x0a,0x2f,0x03,0x40,0x03,0x2f,0x0a,0x30,0x0b,
    0x2f,0x02,0x30,0x0b,0x1f,0x0e,0x01,0xc0,0x05,0x2f,0x07,0xe0,0x0c,0x2f,0x02,0xd0,0x07,0x2f,0x07,0x20,0x03,0x2f,0x0c,0x50,
    0x0a,0x1f,0x0e,0x0b,0x2f,0x04,0x30,0x10,0x0c,0x2f,0x01,0xc0,0x0a,0x2f,0x03,0x40,0x03,0x2f,0x0a,0x30,0x0b,0x2f,0x02,0x30,
    0x06,0x2f,0x07,0x50,0x18,0x05,0x02,0x20,0x05,0x2f,0x07,0xe0,0x0c,0x2f,0x02,0xd0,0x07,0x2f,0x07,0x20,0x03,0x2f,0x0c,0x50,
    0x02,0x0e,0x5f,0x04,0x30,0x10,0x0c,0x2f,0x06,0x04,0x05,0x54,0x05,0x02,0x20,0x0a,0x2f,0x03,0x40,0x03,0x2f,0x0a,0x30,0x0a,
    0x2f,0x06,0x30,0x01,0x0e,0x2f,0x06,0x20,0x01,0x08,0x2f,0x0a,0x20,0x05,0x2f,0x07,0xe0,0x0c,0x2f,0x02,0xd0,0x07,0x2f,0x07,
    0x20,0x03,0x2f,0x0c,0x60,0x06,0x5f,0x04,0x30,0x10,0x0c,0xcf,0x07,0x20,0x0a,0x2f,0x03,0x40,0x03,0x2f,0x0a,0x30,0x07,0x3f,
    0x1c,0x03,0x10,0x05,0x3f,0x0d,0x1a,0x0d,0x3f,0x03,0x20,0x05,0x2f,0x07,0xe0,0x0c,0x2f,0x02,0xd0,0x07,0x2f,0x07,0x20,0x03,
    0x2f,0x0c,0x70,0x0b,0x4f,0x04,0x30,0x10,0x0c,0xcf,0x07,0x20,0x0a,0x2f,0x03,0x40,0x03,0x2f,0x0a,0x30,0x01,0x0d,0x4f,0x06,
    0x20,0x06,0x8f,0x0e,0x05,0x30,0x05,0x2f,0x08,0xe0,0x0c,0x2f,0x02,0xd0,0x07,0x2f,0x07,0x20,0x03,0x2f,0x0c,0x70,0x03,0x4f,
    0x04,0x30,0x10,0x0b,0xce,0x06,0x20,0x09,0x2e,0x03,0x40,0x03,0x2e,0x09,0x40,0x03,0x0b,0x3f,0x09,0x30,0x03,0x0a,0x0e,0x3f,
    0x0e,0x09,0x02,0x40,0x04,0x2e,0x07,0xe0,0x0b,0x2e,0x02,0xd0,0x07,0x2e,0x06,0x20,0x02,0x2e,0x0b,0x80,0x07,0x3e,0x04,0x30,
    0x10,0xd1,0x30,0x31,0x60,0x31,0x60,0x03,0x15,0x04,0x01,0x50,0x01,0x03,0x15,0x03,0x01,0x70,0x21,0xf0,0x31,0xf0,0x21,0x40,
    0x31,0x90,0x31,0x40,0xf0,0xf0,0xf0,0xf0,0xf0,0xf0,0xf0,0xf0,0x80,0xf0,0xf0,0xf0,0xf0,0xf0,0xf0,0xf0,0xf0,0x80,0xf0,0xf0,
    0xf0,0xf0,0xf0,0xf0,0xf0,0xf0,0x80,0xf0,0xf0,0xf0,0xf0,0xf0,0xf0,0xf0,0xf0,0x80,0xf0,0xf0,0xf0,0xc0,0xf0,0xf0,0xf0,0xc0,
    0xf0,0xf0,0xf0,0xc0,0xf0,0xf0,0xf0,0xc0,0x40,0x11,0x40,0x01,0x1a,0x01,0xf0,0xb0,0x03,0x0b,0x07,0xd0,0x10,0x01,0x07,0x0c,
    0x1e,0x0b,0x07,0x20,0x04,0x1f,0x05,0xf0,0xb0,0x09,0x1f,0x01,0xc0,0x00,0x01,0x0c,0x5f,0x0b,0x20,0x07,0x08,0x01,0xf0,0xb0,
    0x02,0x09,0x05,0xd0,0x00,0x08,0x0f,0x0e,0x05,0x01,0x02,0x06,0x1f,0x07,0x90,0x01,0x10,0x11,0x20,0x11,0x20,0x01,0xd0,0x11,
    0x20,0x01,0x50,0x00,0x0b,0x0f,0x09,0x30,0x07,0x0a,0x07,0x00,0x02,0x1e,0x03,0x10,0x01,0x09,0x0d,0x0e,0x0a,0x02,0x0b,0x0e,
    0x05,0x00,0x02,0x0e,0x0d,0x01,0x08,0x0d,0x0e,0x0a,0x02,0x60,0x06,0x0e,0x0b,0x10,0x0b,0x0e,0x04,0x05,0x0c,0x0e,0x0c,0x05,
    0x30,0x00,0x0a,0x0f,0x0d,0x03,0x60,0x02,0x1f,0x03,0x00,0x01,0x0c,0x1f,0x0d,0x0f,0x1d,0x0f,0x06,0x00,0x03,0x0f,0x0e,0x0b,
    0x0f,0x0e,0x1f,0x0d,0x01,0x50,0x07,0x0f,0x0c,0x10,0x0c,0x0f,0x0a,0x0f,0x0e,0x2f,0x04,0x20,0x00,0x04,0x2f,0x0b,0x07,0x03,
    0x30,0x02,0x1f,0x03,0x00,0x06,0x1f,0x06,0x00,0x01,0x0b,0x1f,0x06,0x00,0x03,0x1f,0x0c,0x02,0x01,0x07,0x1f,0x05,0x50,0x07,
    0x0f,0x0c,0x10,0x0b,0x0f,0x0e,0x05,0x01,0x04,0x0d,0x0f,0x0a,0x20,0x10,0x03,0x0b,0x0e,0x2f,0x0c,0x05,0x10,0x02,0x1f,0x03,
    0x00,0x0b,0x0f,0x0b,0x20,0x02,0x1f,0x06,0x00,0x03,0x1f,0x04,0x20,0x0d,0x0f,0x07,0x50,0x07,0x0f,0x0c,0x10,0x0b,0x0f,0x09,
    0x20,0x08,0x0f,0x0b,0x20,0x30,0x02,0x05,0x08,0x0d,0x1f,0x05,0x00,0x03,0x1f,0x03,0x00,0x0c,0x0f,0x07,0x30,0x0d,0x0f,0x06,
    0x00,0x03,0x1f,0x03,0x20,0x0c,0x0f,0x07,0x50,0x07,0x0f,0x0c,0x10,0x0b,0x0f,0x07,0x20,0x07,0x0f,0x0b,0x20,0x00,0x11,0x30,
    0x01,0x0b,0x0f,0x0b,0x00,0x02,0x1f,0x03,0x00,0x0c,0x0f,0x07,0x20,0x01,0x0d,0x0f,0x06,0x00,0x03,0x1f,0x03,0x20,0x0c,0x0f,
    0x07,0x50,0x07,0x0f,0x0c,0x10,0x0b,0x0f,0x07,0x20,0x07,0x0f,0x0b,0x20,0x02,0x1d,0x04,0x30,0x08,0x0f,0x0c,0x00,0x02,0x1f,
    0x03,0x00,0x0b,0x0f,0x0b,0x20,0x02,0x1f,0x06,0x00,0x03,0x1f,0x03,0x20,0x0c,0x0f,0x07,0x50,0x07,0x0f,0x0c,0x10,0x0b,0x0f,
    0x07,0x20,0x07,0x0f,0x0b,0x20,0x00,0x0c,0x0f,0x0d,0x04,0x01,0x02,0x06,0x0e,0x0f,0x09,0x00,0x03,0x1f,0x03,0x00,0x06,0x1f,
    0x07,0x01,0x02,0x0c,0x1f,0x06,0x00,0x03,0x1f,0x03,0x20,0x0c,0x0f,0x07,0x50,0x07,0x0f,0x0c,0x10,0x0b,0x0f,0x07,0x20,0x07,
    0x0f,0x0b,0x20,0x00,0x03,0x0e,0x5f,0x0d,0x02,0x00,0x03,0x1f,0x03,0x10,0x0b,0x3f,0x0b,0x0c,0x0f,0x06,0x00,0x03,0x1f,0x03,
    0x20,0x0c,0x0f,0x07,0x50,0x07,0x0f,0x0c,0x10,0x0c,0x0f,0x07,0x20,0x07,0x0f,0x0c,0x20,0x10,0x02,0x09,0x0c,0x1e,0x0c,0x08,
    0x01,0x10,0x02,0x1e,0x03,0x10,0x01,0x07,0x0b,0x0c,0x08,0x01,0x0c,0x0f,0x06,0x00,0x02,0x1e,0x03,0x20,0x0b,0x0e,0x06,0x50,
    0x06,0x0e,0x0b,0x10,0x0b,0x0e,0x07,0x20,0x07,0x0e,0x0b,0x20,0x40,0x11,0x50,0x11,0x80,0x0d,0x0f,0x05,0x10,0x11,0x30,0x11,
    0x70,0x11,0x10,0x11,0x40,0x11,0x20,0xf0,0x00,0x03,0x1b,0x02,0x10,0x06,0x1f,0x02,0xf0,0xf0,0x10,0xf0,0x00,0x03,0x0e,0x1f,
    0x0c,0x0d,0x1f,0x08,0xf0,0xf0,0x20,0xf0,0x10,0x02,0x08,0x0d,0x1e,0x0b,0x06,0xf0,0xf0,0x30,0xf0,0x40,0x11,0xf0,0xf0,0x50,
    0xf0,0xf0,0xf0,0xf0,0xf0,0xf0,0xf0,0xf0,0xf0,0x70,0xf0,0xf0,0xf0,0xf0,0xf0,0xf0,0xf0,0xf0,0xf0,0x70,0xf0,0xf0,0xf0,0xf0,
    0xf0,0xf0,0xf0,0xf0,0xf0,0x70,0xf0,0xf0,0xf0,0xf0,0xf0,0xf0,0xf0,0xf0,0xf0,0x70,0x50,0x11,0xf0,0xf0,0xf0,0xf0,0xf0,0x90,
    0x11,0xf0,0xd0,0x01,0x1a,0x01,0xb0,0x11,0x30,0x20,0x01,0x08,0x0c,0x1e,0x0b,0x07,0x01,0xf0,0xe0,0x01,0x15,0x01,0xf0,0xf0,
    0xf0,0x30,0x0c,0x0e,0x05,0xf0,0x60,0x01,0x15,0x01,0x10,0x04,0x1f,0x05,0xa0,0x02,0x1e,0x03,0x20,0x10,0x03,0x0d,0x5f,0x0c,
    0x01,0xf0,0xd0,0x02,0x1f,0x03,0xf0,0xf0,0xf0,0x20,0x01,0x0d,0x0f,0x05,0xf0,0x60,0x02,0x1f,0x03,0x20,0x07,0x08,0x01,0xa0,
    0x02,0x1f,0x03,0x20,0x00,0x01,0x0d,0x0f,0x0d,0x06,0x13,0x07,0x0e,0x0f,0x0a,0x20,0x11,0x10,0x01,0x40,0x01,0x90,0x01,0x40,
    0x03,0x0e,0x0f,0x04,0x01,0x40,0x01,0xd0,0x11,0x40,0x11,0x10,0x11,0x30,0x11,0x80,0x01,0x10,0x0d,0x0f,0x05,0x40,0x11,0x50,
    0x11,0x10,0x01,0x40,0x03,0x0e,0x0f,0x04,0x01,0x90,0x01,0x40,0x02,0x1f,0x03,0x20,0x00,0x07,0x0f,0x0e,0x03,0x30,0x06,0x1f,
    0x04,0x00,0x06,0x0e,0x0a,0x04,0x0c,0x0e,0x02,0x00,0x02,0x09,0x0d,0x0e,0x0c,0x08,0x01,0x30,0x05,0x0b,0x1e,0x0c,0x07,0x10,
    0x07,0x3f,0x0e,0x02,0x10,0x07,0x0c,0x0e,0x0d,0x0a,0x03,0x80,0x04,0x0a,0x1e,0x0c,0x06,0x20,0x0b,0x0e,0x05,0x06,0x0d,0x0b,
    0x10,0x04,0x0b,0x1e,0x0b,0x05,0x30,0x01,0x09,0x0d,0x0e,0x0a,0x02,0x0d,0x0f,0x05,0x20,0x04,0x0b,0x1e,0x0b,0x05,0x20,0x06,
    0x0e,0x09,0x02,0x0b,0x0e,0x0d,0x08,0x01,0x00,0x07,0x3f,0x0e,0x01,0x02,0x1e,0x03,0x10,0x02,0x09,0x0d,0x0f,0x0d,0x09,0x01,
    0x10,0x02,0x1f,0x03,0x20,0x00,0x0c,0x0f,0x09,0x50,0x16,0x03,0x00,0x07,0x0f,0x0c,0x0e,0x1f,0x12,0x0d,0x0f,0x0e,0x0c,0x1f,
    0x0b,0x01,0x10,0x07,0x1f,0x0d,0x0c,0x1f,0x08,0x00,0x06,0x0c,0x1f,0x0d,0x0b,0x02,0x00,0x0a,0x1f,0x0c,0x0e,0x0f,0x0e,0x03,
    0x60,0x05,0x1f,0x0e,0x0d,0x1f,0x09,0x10,0x0c,0x0f,0x0c,0x1f,0x0c,0x00,0x05,0x1f,0x1d,0x1f,0x07,0x10,0x01,0x0c,0x1f,0x0d,
    0x0f,0x1d,0x0f,0x05,0x10,0x05,0x1f,0x1d,0x1f,0x07,0x10,0x07,0x0f,0x0b,0x0d,0x3f,0x09,0x00,0x06,0x0c,0x1f,0x0d,0x0c,0x01,
    0x02,0x1f,0x03,0x00,0x03,0x0e,0x0f,0x0e,0x0c,0x1f,0x0c,0x01,0x00,0x02,0x1f,0x03,0x20,0x01,0x0e,0x0f,0x05,0x90,0x07,0x1f,
    0x0a,0x03,0x02,0x00,0x0a,0x0f,0x0a,0x01,0x00,0x02,0x0c,0x0f,0x06,0x10,0x09,0x0d,0x07,0x10,0x06,0x0f,0x0e,0x01,0x00,0x02,
    0x1f,0x03,0x10,0x05,0x0f,0x0d,0x03,0x00,0x01,0x09,0x0f,0x0b,0x50,0x01,0x0e,0x0f,0x09,0x01,0x00,0x06,0x1f,0x03,0x00,0x0c,
    0x1f,0x07,0x12,0x01,0x0e,0x0f,0x06,0x10,0x05,0x1f,0x02,0x00,0x06,0x1f,0x06,0x00,0x01,0x0b,0x1f,0x05,0x00,0x01,0x0e,0x0f,
    0x06,0x10,0x05,0x1f,0x02,0x00,0x07,0x1f,0x09,0x01,0x02,0x0b,0x0f,0x0e,0x01,0x00,0x02,0x1f,0x03,0x10,0x02,0x1f,0x03,0x00,
    0x06,0x0d,0x0a,0x01,0x00,0x02,0x0d,0x0f,0x05,0x00,0x03,0x1f,0x03,0x20,0x02,0x0e,0x0f,0x04,0x90,0x07,0x0f,0x0d,0x20,0x01,
    0x0e,0x0f,0x03,0x00,0x01,0x00,0x07,0x0f,0x0b,0x50,0x01,0x05,0x1f,0x02,0x00,0x02,0x1f,0x03,0x10,0x0a,0x0f,0x08,0x00,0x01,
    0x00,0x03,0x1e,0x02,0x40,0x05,0x0f,0x0e,0x01,0x20,0x05,0x04,0x01,0x00,0x0b,0x0f,0x09,0x20,0x05,0x0f,0x0c,0x00,0x11,0x00,
    0x0b,0x0f,0x06,0x00,0x0b,0x0f,0x0a,0x20,0x02,0x1f,0x06,0x00,0x06,0x0f,0x0c,0x00,0x11,0x00,0x0b,0x0f,0x06,0x00,0x07,0x0f,
    0x0d,0x20,0x04,0x1f,0x02,0x00,0x02,0x1f,0x03,0x10,0x02,0x1f,0x03,0x50,0x02,0x0d,0x0f,0x07,0x00,0x03,0x1f,0x03,0x20,0x01,
    0x0e,0x0f,0x05,0x90,0x07,0x0f,0x0c,0x20,0x03,0x7f,0x0d,0x10,0x01,0x06,0x0b,0x0d,0x3f,0x02,0x00,0x02,0x1f,0x03,0x10,0x0c,
    0x7f,0x04,0x40,0x08,0x0f,0x0c,0x70,0x0b,0x0f,0x07,0x00,0x01,0x00,0x08,0x7f,0x09,0x00,0x0c,0x0f,0x07,0x20,0x01,0x0d,0x0f,
    0x05,0x00,0x08,0x7f,0x09,0x00,0x07,0x0f,0x0c,0x20,0x03,0x1f,0x03,0x00,0x02,0x1f,0x03,0x10,0x02,0x1f,0x03,0x10,0x04,0x09,
    0x0c,0x0e,0x2f,0x07,0x00,0x03,0x1f,0x03,0x20,0x00,0x0c,0x0f,0x09,0x50,0x16,0x03,0x00,0x07,0x0f,0x0c,0x20,0x03,0x1f,0x39,
    0x18,0x07,0x00,0x01,0x0b,0x1f,0x0b,0x08,0x07,0x1f,0x02,0x00,0x02,0x1f,0x03,0x10,0x0c,0x0f,0x0b,0x39,0x18,0x02,0x40,0x08,
    0x0f,0x0c,0x70,0x0b,0x0f,0x07,0x20,0x08,0x0f,0x0d,0x39,0x08,0x09,0x05,0x00,0x0c,0x0f,0x07,0x30,0x0d,0x0f,0x05,0x00,0x08,
    0x0f,0x0d,0x39,0x08,0x09,0x05,0x00,0x07,0x0f,0x0c,0x20,0x03,0x1f,0x03,0x00,0x02,0x1f,0x03,0x10,0x02,0x1f,0x03,0x00,0x07,
    0x1f,0x0c,0x09,0x06,0x0c,0x0f,0x07,0x00,0x03,0x1f,0x03,0x20,0x00,0x07,0x0f,0x0e,0x03,0x30,0x06,0x1f,0x04,0x00,0x07,0x0f,
    0x0c,0x20,0x01,0x0e,0x0f,0x03,0x60,0x04,0x0f,0x0e,0x02,0x10,0x02,0x1f,0x02,0x00,0x02,0x1f,0x03,0x10,0x0a,0x0f,0x08,0xb0,
    0x05,0x0f,0x0e,0x01,0x20,0x06,0x05,0x01,0x00,0x0b,0x0f,0x07,0x20,0x05,0x0f,0x0d,0x70,0x0b,0x0f,0x0b,0x20,0x02,0x1f,0x06,
    0x00,0x06,0x0f,0x0d,0x70,0x07,0x0f,0x0c,0x20,0x03,0x1f,0x03,0x00,0x02,0x1f,0x03,0x10,0x02,0x1f,0x03,0x00,0x0e,0x0f,0x06,
    0x20,0x0c,0x0f,0x07,0x00,0x03,0x1f,0x03,0x20,0x00,0x01,0x0d,0x0f,0x0d,0x06,0x13,0x07,0x0e,0x0f,0x0a,0x10,0x07,0x0f,0x0c,
    0x30,0x0a,0x0f,0x0b,0x02,0x00,0x01,0x0a,0x0d,0x07,0x00,0x05,0x0f,0x0e,0x01,0x00,0x01,0x0a,0x0f,0x0e,0x02,0x00,0x02,0x1f,
    0x05,0x10,0x05,0x0f,0x0e,0x04,0x10,0x07,0x0e,0x0a,0x01,0x40,0x01,0x0e,0x0f,0x09,0x01,0x00,0x06,0x1f,0x03,0x00,0x0b,0x0f,
    0x07,0x20,0x01,0x0e,0x0f,0x08,0x01,0x00,0x03,0x1d,0x03,0x00,0x07,0x1f,0x06,0x00,0x01,0x0b,0x1f,0x05,0x00,0x02,0x0e,0x0f,
    0x08,0x01,0x00,0x03,0x1d,0x03,0x00,0x07,0x0f,0x0c,0x20,0x03,0x1f,0x03,0x00,0x02,0x1f,0x05,0x10,0x02,0x1f,0x03,0x00,0x0e,
    0x0f,0x05,0x10,0x06,0x1f,0x07,0x00,0x03,0x1f,0x03,0x20,0x10,0x03,0x0d,0x5f,0x0b,0x01,0x10,0x07,0x0f,0x0c,0x30,0x02,0x0d,
    0x0f,0x0e,0x0c,0x0e,0x1f,0x04,0x00,0x01,0x0d,0x0f,0x0e,0x0b,0x0e,0x0d,0x1f,0x02,0x10,0x0c,0x0f,0x0e,0x0d,0x02,0x00,0x0a,
    0x1f,0x0c,0x0d,0x1f,0x08,0x60,0x05,0x1f,0x0e,0x0d,0x1f,0x08,0x10,0x0b,0x0f,0x07,0x30,0x05,0x1f,0x0d,0x0c,0x1f,0x0c,0x01,
    0x00,0x01,0x0c,0x1f,0x0d,0x0f,0x1d,0x0f,0x05,0x10,0x05,0x1f,0x0d,0x0c,0x1f,0x0c,0x01,0x00,0x07,0x0f,0x0c,0x20,0x03,0x1f,
    0x03,0x10,0x0c,0x0f,0x0e,0x0d,0x12,0x1f,0x03,0x00,0x09,0x1f,0x0b,0x0c,0x0e,0x0d,0x0f,0x07,0x00,0x03,0x1f,0x03,0x20,0x20,
    0x01,0x08,0x0c,0x1e,0x0b,0x06,0x30,0x06,0x0e,0x0b,0x40,0x02,0x09,0x0d,0x0f,0x0d,0x09,0x02,0x20,0x03,0x0b,0x1e,0x0a,0x03,
    0x0d,0x0e,0x02,0x10,0x03,0x0b,0x1e,0x04,0x10,0x07,0x0c,0x1e,0x0b,0x05,0x80,0x04,0x0a,0x1e,0x0c,0x06,0x20,0x0b,0x0e,0x07,
    0x40,0x04,0x0a,0x0e,0x0f,0x0c,0x07,0x01,0x20,0x01,0x09,0x0d,0x0e,0x0a,0x02,0x0b,0x0e,0x05,0x20,0x04,0x0a,0x0e,0x0f,0x0c,
    0x07,0x01,0x10,0x06,0x0e,0x0b,0x20,0x03,0x1e,0x02,0x10,0x03,0x0b,0x1e,0x03,0x02,0x1e,0x03,0x00,0x01,0x09,0x0d,0x0f,0x0c,
    0x04,0x09,0x0e,0x06,0x00,0x02,0x1e,0x03,0x20,0x50,0x11,0x60,0x11,0x70,0x01,0x70,0x01,0x20,0x11,0x40,0x11,0x40,0x11,0xc0,
    0x11,0x40,0x11,0x70,0x11,0x80,0x01,0x10,0x11,0x50,0x11,0x50,0x11,0x30,0x11,0x40,0x11,0x10,0x11,0x40,0x01,0x10,0x11,0x20,
    0x11,0x30,0xf0,0xf0,0xf0,0xf0,0xf0,0xf0,0xf0,0xf0,0xf0,0x70,0xf0,0xf0,0xf0,0xf0,0xf0,0xf0,0xf0,0xf0,0xf0,0x70,0xf0,0xf0,
    0xf0,0xf0,0xf0,0xf0,0xf0,0xf0,0xf0,0x70,0xf0,0xf0,0xf0,0xf0,0xf0,0xf0,0xf0,0xf0,0xf0,0x70,0xf0,0xf0,0xf0,0xf0,0xf0,0xf0,
    0xf0,0xf0,0xf0,0x20,0xf0,0xf0,0xf0,0xf0,0xf0,0xf0,0xf0,0xf0,0xf0,0x20,0xf0,0xf0,0xf0,0xf0,0xf0,0xf0,0xf0,0xf0,0xf0,0x20,
    0xf0,0xf0,0xf0,0xf0,0xf0,0xf0,0xf0,0xf0,0xf0,0x20,0x00,0x51,0xf0,0xa0,0x03,0x0b,0x07,0xf0,0xf0,0xb0,0x09,0x0a,0x01,0xd0,
    0x01,0x1a,0x01,0xf0,0xb0,0x03,0x0b,0x07,0xd0,0x00,0x09,0x4e,0x0c,0x08,0x01,0xf0,0x70,0x09,0x1f,0x01,0xa0,0x02,0x05,0x04,
    0xf0,0xb0,0x02,0x0f,0x0e,0xe0,0x04,0x1f,0x05,0xf0,0xb0,0x09,0x1f,0x01,0xc0,0x00,0x0a,0x1f,0x2e,0x1f,0x0c,0x01,0xf0,0x60,
    0x02,0x09,0x05,0xb0,0x06,0x0f,0x0d,0xf0,0xb0,0x06,0x0f,0x09,0xf0,0x07,0x08,0x01,0xf0,0xb0,0x02,0x09,0x05,0xd0,0x00,0x0a,
    0x0f,0x0a,0x21,0x06,0x0e,0x0f,0x08,0x40,0x11,0x70,0x01,0x20,0x11,0x90,0x11,0x30,0x01,0x07,0x0f,0x0c,0x11,0x40,0x01,0x50,
    0x11,0x10,0x11,0x70,0x0a,0x0f,0x05,0x80,0x11,0xc0,0x01,0x10,0x11,0x20,0x11,0x20,0x01,0xd0,0x11,0x20,0x01,0x50,0x00,0x0a,
    0x0f,0x0a,0x30,0x0a,0x0f,0x0b,0x20,0x04,0x0b,0x1e,0x0b,0x05,0x30,0x03,0x0b,0x1e,0x07,0x03,0x0e,0x0d,0x01,0x00,0x06,0x0e,
    0x0b,0x20,0x06,0x0c,0x1e,0x0c,0x06,0x10,0x0c,0x3f,0x0b,0x20,0x07,0x0c,0x0e,0x0d,0x0a,0x03,0x20,0x0b,0x0e,0x05,0x06,0x0d,
    0x0b,0x60,0x01,0x0e,0x0f,0x02,0x60,0x06,0x0c,0x1e,0x0c,0x05,0x10,0x02,0x1e,0x03,0x10,0x01,0x09,0x0d,0x0e,0x0a,0x02,0x0b,
    0x0e,0x05,0x00,0x02,0x0e,0x0d,0x01,0x08,0x0d,0x0e,0x0a,0x02,0x60,0x06,0x0e,0x0b,0x10,0x0b,0x0e,0x04,0x05,0x0c,0x0e,0x0c,
    0x05,0x30,0x00,0x0a,0x0f,0x0a,0x00,0x01,0x10,0x09,0x0f,0x0b,0x10,0x05,0x1f,0x1d,0x1f,0x07,0x10,0x03,0x2f,0x0d,0x0f,0x0c,
    0x1f,0x02,0x00,0x07,0x0f,0x0c,0x10,0x07,0x1f,0x1c,0x1f,0x07,0x00,0x09,0x0d,0x0f,0x0e,0x0c,0x09,0x10,0x0a,0x1f,0x0c,0x0e,
    0x0f,0x0e,0x03,0x10,0x0c,0x0f,0x0c,0x1f,0x0b,0x60,0x03,0x0f,0x0c,0x60,0x07,0x1f,0x1c,0x1f,0x07,0x00,0x03,0x1f,0x03,0x00,
    0x01,0x0c,0x1f,0x0d,0x0f,0x1d,0x0f,0x06,0x00,0x03,0x0f,0x0e,0x0b,0x0f,0x0e,0x1f,0x0d,0x01,0x50,0x07,0x0f,0x0c,0x10,0x0c,
    0x0f,0x0a,0x0f,0x0e,0x2f,0x04,0x20,0x00,0x0a,0x0f,0x09,0x20,0x02,0x0d,0x0f,0x09,0x00,0x01,0x0e,0x0f,0x06,0x10,0x05,0x1f,
    0x02,0x00,0x0b,0x0f,0x0d,0x03,0x00,0x03,0x0e,0x0f,0x0e,0x02,0x00,0x07,0x0f,0x0c,0x10,0x0d,0x0f,0x07,0x10,0x06,0x0c,0x08,
    0x10,0x06,0x0f,0x0c,0x20,0x05,0x0f,0x0d,0x03,0x00,0x01,0x09,0x0f,0x0b,0x10,0x0b,0x1f,0x07,0x12,0x60,0x07,0x0f,0x08,0x60,
    0x0d,0x0f,0x07,0x10,0x06,0x0c,0x08,0x00,0x02,0x1f,0x03,0x00,0x06,0x1f,0x06,0x00,0x01,0x0b,0x1f,0x06,0x00,0x03,0x1f,0x0c,
    0x02,0x01,0x07,0x1f,0x05,0x50,0x07,0x0f,0x0c,0x10,0x0b,0x0f,0x0e,0x05,0x01,0x04,0x0d,0x0f,0x0a,0x20,0x00,0x0a,0x0f,0x0d,
    0x1a,0x0b,0x0e,0x1f,0x03,0x00,0x06,0x0f,0x0c,0x00,0x11,0x00,0x0b,0x0f,0x06,0x01,0x0e,0x0f,0x06,0x20,0x07,0x0f,0x0e,0x02,
    0x00,0x07,0x0f,0x0c,0x10,0x0d,0x0f,0x0a,0x02,0x50,0x06,0x0f,0x0c,0x20,0x0a,0x0f,0x08,0x00,0x01,0x00,0x03,0x1e,0x02,0x00,
    0x0b,0x0f,0x09,0x90,0x0b,0x0f,0x04,0x60,0x0d,0x0f,0x0a,0x02,0x40,0x02,0x1f,0x03,0x00,0x0b,0x0f,0x0b,0x20,0x02,0x1f,0x06,
    0x00,0x03,0x1f,0x04,0x20,0x0d,0x0f,0x07,0x50,0x07,0x0f,0x0c,0x10,0x0b,0x0f,0x09,0x20,0x08,0x0f,0x0b,0x20,0x00,0x0a,0x5f,
    0x0d,0x04,0x10,0x08,0x7f,0x08,0x02,0x1f,0x03,0x20,0x04,0x0f,0x0e,0x02,0x00,0x07,0x0f,0x0c,0x10,0x06,0x2f,0x0d,0x0a,0x05,
    0x20,0x06,0x0f,0x0c,0x20,0x0c,0x7f,0x04,0x00,0x0b,0x0f,0x07,0x80,0x01,0x1e,0x01,0x60,0x06,0x2f,0x0d,0x0a,0x05,0x10,0x02,
    0x1f,0x03,0x00,0x0c,0x0f,0x07,0x30,0x0d,0x0f,0x06,0x00,0x03,0x1f,0x03,0x20,0x0c,0x0f,0x07,0x50,0x07,0x0f,0x0c,0x10,0x0b,
    0x0f,0x07,0x20,0x07,0x0f,0x0b,0x20,0x00,0x0a,0x0f,0x0b,0x14,0x0b,0x0f,0x0b,0x20,0x08,0x0f,0x0d,0x39,0x08,0x09,0x04,0x03,
    0x1f,0x03,0x20,0x04,0x0f,0x0e,0x02,0x00,0x07,0x0f,0x0c,0x20,0x03,0x08,0x0c,0x2f,0x09,0x10,0x06,0x0f,0x0c,0x20,0x0c,0x0f,
    0x0b,0x39,0x08,0x09,0x02,0x00,0x0b,0x0f,0x07,0x80,0x04,0x0f,0x0a,0x80,0x03,0x08,0x0c,0x2f,0x0a,0x00,0x02,0x1f,0x03,0x00,
    0x0c,0x0f,0x07,0x20,0x01,0x0d,0x0f,0x06,0x00,0x03,0x1f,0x03,0x20,0x0c,0x0f,0x07,0x50,0x07,0x0f,0x0c,0x10,0x0b,0x0f,0x07,
    0x20,0x07,0x0f,0x0b,0x20,0x00,0x0a,0x0f,0x09,0x10,0x04,0x1f,0x06,0x10,0x05,0x0f,0x0d,0x60,0x02,0x0e,0x0f,0x06,0x20,0x07,
    0x0f,0x0e,0x02,0x00,0x07,0x0f,0x0c,0x20,0x01,0x10,0x01,0x08,0x1f,0x02,0x00,0x06,0x0f,0x0c,0x20,0x0a,0x0f,0x08,0x70,0x0b,
    0x0f,0x07,0x80,0x08,0x0f,0x07,0x80,0x01,0x10,0x01,0x08,0x1f,0x12,0x1f,0x03,0x00,0x0b,0x0f,0x0b,0x20,0x02,0x1f,0x06,0x00,
    0x03,0x1f,0x03,0x20,0x0c,0x0f,0x07,0x50,0x07,0x0f,0x0c,0x10,0x0b,0x0f,0x07,0x20,0x07,0x0f,0x0b,0x20,0x00,0x0a,0x0f,0x0a,
    0x00,0x01,0x00,0x0a,0x0f,0x0d,0x01,0x00,0x01,0x0e,0x0f,0x08,0x01,0x00,0x03,0x1d,0x03,0x00,0x0b,0x0f,0x0d,0x04,0x01,0x04,
    0x0e,0x0f,0x0e,0x02,0x00,0x07,0x0f,0x0c,0x00,0x02,0x0d,0x0e,0x05,0x10,0x05,0x0f,0x0e,0x02,0x00,0x06,0x0f,0x0d,0x01,0x10,
    0x05,0x0f,0x0e,0x04,0x10,0x07,0x0e,0x0a,0x01,0x00,0x0b,0x0f,0x07,0x80,0x0c,0x0f,0x03,0x60,0x02,0x0d,0x0e,0x05,0x10,0x05,
    0x1f,0x01,0x02,0x1f,0x03,0x00,0x06,0x1f,0x07,0x01,0x02,0x0c,0x1f,0x06,0x00,0x03,0x1f,0x03,0x20,0x0c,0x0f,0x07,0x50,0x07,
    0x0f,0x0c,0x10,0x0b,0x0f,0x07,0x20,0x07,0x0f,0x0b,0x20,0x00,0x0a,0x0f,0x0a,0x20,0x02,0x1f,0x07,0x10,0x05,0x1f,0x0d,0x0c,
    0x1f,0x0c,0x01,0x00,0x03,0x0e,0x3f,0x0a,0x0f,0x0e,0x02,0x00,0x07,0x0f,0x0c,0x10,0x0a,0x1f,0x1c,0x1f,0x08,0x10,0x03,0x1f,
    0x0e,0x0a,0x10,0x0a,0x1f,0x0c,0x0d,0x1f,0x08,0x10,0x0b,0x0f,0x07,0x70,0x02,0x0f,0x0d,0x80,0x0a,0x1f,0x1c,0x1f,0x08,0x00,
    0x03,0x1f,0x03,0x10,0x0b,0x3f,0x0b,0x0c,0x0f,0x06,0x00,0x03,0x1f,0x03,0x20,0x0c,0x0f,0x07,0x50,0x07,0x0f,0x0c,0x10,0x0c,
    0x0f,0x07,0x20,0x07,0x0f,0x0c,0x20,0x00,0x09,0x0e,0x09,0x30,0x08,0x0e,0x0d,0x01,0x10,0x04,0x0a,0x0e,0x0f,0x0c,0x07,0x01,
    0x20,0x02,0x08,0x1b,0x05,0x03,0x0f,0x0e,0x02,0x00,0x06,0x0e,0x0b,0x20,0x07,0x0c,0x1e,0x0c,0x06,0x30,0x06,0x0c,0x0e,0x0c,
    0x20,0x07,0x0c,0x1e,0x0b,0x05,0x20,0x0b,0x0e,0x07,0x70,0x05,0x0f,0x09,0x90,0x07,0x0c,0x1e,0x0c,0x06,0x10,0x02,0x1e,0x03,
    0x10,0x01,0x07,0x0b,0x0c,0x08,0x01,0x0c,0x0f,0x06,0x00,0x02,0x1e,0x03,0x20,0x0b,0x0e,0x06,0x50,0x06,0x0e,0x0b,0x10,0x0b,
    0x0e,0x07,0x20,0x07,0x0e,0x0b,0x20,0x00,0x21,0x40,0x11,0x40,0x11,0xa0,0x04,0x0f,0x0e,0x01,0x10,0x11,0x40,0x11,0x70,0x01,
    0x50,0x11,0x40,0x11,0x80,0x09,0x0f,0x05,0xb0,0x11,0x40,0x11,0x80,0x0d,0x0f,0x05,0x10,0x11,0x30,0x11,0x70,0x11,0x10,0x11,
    0x40,0x11,0x20,0xf0,0x60,0x06,0x0c,0x08,0x10,0x01,0x0a,0x0f,0x0b,0xf0,0xf0,0xc0,0x0c,0x0e,0x02,0xf0,0x60,0x03,0x1b,0x02,
    0x10,0x06,0x1f,0x02,0xf0,0xf0,0x10,0xf0,0x60,0x06,0x1f,0x0d,0x0b,0x0e,0x1f,0x04,0xf0,0xf0,0xc0,0x11,0xf0,0x70,0x03,0x0e,
    0x1f,0x0c,0x0d,0x1f,0x08,0xf0,0xf0,0x20,0xf0,0x70,0x04,0x0a,0x0d,0x0e,0x0d,0x0a,0x03,0xf0,0xf0,0xf0,0xf0,0x80,0x02,0x08,
    0x0d,0x1e,0x0b,0x06,0xf0,0xf0,0x30,0xf0,0x90,0x11,0xf0,0xf0,0xf0,0xf0,0xe0,0x11,0xf0,0xf0,0x50,0xf0,0xf0,0xf0,0xf0,0xf0,
    0xf0,0xf0,0xf0,0xf0,0xf0,0xd0,0xf0,0xf0,0xf0,0xf0,0xf0,0xf0,0xf0,0xf0,0xf0,0xf0,0xd0,0xf0,0xf0,0xf0,0xf0,0xf0,0xf0,0xf0,
    0xf0,0xf0,0xf0,0xd0,0xf0,0xf0,0xf0,0xf0,0xf0,0xf0,0xf0,0xf0,0xf0,0xf0,0xd0,0x00,0x31,0x60,0x21,0xf0,0xf0,0xf0,0xf0,0xf0,
    0xe0,0x21,0xf0,0xd0,0x07,0x0b,0x04,0xb0,0x11,0xd0,0x00,0x09,0x1e,0x0d,0x01,0x40,0x06,0x2e,0x04,0xf0,0xf0,0xf0,0xf0,0xf0,
    0xd0,0x08,0x0e,0x09,0xf0,0x70,0x04,0x05,0x03,0x20,0x0e,0x0f,0x0a,0xb0,0x0b,0x0e,0x07,0xc0,0x00,0x0a,0x2f,0x06,0x40,0x0c,
    0x2f,0x04,0xf0,0xf0,0xf0,0xf0,0xf0,0xd0,0x09,0x0f,0x0a,0xf0,0x70,0x0c,0x0f,0x08,0x20,0x05,0x09,0x02,0xb0,0x0b,0x0f,0x07,
    0xc0,0x00,0x0a,0x0f,0x0d,0x0f,0x0b,0x30,0x03,0x0f,0x1e,0x0f,0x04,0x40,0x11,0x40,0x11,0x20,0x01,0x80,0x01,0x80,0x01,0x10,
    0x11,0x50,0x11,0xc0,0x11,0x50,0x11,0x10,0x01,0x40,0x01,0x80,0x01,0x10,0x09,0x0f,0x0a,0x50,0x01,0x50,0x11,0x10,0x01,0x40,
    0x01,0x0b,0x0f,0x08,0x11,0x80,0x11,0x40,0x0b,0x0f,0x07,0x40,0x01,0x60,0x00,0x0a,0x0f,0x0a,0x0e,0x0f,0x03,0x20,0x08,0x0f,
    0x0a,0x0d,0x0f,0x04,0x20,0x07,0x0c,0x1e,0x0b,0x04,0x20,0x0b,0x0e,0x04,0x05,0x0c,0x0e,0x0c,0x05,0x30,0x05,0x0b,0x1e,0x0c,
    0x07,0x30,0x01,0x09,0x0d,0x0e,0x0a,0x02,0x0b,0x0e,0x05,0x20,0x04,0x0b,0x1e,0x0b,0x05,0x80,0x04,0x0a,0x1e,0x0c,0x06,0x20,
    0x06,0x0e,0x0a,0x04,0x0c,0x0e,0x02,0x00,0x02,0x09,0x0d,0x0e,0x0c,0x08,0x01,0x30,0x06,0x0c,0x0e,0x0c,0x04,0x08,0x0f,0x0a,
    0x20,0x02,0x09,0x0d,0x0e,0x0c,0x08,0x01,0x10,0x06,0x0e,0x09,0x02,0x0b,0x0e,0x0d,0x08,0x10,0x03,0x4f,0x06,0x00,0x0b,0x0e,
    0x07,0x20,0x07,0x0c,0x1e,0x0b,0x04,0x20,0x0b,0x0f,0x07,0x10,0x01,0x08,0x0d,0x0f,0x0e,0x0a,0x03,0x30,0x00,0x0a,0x0f,0x08,
    0x0a,0x0f,0x08,0x20,0x0d,0x0f,0x06,0x0d,0x0f,0x04,0x00,0x01,0x0b,0x1f,0x0c,0x0d,0x1f,0x04,0x10,0x0c,0x0f,0x0a,0x0f,0x0e,
    0x2f,0x04,0x10,0x07,0x1f,0x0d,0x0c,0x1f,0x08,0x10,0x01,0x0c,0x1f,0x0d,0x0f,0x1d,0x0f,0x06,0x10,0x05,0x1f,0x1d,0x1f,0x07,
    0x60,0x05,0x1f,0x0e,0x0d,0x1f,0x09,0x10,0x07,0x0f,0x0c,0x0e,0x1f,0x12,0x0d,0x0f,0x0e,0x0c,0x1f,0x0b,0x01,0x10,0x07,0x1f,
    0x1e,0x0f,0x0c,0x0f,0x0a,0x10,0x02,0x0d,0x0f,0x0e,0x0c,0x1f,0x0b,0x01,0x00,0x07,0x0f,0x0b,0x0d,0x3f,0x08,0x00,0x02,0x0c,
    0x0e,0x0f,0x0d,0x0c,0x05,0x00,0x0c,0x0f,0x07,0x00,0x01,0x0b,0x1f,0x0c,0x0d,0x1f,0x04,0x10,0x0b,0x0f,0x07,0x00,0x01,0x0c,
    0x1f,0x0b,0x0d,0x1f,0x03,0x20,0x00,0x0a,0x0f,0x08,0x06,0x0f,0x0d,0x01,0x00,0x04,0x0f,0x0e,0x03,0x0e,0x0f,0x04,0x00,0x03,
    0x1c,0x03,0x10,0x0a,0x0f,0x0a,0x10,0x0b,0x0f,0x0e,0x05,0x01,0x04,0x0d,0x0f,0x0a,0x10,0x09,0x0d,0x07,0x10,0x06,0x0f,0x0e,
    0x01,0x00,0x06,0x1f,0x06,0x00,0x01,0x0b,0x1f,0x06,0x00,0x01,0x0e,0x0f,0x06,0x10,0x05,0x1f,0x02,0x40,0x01,0x0e,0x0f,0x09,
    0x01,0x00,0x06,0x1f,0x03,0x00,0x07,0x1f,0x0a,0x03,0x02,0x00,0x0a,0x0f,0x0a,0x01,0x00,0x02,0x0c,0x0f,0x06,0x00,0x02,0x1f,
    0x09,0x01,0x00,0x07,0x1f,0x0a,0x10,0x0a,0x0f,0x0a,0x01,0x00,0x02,0x0c,0x0f,0x07,0x00,0x07,0x1f,0x09,0x01,0x02,0x0b,0x0f,
    0x0e,0x01,0x10,0x0b,0x0f,0x08,0x20,0x0b,0x0f,0x07,0x00,0x03,0x1c,0x03,0x10,0x0a,0x0f,0x0a,0x10,0x0b,0x0f,0x07,0x00,0x04,
    0x0f,0x0e,0x02,0x10,0x09,0x0b,0x04,0x20,0x00,0x0a,0x0f,0x09,0x01,0x1f,0x04,0x00,0x09,0x0f,0x0a,0x01,0x0e,0x0f,0x04,0x50,
    0x01,0x09,0x0f,0x0b,0x10,0x0b,0x0f,0x09,0x20,0x08,0x0f,0x0b,0x50,0x01,0x05,0x1f,0x02,0x00,0x0b,0x0f,0x0b,0x20,0x02,0x1f,
    0x06,0x00,0x06,0x0f,0x0c,0x00,0x11,0x00,0x0b,0x0f,0x06,0x40,0x05,0x0f,0x0e,0x01,0x20,0x05,0x04,0x01,0x00,0x07,0x0f,0x0d,
    0x20,0x01,0x0e,0x0f,0x03,0x00,0x01,0x00,0x07,0x0f,0x0b,0x00,0x06,0x0f,0x0e,0x01,0x20,0x0c,0x0f,0x0a,0x00,0x01,0x0e,0x0f,
    0x03,0x00,0x01,0x00,0x07,0x0f,0x0b,0x00,0x07,0x0f,0x0d,0x20,0x04,0x1f,0x02,0x10,0x0b,0x0f,0x08,0x20,0x0b,0x0f,0x07,0x50,
    0x01,0x09,0x0f,0x0b,0x10,0x0b,0x0f,0x07,0x00,0x04,0x1f,0x06,0x01,0x60,0x00,0x0a,0x0f,0x09,0x00,0x0b,0x0f,0x08,0x00,0x0e,
    0x0f,0x04,0x01,0x0e,0x0f,0x04,0x10,0x02,0x08,0x0b,0x0e,0x2f,0x0b,0x10,0x0b,0x0f,0x07,0x20,0x07,0x0f,0x0b,0x10,0x01,0x06,
    0x0b,0x0d,0x3f,0x02,0x00,0x0c,0x0f,0x07,0x30,0x0d,0x0f,0x06,0x00,0x08,0x7f,0x09,0x40,0x08,0x0f,0x0c,0x70,0x07,0x0f,0x0c,
    0x20,0x03,0x7f,0x0e,0x00,0x08,0x0f,0x0c,0x30,0x09,0x0f,0x0a,0x00,0x03,0x7f,0x0e,0x00,0x07,0x0f,0x0c,0x20,0x03,0x1f,0x02,
    0x10,0x0b,0x0f,0x08,0x20,0x0b,0x0f,0x07,0x10,0x02,0x08,0x0b,0x0e,0x2f,0x0b,0x10,0x0b,0x0f,0x07,0x10,0x0a,0x2f,0x0c,0x09,
    0x03,0x30,0x00,0x0a,0x0f,0x09,0x00,0x06,0x0f,0x0b,0x03,0x0f,0x0e,0x00,0x01,0x0e,0x0f,0x04,0x00,0x03,0x0e,0x0f,0x0e,0x0a,
    0x07,0x09,0x0f,0x0b,0x10,0x0b,0x0f,0x07,0x20,0x07,0x0f,0x0b,0x00,0x01,0x0b,0x1f,0x0b,0x08,0x07,0x1f,0x02,0x00,0x0c,0x0f,
    0x07,0x20,0x01,0x0d,0x0f,0x06,0x00,0x08,0x0f,0x0d,0x39,0x08,0x09,0x05,0x40,0x08,0x0f,0x0c,0x70,0x07,0x0f,0x0c,0x20,0x03,
    0x1f,0x39,0x18,0x07,0x00,0x08,0x0f,0x0c,0x30,0x09,0x0f,0x0a,0x00,0x03,0x1f,0x39,0x18,0x07,0x00,0x07,0x0f,0x0c,0x20,0x03,
    0x1f,0x02,0x10,0x0b,0x0f,0x08,0x20,0x0b,0x0f,0x07,0x00,0x03,0x0e,0x0f,0x0e,0x0a,0x07,0x09,0x0f,0x0b,0x10,0x0b,0x0f,0x07,
    0x20,0x05,0x0a,0x0d,0x2f,0x05,0x20,0x00,0x0a,0x0f,0x09,0x00,0x01,0x1e,0x09,0x0f,0x09,0x00,0x02,0x0e,0x0f,0x05,0x00,0x09,
    0x0f,0x0a,0x20,0x07,0x0f,0x0b,0x10,0x0b,0x0f,0x07,0x20,0x07,0x0f,0x0c,0x00,0x04,0x0f,0x0e,0x02,0x10,0x02,0x1f,0x02,0x00,
    0x0b,0x0f,0x0b,0x20,0x02,0x1f,0x06,0x00,0x06,0x0f,0x0d,0xb0,0x05,0x0f,0x0e,0x01,0x20,0x06,0x05,0x01,0x00,0x07,0x0f,0x0c,
    0x20,0x01,0x0e,0x0f,0x03,0x60,0x06,0x0f,0x0e,0x01,0x20,0x0c,0x0f,0x0a,0x00,0x02,0x0e,0x0f,0x03,0x60,0x07,0x0f,0x0c,0x20,
    0x03,0x1f,0x02,0x10,0x0b,0x0f,0x07,0x20,0x0b,0x0f,0x07,0x00,0x09,0x0f,0x0a,0x20,0x07,0x0f,0x0b,0x10,0x0b,0x0f,0x07,0x10,
    0x01,0x20,0x02,0x0b,0x0f,0x0b,0x20,0x00,0x0a,0x0f,0x09,0x10,0x0a,0x0f,0x0e,0x0f,0x04,0x00,0x02,0x0e,0x0f,0x05,0x00,0x0a,
    0x0f,0x0a,0x10,0x02,0x0d,0x0f,0x0b,0x10,0x0b,0x0f,0x07,0x20,0x07,0x0f,0x0c,0x00,0x05,0x0f,0x0e,0x01,0x00,0x01,0x0a,0x0f,
    0x0e,0x03,0x00,0x06,0x1f,0x07,0x01,0x02,0x0c,0x1f,0x06,0x00,0x02,0x0e,0x0f,0x08,0x01,0x00,0x03,0x1d,0x03,0x40,0x01,0x0e,
    0x0f,0x09,0x01,0x00,0x06,0x1f,0x03,0x00,0x07,0x0f,0x0c,0x30,0x0a,0x0f,0x0b,0x02,0x00,0x01,0x0a,0x0d,0x07,0x00,0x02,0x1f,
    0x0a,0x01,0x00,0x07,0x1f,0x0a,0x10,0x0a,0x0f,0x0b,0x02,0x00,0x01,0x0a,0x0d,0x07,0x00,0x07,0x0f,0x0c,0x20,0x03,0x1f,0x02,
    0x10,0x0b,0x0f,0x09,0x20,0x0b,0x0f,0x07,0x00,0x0a,0x0f,0x0a,0x10,0x02,0x0d,0x0f,0x0b,0x10,0x0b,0x0f,0x07,0x00,0x06,0x0e,
    0x0c,0x02,0x10,0x0a,0x0f,0x0b,0x20,0x00,0x0a,0x0f,0x09,0x10,0x04,0x1f,0x0c,0x10,0x02,0x0e,0x0f,0x05,0x00,0x05,0x1f,0x0c,
    0x0b,0x0f,0x0d,0x0f,0x0c,0x10,0x0c,0x0f,0x07,0x20,0x07,0x0f,0x0c,0x00,0x01,0x0e,0x0f,0x0e,0x0b,0x0e,0x0d,0x1f,0x02,0x10,
    0x0b,0x3f,0x0b,0x0c,0x0f,0x05,0x10,0x05,0x1f,0x0d,0x0c,0x1f,0x0c,0x01,0x50,0x05,0x1f,0x0e,0x0d,0x1f,0x08,0x10,0x07,0x0f,
    0x0c,0x30,0x02,0x0d,0x0f,0x0e,0x0c,0x0e,0x1f,0x03,0x10,0x08,0x1f,0x1e,0x0f,0x0b,0x0f,0x0a,0x10,0x02,0x0d,0x0f,0x0e,0x0c,
    0x0e,0x1f,0x04,0x00,0x07,0x0f,0x0c,0x20,0x03,0x1f,0x03,0x10,0x08,0x1f,0x0d,0x06,0x00,0x0c,0x0f,0x08,0x00,0x05,0x1f,0x0c,
    0x0b,0x0f,0x0d,0x0f,0x0c,0x10,0x0c,0x0f,0x07,0x00,0x02,0x0e,0x0f,0x0e,0x0b,0x0d,0x1f,0x04,0x20,0x00,0x09,0x0e,0x08,0x20,
    0x0c,0x0e,0x07,0x10,0x01,0x0d,0x0e,0x04,0x10,0x06,0x0c,0x0e,0x0d,0x07,0x05,0x0e,0x0b,0x10,0x0b,0x0e,0x07,0x20,0x07,0x0e,
    0x0b,0x10,0x03,0x0b,0x1e,0x0a,0x03,0x0d,0x0e,0x02,0x10,0x01,0x07,0x0b,0x0c,0x08,0x01,0x0c,0x0f,0x05,0x20,0x04,0x0a,0x0e,
    0x0f,0x0c,0x07,0x01,0x70,0x04,0x0a,0x1e,0x0c,0x06,0x20,0x06,0x0e,0x0b,0x40,0x02,0x09,0x0d,0x0f,0x0d,0x09,0x02,0x30,0x06,
    0x0c,0x0e,0x0c,0x04,0x07,0x0e,0x09,0x20,0x02,0x09,0x0d,0x0f,0x0d,0x09,0x02,0x10,0x06,0x0e,0x0b,0x20,0x03,0x1e,0x02,0x10,
    0x01,0x09,0x0d,0x0e,0x08,0x00,0x0b,0x0e,0x07,0x10,0x06,0x0c,0x0e,0x0d,0x07,0x05,0x0e,0x0b,0x10,0x0b,0x0e,0x07,0x10,0x02,
    0x09,0x0d,0x0f,0x0e,0x0a,0x03,0x30,0x00,0x21,0x30,0x01,0x30,0x11,0x40,0x01,0x20,0x11,0x10,0x11,0x40,0x11,0x30,0x01,0x20,
    0x11,0x80,0x0d,0x0f,0x05,0x40,0x11,0xc0,0x11,0x50,0x11,0x70,0x01,0x80,0x01,0x10,0x21,0x50,0x01,0x50,0x11,0x30,0x11,0x40,
    0x11,0x10,0x11,0x40,0x01,0x20,0x11,0x10,0x11,0x50,0x01,0x60,0xf0,0xf0,0xf0,0x00,0x03,0x1b,0x02,0x10,0x06,0x1f,0x02,0xf0,
    0xf0,0xf0,0xf0,0xf0,0xf0,0xf0,0x20,0xf0,0xf0,0xf0,0x00,0x03,0x0e,0x1f,0x0c,0x0d,0x1f,0x08,0xf0,0xf0,0xf0,0xf0,0xf0,0xf0,
    0xf0,0x30,0xf0,0xf0,0xf0,0x10,0x02,0x08,0x0d,0x1e,0x0b,0x06,0xf0,0xf0,0xf0,0xf0,0xf0,0xf0,0xf0,0x40,0xf0,0xf0,0xf0,0x40,
    0x11,0xf0,0xf0,0xf0,0xf0,0xf0,0xf0,0xf0,0x60,0xf0,0xf0,0xf0,0xf0,0xf0,0xf0,0xf0,0xf0,0x80,0xf0,0xf0,0xf0,0xf0,0xf0,0xf0,
    0xf0,0xf0,0x80,0xf0,0xf0,0xf0,0xf0,0xf0,0xf0,0xf0,0xf0,0x80,0xf0,0xf0,0xf0,0xf0,0xf0,0xf0,0xf0,0xf0,0x80,0x00,0x51,0xf0,
    0xb0,0x07,0x0b,0x04,0xf0,0xf0,0xf0,0xb0,0x03,0x0b,0x07,0xf0,0xf0,0x30,0x00,0x09,0x4e,0x0b,0x08,0x01,0xf0,0x80,0x0e,0x0f,
    0x0a,0xf0,0xf0,0xf0,0x04,0x05,0x03,0x20,0x02,0x05,0x04,0x20,0x09,0x1f,0x01,0xf0,0xf0,0x20,0x00,0x0a,0x1f,0x0e,0x3f,0x0d,
    0x03,0xf0,0x70,0x05,0x09,0x02,0xf0,0xf0,0xf0,0x0c,0x0f,0x08,0x20,0x06,0x0f,0x0d,0x20,0x02,0x09,0x05,0xf0,0xf0,0x30,0x00,
    0x0a,0x0f,0x0a,0x11,0x02,0x05,0x0d,0x0f,0x0e,0x01,0x50,0x01,0x40,0x11,0x40,0x21,0x80,0x11,0x80,0x01,0xd0,0x01,0x80,0x01,
    0x40,0x01,0x0b,0x0f,0x08,0x21,0x07,0x0f,0x0c,0x11,0x50,0x11,0x20,0x01,0x70,0x01,0x20,0x11,0x50,0x01,0x60,0x00,0x0a,0x0f,
    0x0a,0x30,0x02,0x0d,0x0f,0x08,0x20,0x02,0x09,0x0d,0x0e,0x0c,0x08,0x01,0x00,0x02,0x1e,0x04,0x20,0x01,0x0d,0x0e,0x05,0x00,
    0x0b,0x0e,0x07,0x20,0x04,0x0a,0x1e,0x0c,0x06,0x30,0x02,0x09,0x0d,0x0e,0x0c,0x08,0x01,0x70,0x03,0x0a,0x0e,0x0f,0x0d,0x08,
    0x01,0x20,0x02,0x09,0x0d,0x0e,0x0c,0x08,0x01,0x00,0x03,0x4f,0x06,0x0b,0x3f,0x0b,0x00,0x06,0x0e,0x0b,0x10,0x0b,0x0e,0x04,
    0x05,0x0c,0x0e,0x0c,0x05,0x30,0x03,0x0b,0x1e,0x07,0x03,0x0e,0x0d,0x01,0x10,0x03,0x0a,0x0e,0x0f,0x0d,0x08,0x01,0x30,0x00,
    0x0a,0x0f,0x0a,0x40,0x08,0x0f,0x0c,0x10,0x02,0x0d,0x0f,0x0e,0x0c,0x1f,0x0b,0x01,0x00,0x0c,0x0f,0x09,0x20,0x05,0x0f,0x0e,
    0x01,0x00,0x0c,0x0f,0x07,0x10,0x05,0x1f,0x0e,0x0d,0x1f,0x09,0x10,0x02,0x0d,0x0f,0x0e,0x0c,0x1f,0x0b,0x01,0x50,0x03,0x1f,
    0x0d,0x0b,0x0e,0x0f,0x0c,0x01,0x00,0x02,0x0d,0x0f,0x0e,0x0c,0x1f,0x0b,0x00,0x02,0x0c,0x0e,0x0f,0x0d,0x0c,0x05,0x09,0x0d,
    0x0f,0x0e,0x0c,0x09,0x00,0x07,0x0f,0x0c,0x10,0x0c,0x0f,0x0a,0x0f,0x0e,0x2f,0x04,0x10,0x03,0x2f,0x0d,0x0f,0x0c,0x1f,0x02,
    0x00,0x03,0x1f,0x0d,0x0b,0x0e,0x0f,0x0c,0x01,0x20,0x00,0x0a,0x0f,0x0a,0x40,0x05,0x0f,0x0e,0x01,0x00,0x0a,0x0f,0x0a,0x01,
    0x00,0x02,0x0c,0x0f,0x07,0x00,0x06,0x0f,0x0d,0x01,0x10,0x0a,0x0f,0x09,0x10,0x0b,0x0f,0x07,0x00,0x01,0x0e,0x0f,0x09,0x01,
    0x00,0x06,0x1f,0x03,0x00,0x0a,0x0f,0x0a,0x01,0x00,0x02,0x0c,0x0f,0x06,0x50,0x09,0x0f,0x0b,0x10,0x02,0x0b,0x0a,0x02,0x00,
    0x0a,0x0f,0x0a,0x01,0x00,0x02,0x0c,0x0f,0x06,0x10,0x0b,0x0f,0x07,0x20,0x06,0x0f,0x0c,0x20,0x07,0x0f,0x0c,0x10,0x0b,0x0f,
    0x0e,0x05,0x01,0x04,0x0d,0x0f,0x0a,0x10,0x0b,0x0f,0x0d,0x03,0x00,0x03,0x0e,0x0f,0x0e,0x02,0x00,0x09,0x0f,0x0b,0x10,0x02,
    0x0b,0x0a,0x01,0x20,0x00,0x0a,0x0f,0x0a,0x40,0x04,0x0f,0x0e,0x11,0x0e,0x0f,0x03,0x00,0x01,0x00,0x07,0x0f,0x0b,0x00,0x02,
    0x0e,0x0f,0x04,0x00,0x01,0x0e,0x0f,0x04,0x10,0x0b,0x0f,0x07,0x00,0x06,0x0f,0x0e,0x01,0x20,0x05,0x04,0x11,0x0e,0x0f,0x03,
    0x00,0x01,0x00,0x07,0x0f,0x0b,0x50,0x08,0x0f,0x0d,0x04,0x01,0x30,0x01,0x0e,0x0f,0x03,0x00,0x01,0x00,0x07,0x0f,0x0b,0x10,
    0x0b,0x0f,0x08,0x20,0x06,0x0f,0x0c,0x20,0x07,0x0f,0x0c,0x10,0x0b,0x0f,0x09,0x20,0x08,0x0f,0x0b,0x00,0x02,0x0e,0x0f,0x06,
    0x20,0x07,0x0f,0x0e,0x02,0x00,0x09,0x0f,0x0d,0x04,0x01,0x60,0x00,0x0a,0x0f,0x0a,0x40,0x05,0x0f,0x0e,0x00,0x03,0x7f,0x0d,
    0x10,0x0a,0x0f,0x09,0x00,0x05,0x0f,0x0d,0x01,0x10,0x0b,0x0f,0x07,0x00,0x08,0x0f,0x0c,0x60,0x03,0x7f,0x0d,0x50,0x02,0x0d,
    0x1f,0x0e,0x0b,0x07,0x02,0x00,0x03,0x7f,0x0d,0x10,0x0b,0x0f,0x08,0x20,0x06,0x0f,0x0c,0x20,0x07,0x0f,0x0c,0x10,0x0b,0x0f,
    0x07,0x20,0x07,0x0f,0x0c,0x00,0x03,0x1f,0x03,0x20,0x04,0x0f,0x0e,0x02,0x00,0x02,0x0d,0x1f,0x0e,0x0b,0x07,0x02,0x30,0x00,
    0x0a,0x0f,0x0a,0x40,0x08,0x0f,0x0c,0x00,0x03,0x1f,0x39,0x18,0x07,0x10,0x05,0x0f,0x0d,0x00,0x09,0x0f,0x08,0x20,0x0b,0x0f,
    0x07,0x00,0x08,0x0f,0x0c,0x60,0x03,0x1f,0x39,0x18,0x07,0x60,0x01,0x07,0x0b,0x0e,0x1f,0x0d,0x01,0x03,0x1f,0x39,0x18,0x07,
    0x10,0x0b,0x0f,0x08,0x20,0x06,0x0f,0x0c,0x20,0x07,0x0f,0x0c,0x10,0x0b,0x0f,0x07,0x20,0x07,0x0f,0x0c,0x00,0x03,0x1f,0x03,
    0x20,0x04,0x0f,0x0e,0x01,0x10,0x01,0x07,0x0b,0x0e,0x1f,0x0d,0x02,0x20,0x00,0x0a,0x0f,0x0a,0x30,0x02,0x0d,0x0f,0x08,0x00,
    0x02,0x0e,0x0f,0x03,0x70,0x01,0x0e,0x0f,0x04,0x0d,0x0f,0x03,0x20,0x0b,0x0f,0x07,0x00,0x06,0x0f,0x0e,0x01,0x20,0x06,0x05,
    0x11,0x0e,0x0f,0x03,0xc0,0x01,0x10,0x01,0x04,0x0e,0x0f,0x06,0x00,0x0e,0x0f,0x03,0x70,0x0b,0x0f,0x07,0x20,0x06,0x0f,0x0c,
    0x20,0x07,0x0f,0x0c,0x10,0x0b,0x0f,0x07,0x20,0x07,0x0f,0x0b,0x00,0x02,0x0e,0x0f,0x06,0x20,0x07,0x0f,0x0e,0x01,0x10,0x01,
    0x10,0x01,0x04,0x0e,0x0f,0x07,0x20,0x00,0x0a,0x0f,0x0a,0x11,0x02,0x05,0x0d,0x0f,0x0d,0x01,0x10,0x0a,0x0f,0x0b,0x02,0x00,
    0x01,0x0a,0x0d,0x07,0x20,0x09,0x0f,0x0a,0x0f,0x0c,0x30,0x0b,0x0f,0x07,0x00,0x01,0x0e,0x0f,0x09,0x01,0x00,0x06,0x1f,0x03,
    0x00,0x0a,0x0f,0x0b,0x02,0x00,0x01,0x0a,0x0d,0x07,0x50,0x09,0x0e,0x09,0x10,0x01,0x0d,0x0f,0x06,0x00,0x0a,0x0f,0x0b,0x02,
    0x00,0x01,0x0a,0x0d,0x07,0x10,0x0b,0x0f,0x09,0x20,0x06,0x0f,0x0d,0x01,0x10,0x07,0x0f,0x0c,0x10,0x0b,0x0f,0x07,0x20,0x07,
    0x0f,0x0b,0x10,0x0b,0x0f,0x0d,0x04,0x01,0x04,0x0e,0x0f,0x0e,0x02,0x00,0x0a,0x0e,0x09,0x10,0x01,0x0d,0x0f,0x06,0x20,0x00,
    0x0a,0x1f,0x1e,0x2f,0x0d,0x03,0x20,0x02,0x0d,0x0f,0x0e,0x0c,0x0e,0x1f,0x03,0x20,0x04,0x2f,0x07,0x30,0x0b,0x0f,0x07,0x10,
    0x05,0x1f,0x0e,0x0d,0x1f,0x08,0x10,0x02,0x0d,0x0f,0x0e,0x0c,0x0e,0x1f,0x03,0x50,0x05,0x1f,0x0d,0x0b,0x1f,0x0c,0x01,0x00,
    0x02,0x0d,0x0f,0x0e,0x0c,0x0e,0x1f,0x03,0x10,0x08,0x1f,0x0d,0x06,0x00,0x03,0x1f,0x0e,0x0a,0x00,0x07,0x0f,0x0c,0x10,0x0c,
    0x0f,0x07,0x20,0x07,0x0f,0x0c,0x10,0x03,0x0e,0x3f,0x0a,0x0f,0x0e,0x02,0x00,0x06,0x1f,0x0d,0x0b,0x1f,0x0c,0x01,0x20,0x00,
    0x09,0x4e,0x0b,0x07,0x01,0x40,0x02,0x09,0x0d,0x0f,0x0d,0x09,0x02,0x40,0x0c,0x0e,0x0d,0x02,0x30,0x0b,0x0e,0x07,0x20,0x04,
    0x0a,0x1e,0x0c,0x06,0x30,0x02,0x09,0x0d,0x0f,0x0d,0x09,0x02,0x70,0x04,0x0b,0x0e,0x0f,0x0d,0x08,0x01,0x20,0x02,0x09,0x0d,
    0x0f,0x0d,0x09,0x02,0x20,0x01,0x09,0x0d,0x0e,0x08,0x10,0x06,0x0c,0x0e,0x0c,0x00,0x06,0x0e,0x0b,0x10,0x0b,0x0e,0x07,0x20,
    0x07,0x0e,0x0b,0x20,0x02,0x08,0x1b,0x05,0x03,0x0f,0x0e,0x01,0x10,0x04,0x0b,0x0e,0x0f,0x0d,0x08,0x01,0x30,0x00,0x51,0xa0,
    0x01,0x80,0x11,0x40,0x11,0x50,0x11,0x80,0x01,0xc0,0x11,0x80,0x01,0x70,0x11,0x40,0x01,0x20,0x11,0x10,0x11,0x40,0x11,0x70,
    0x04,0x0f,0x0e,0x01,0x30,0x11,0x60,0xf0,0xf0,0xf0,0xf0,0xf0,0xf0,0xf0,0x10,0x06,0x0c,0x08,0x10,0x01,0x0a,0x0f,0x0b,0xd0,
    0xf0,0xf0,0xf0,0xf0,0xf0,0xf0,0xf0,0x10,0x06,0x1f,0x0d,0x0b,0x0e,0x1f,0x04,0xd0,0xf0,0xf0,0xf0,0xf0,0xf0,0xf0,0xf0,0x20,
    0x04,0x0a,0x0d,0x0e,0x0d,0x0a,0x03,0xe0,0xf0,0xf0,0xf0,0xf0,0xf0,0xf0,0xf0,0x40,0x11,0xf0,0x10,0xf0,0xf0,0xf0,0xf0,0xf0,
    0xf0,0xf0,0xf0,0x60,0xf0,0xf0,0xf0,0xf0,0xf0,0xf0,0xf0,0xf0,0x60,0xf0,0xf0,0xf0,0xf0,0xf0,0xf0,0xf0,0xf0,0x60,0xf0,0xf0,
    0xf0,0xf0,0xf0,0xf0,0xf0,0xf0,0x60,0x50,0x11,0xf0,0xd0,0x21,0xf0,0xd0,0x07,0x0b,0x04,0xb0,0x11,0xd0,0x11,0xf0,0xe0,0x20,
    0x01,0x08,0x0c,0x1e,0x0b,0x07,0x01,0xf0,0xa0,0x08,0x0e,0x09,0xf0,0x70,0x04,0x05,0x03,0x20,0x0e,0x0f,0x0a,0xb0,0x0b,0x0e,
    0x07,0xc0,0x0c,0x0e,0x05,0xb0,0x04,0x05,0x03,0xe0,0x10,0x03,0x0d,0x5f,0x0c,0x01,0xf0,0x90,0x09,0x0f,0x0a,0xf0,0x70,0x0c,
    0x0f,0x08,0x20,0x05,0x09,0x02,0xb0,0x0b,0x0f,0x07,0xb0,0x01,0x0d,0x0f,0x05,0xb0,0x0c,0x0f,0x08,0xe0,0x00,0x01,0x0d,0x0f,
    0x0d,0x06,0x13,0x07,0x0e,0x0f,0x0a,0x20,0x11,0x10,0x01,0x40,0x01,0x80,0x01,0x10,0x09,0x0f,0x0a,0x50,0x01,0x50,0x11,0x20,
    0x01,0x30,0x01,0x0b,0x0f,0x08,0x11,0x80,0x11,0x40,0x0b,0x0f,0x07,0x90,0x01,0x10,0x0d,0x0f,0x05,0x40,0x01,0x40,0x01,0x0b,
    0x0f,0x08,0x11,0x40,0x01,0x60,0x00,0x07,0x0f,0x0e,0x03,0x30,0x06,0x1f,0x04,0x00,0x06,0x0e,0x0a,0x04,0x0c,0x0e,0x02,0x00,
    0x02,0x09,0x0d,0x0e,0x0c,0x08,0x01,0x30,0x06,0x0c,0x0e,0x0c,0x04,0x08,0x0f,0x0a,0x20,0x02,0x09,0x0d,0x0e,0x0c,0x08,0x01,
    0x10,0x02,0x0e,0x0d,0x01,0x08,0x0d,0x0e,0x0a,0x02,0x00,0x03,0x4f,0x06,0x00,0x0b,0x0e,0x07,0x20,0x07,0x0c,0x1e,0x0b,0x04,
    0x20,0x0b,0x0f,0x07,0x60,0x01,0x09,0x0d,0x0e,0x0a,0x02,0x0d,0x0f,0x05,0x10,0x02,0x09,0x0d,0x0f,0x0d,0x09,0x02,0x00,0x03,
    0x4f,0x06,0x10,0x02,0x09,0x0d,0x0f,0x0d,0x09,0x01,0x30,0x00,0x0c,0x0f,0x09,0x50,0x16,0x03,0x00,0x07,0x0f,0x0c,0x0e,0x1f,
    0x12,0x0d,0x0f,0x0e,0x0c,0x1f,0x0b,0x01,0x10,0x07,0x1f,0x1e,0x0f,0x0c,0x0f,0x0a,0x10,0x02,0x0d,0x0f,0x0e,0x0c,0x1f,0x0b,
    0x01,0x00,0x02,0x0f,0x0e,0x0b,0x0f,0x0e,0x1f,0x0d,0x01,0x02,0x0c,0x0e,0x0f,0x0d,0x0c,0x05,0x00,0x0c,0x0f,0x07,0x00,0x01,
    0x0b,0x1f,0x0c,0x0d,0x1f,0x04,0x10,0x0b,0x0f,0x07,0x50,0x01,0x0c,0x1f,0x0d,0x0f,0x1d,0x0f,0x05,0x00,0x04,0x0e,0x0f,0x0e,
    0x0c,0x1f,0x0d,0x01,0x02,0x0c,0x0e,0x0f,0x0d,0x0c,0x05,0x00,0x03,0x0e,0x0f,0x0e,0x0c,0x1f,0x0c,0x01,0x20,0x01,0x0e,0x0f,
    0x05,0x90,0x07,0x1f,0x0a,0x03,0x02,0x00,0x0a,0x0f,0x0a,0x01,0x00,0x02,0x0c,0x0f,0x06,0x00,0x02,0x1f,0x09,0x01,0x00,0x07,
    0x1f,0x0a,0x10,0x0a,0x0f,0x0a,0x01,0x00,0x02,0x0c,0x0f,0x06,0x00,0x03,0x1f,0x0c,0x02,0x01,0x07,0x1f,0x05,0x10,0x0b,0x0f,
    0x08,0x20,0x0b,0x0f,0x07,0x00,0x03,0x1c,0x03,0x10,0x0a,0x0f,0x0a,0x10,0x0b,0x0f,0x07,0x50,0x06,0x1f,0x06,0x00,0x01,0x0b,
    0x1f,0x06,0x00,0x06,0x0d,0x0a,0x01,0x00,0x02,0x0d,0x0f,0x05,0x10,0x0b,0x0f,0x08,0x20,0x06,0x0d,0x0a,0x01,0x00,0x02,0x0d,
    0x0f,0x05,0x20,0x02,0x0e,0x0f,0x04,0x90,0x07,0x0f,0x0d,0x20,0x01,0x0e,0x0f,0x03,0x00,0x01,0x00,0x07,0x0f,0x0b,0x00,0x06,
    0x0f,0x0e,0x01,0x20,0x0c,0x0f,0x0a,0x00,0x01,0x0e,0x0f,0x03,0x00,0x01,0x00,0x07,0x0f,0x0b,0x00,0x03,0x1f,0x04,0x20,0x0d,
    0x0f,0x07,0x10,0x0b,0x0f,0x08,0x20,0x0b,0x0f,0x07,0x50,0x01,0x09,0x0f,0x0b,0x10,0x0b,0x0f,0x07,0x50,0x0b,0x0f,0x0a,0x20,
    0x02,0x1f,0x05,0x50,0x02,0x0d,0x0f,0x07,0x10,0x0b,0x0f,0x08,0x70,0x02,0x0d,0x0f,0x07,0x20,0x01,0x0e,0x0f,0x05,0x90,0x07,
    0x0f,0x0c,0x20,0x03,0x7f,0x0e,0x00,0x08,0x0f,0x0c,0x30,0x09,0x0f,0x0a,0x00,0x03,0x7f,0x0d,0x00,0x02,0x1f,0x03,0x20,0x0c,
    0x0f,0x07,0x10,0x0b,0x0f,0x08,0x20,0x0b,0x0f,0x07,0x10,0x02,0x08,0x0b,0x0e,0x2f,0x0b,0x10,0x0b,0x0f,0x07,0x50,0x0c,0x0f,
    0x07,0x20,0x01,0x0d,0x0f,0x05,0x10,0x04,0x09,0x0c,0x0e,0x2f,0x07,0x10,0x0b,0x0f,0x08,0x30,0x04,0x09,0x0c,0x0e,0x2f,0x07,
    0x20,0x00,0x0c,0x0f,0x09,0x50,0x16,0x03,0x00,0x07,0x0f,0x0c,0x20,0x03,0x1f,0x39,0x18,0x07,0x00,0x08,0x0f,0x0c,0x30,0x09,
    0x0f,0x0a,0x00,0x03,0x1f,0x39,0x18,0x07,0x00,0x02,0x1f,0x03,0x20,0x0c,0x0f,0x07,0x10,0x0b,0x0f,0x08,0x20,0x0b,0x0f,0x07,
    0x00,0x03,0x0e,0x0f,0x0e,0x0a,0x07,0x09,0x0f,0x0b,0x10,0x0b,0x0f,0x07,0x50,0x0c,0x0f,0x07,0x30,0x0d,0x0f,0x05,0x00,0x07,
    0x1f,0x0c,0x09,0x06,0x0c,0x0f,0x07,0x10,0x0b,0x0f,0x08,0x20,0x07,0x1f,0x0c,0x09,0x06,0x0c,0x0f,0x07,0x20,0x00,0x07,0x0f,
    0x0e,0x03,0x30,0x06,0x1f,0x04,0x00,0x07,0x0f,0x0c,0x20,0x01,0x0e,0x0f,0x03,0x60,0x06,0x0f,0x0e,0x01,0x20,0x0c,0x0f,0x0a,
    0x00,0x02,0x0e,0x0f,0x03,0x60,0x02,0x1f,0x03,0x20,0x0c,0x0f,0x07,0x10,0x0b,0x0f,0x07,0x20,0x0b,0x0f,0x07,0x00,0x09,0x0f,
    0x0a,0x20,0x07,0x0f,0x0b,0x10,0x0b,0x0f,0x07,0x50,0x0b,0x0f,0x0b,0x20,0x02,0x1f,0x05,0x00,0x0e,0x0f,0x06,0x20,0x0c,0x0f,
    0x07,0x10,0x0b,0x0f,0x07,0x10,0x01,0x0d,0x0f,0x06,0x20,0x0c,0x0f,0x07,0x20,0x00,0x01,0x0d,0x0f,0x0d,0x06,0x13,0x07,0x0e,
    0x0f,0x0a,0x10,0x07,0x0f,0x0c,0x30,0x0a,0x0f,0x0b,0x02,0x00,0x01,0x0a,0x0d,0x07,0x00,0x02,0x1f,0x0a,0x01,0x00,0x07,0x1f,
    0x0a,0x10,0x0a,0x0f,0x0b,0x02,0x00,0x01,0x0a,0x0d,0x07,0x00,0x03,0x1f,0x03,0x20,0x0c,0x0f,0x07,0x10,0x0b,0x0f,0x09,0x20,
    0x0b,0x0f,0x07,0x00,0x0a,0x0f,0x0a,0x10,0x02,0x0d,0x0f,0x0b,0x10,0x0b,0x0f,0x07,0x50,0x06,0x1f,0x06,0x00,0x01,0x0b,0x1f,
    0x05,0x00,0x0e,0x0f,0x05,0x10,0x06,0x1f,0x07,0x10,0x0b,0x0f,0x09,0x10,0x01,0x0e,0x0f,0x05,0x10,0x06,0x1f,0x07,0x20,0x10,
    0x03,0x0d,0x5f,0x0b,0x01,0x10,0x07,0x0f,0x0c,0x30,0x02,0x0d,0x0f,0x0e,0x0c,0x0e,0x1f,0x03,0x10,0x08,0x1f,0x1e,0x0f,0x0b,
    0x0f,0x0a,0x10,0x02,0x0d,0x0f,0x0e,0x0c,0x0e,0x1f,0x04,0x00,0x03,0x1f,0x03,0x20,0x0c,0x0f,0x07,0x10,0x08,0x1f,0x0d,0x06,
    0x00,0x0c,0x0f,0x08,0x00,0x05,0x1f,0x0c,0x0b,0x0f,0x0d,0x0f,0x0c,0x10,0x0c,0x0f,0x07,0x50,0x01,0x0c,0x1f,0x0d,0x0f,0x1d,
    0x0f,0x06,0x00,0x09,0x1f,0x0b,0x0c,0x0e,0x0d,0x0f,0x07,0x10,0x08,0x1f,0x0d,0x06,0x00,0x09,0x1f,0x0b,0x0c,0x0e,0x0d,0x0f,
    0x07,0x20,0x20,0x01,0x08,0x0c,0x1e,0x0b,0x06,0x30,0x06,0x0e,0x0b,0x40,0x02,0x09,0x0d,0x0f,0x0d,0x09,0x02,0x30,0x06,0x0c,
    0x0e,0x0c,0x04,0x07,0x0e,0x09,0x20,0x02,0x09,0x0d,0x0f,0x0d,0x09,0x02,0x10,0x02,0x1e,0x03,0x20,0x0b,0x0e,0x06,0x10,0x01,
    0x09,0x0d,0x0e,0x08,0x00,0x0b,0x0e,0x07,0x10,0x06,0x0c,0x0e,0x0d,0x07,0x05,0x0e,0x0b,0x10,0x0b,0x0e,0x07,0x60,0x01,0x09,
    0x0d,0x0e,0x0a,0x02,0x0b,0x0e,0x05,0x00,0x01,0x09,0x0d,0x0f,0x0c,0x04,0x09,0x0e,0x06,0x10,0x01,0x09,0x0d,0x0e,0x08,0x00,
    0x01,0x09,0x0d,0x0f,0x0c,0x04,0x09,0x0e,0x06,0x20,0x50,0x11,0x60,0x11,0x70,0x01,0x80,0x01,0x10,0x21,0x50,0x01,0x50,0x11,
    0x30,0x11,0x40,0x11,0x10,0x11,0x40,0x01,0x20,0x11,0x10,0x11,0xa0,0x01,0x10,0x11,0x40,0x01,0x10,0x11,0x40,0x11,0x40,0x01,
    0x10,0x11,0x30,0xf0,0xf0,0xf0,0xf0,0xf0,0xf0,0xf0,0xf0,0x60,0xf0,0xf0,0xf0,0xf0,0xf0,0xf0,0xf0,0xf0,0x60,0xf0,0xf0,0xf0,
    0xf0,0xf0,0xf0,0xf0,0xf0,0x60,0xf0,0xf0,0xf0,0xf0,0xf0,0xf0,0xf0,0xf0,0x60,0xf0,0xf0,0xf0,0xf0,0xf0,0xf0,0xf0,0xf0,0xf0,
    0x30,0xf0,0xf0,0xf0,0xf0,0xf0,0xf0,0xf0,0xf0,0xf0,0x30,0xf0,0xf0,0xf0,0xf0,0xf0,0xf0,0xf0,0xf0,0xf0,0x30,0xf0,0xf0,0xf0,
    0xf0,0xf0,0xf0,0xf0,0xf0,0xf0,0x30,0x00,0x51,0xf0,0xf0,0x00,0x21,0xf0,0xf0,0x80,0x11,0xf0,0xd0,0x01,0x1a,0x01,0xb0,0x11,
    0xd0,0x00,0x09,0x4e,0x0c,0x08,0x01,0xf0,0xd0,0x08,0x0e,0x09,0xf0,0xf0,0x80,0x0c,0x0e,0x05,0xf0,0x60,0x01,0x15,0x01,0x10,
    0x04,0x1f,0x05,0xa0,0x02,0x1e,0x03,0xc0,0x00,0x0a,0x1f,0x2e,0x1f,0x0c,0x01,0xf0,0xc0,0x09,0x0f,0x0a,0xf0,0xf0,0x70,0x01,
    0x0d,0x0f,0x05,0xf0,0x60,0x02,0x1f,0x03,0x20,0x07,0x08,0x01,0xa0,0x02,0x1f,0x03,0xc0,0x00,0x0a,0x0f,0x0a,0x21,0x06,0x0e,
    0x0f,0x08,0x40,0x11,0x80,0x01,0x80,0x01,0x10,0x09,0x0f,0x0a,0x90,0x11,0x40,0x11,0x10,0x11,0x30,0x11,0x80,0x01,0x10,0x0d,
    0x0f,0x05,0x40,0x11,0x50,0x11,0x10,0x01,0x40,0x03,0x0e,0x0f,0x04,0x01,0x90,0x01,0x40,0x02,0x1f,0x03,0x40,0x01,0x60,0x00,
    0x0a,0x0f,0x0a,0x30,0x0a,0x0f,0x0b,0x20,0x04,0x0b,0x1e,0x0b,0x05,0x30,0x02,0x09,0x0d,0x0f,0x0d,0x09,0x01,0x30,0x06,0x0c,
    0x0e,0x0c,0x04,0x08,0x0f,0x0a,0x70,0x06,0x0c,0x1e,0x0a,0x04,0x20,0x0b,0x0e,0x05,0x06,0x0d,0x0b,0x10,0x04,0x0b,0x1e,0x0b,
    0x05,0x30,0x01,0x09,0x0d,0x0e,0x0a,0x02,0x0d,0x0f,0x05,0x20,0x04,0x0b,0x1e,0x0b,0x05,0x20,0x06,0x0e,0x09,0x02,0x0b,0x0e,
    0x0d,0x08,0x01,0x00,0x07,0x3f,0x0e,0x01,0x02,0x1e,0x03,0x10,0x02,0x09,0x0d,0x0f,0x0d,0x09,0x01,0x10,0x02,0x1f,0x03,0x10,
    0x03,0x0a,0x0e,0x0f,0x0d,0x08,0x01,0x30,0x00,0x0a,0x0f,0x0a,0x00,0x01,0x10,0x09,0x0f,0x0b,0x10,0x05,0x1f,0x1d,0x1f,0x07,
    0x10,0x03,0x0e,0x0f,0x0e,0x0c,0x1f,0x0c,0x01,0x10,0x07,0x1f,0x1e,0x0f,0x0c,0x0f,0x0a,0x60,0x0a,0x1f,0x0d,0x0e,0x1f,0x04,
    0x10,0x0c,0x0f,0x0c,0x1f,0x0c,0x00,0x05,0x1f,0x1d,0x1f,0x07,0x10,0x01,0x0c,0x1f,0x0d,0x0f,0x1d,0x0f,0x05,0x10,0x05,0x1f,
    0x1d,0x1f,0x07,0x10,0x07,0x0f,0x0b,0x0d,0x3f,0x09,0x00,0x06,0x0c,0x1f,0x0d,0x0c,0x01,0x02,0x1f,0x03,0x00,0x03,0x0e,0x0f,
    0x0e,0x0c,0x1f,0x0c,0x01,0x00,0x02,0x1f,0x03,0x00,0x03,0x1f,0x0d,0x0b,0x0e,0x0f,0x0c,0x01,0x20,0x00,0x0a,0x0f,0x09,0x20,
    0x02,0x0d,0x0f,0x09,0x00,0x01,0x0e,0x0f,0x06,0x10,0x05,0x1f,0x02,0x00,0x06,0x0d,0x0a,0x01,0x00,0x02,0x0d,0x0f,0x05,0x00,
    0x02,0x1f,0x09,0x01,0x00,0x07,0x1f,0x0a,0x50,0x05,0x1f,0x05,0x00,0x01,0x0a,0x0f,0x0c,0x10,0x0b,0x1f,0x07,0x12,0x01,0x0e,
    0x0f,0x06,0x10,0x05,0x1f,0x02,0x00,0x06,0x1f,0x06,0x00,0x01,0x0b,0x1f,0x05,0x00,0x01,0x0e,0x0f,0x06,0x10,0x05,0x1f,0x02,
    0x00,0x07,0x1f,0x09,0x01,0x02,0x0b,0x0f,0x0e,0x01,0x00,0x02,0x1f,0x03,0x10,0x02,0x1f,0x03,0x00,0x06,0x0d,0x0a,0x01,0x00,
    0x02,0x0d,0x0f,0x05,0x00,0x03,0x1f,0x03,0x00,0x09,0x0f,0x0b,0x10,0x02,0x0b,0x0a,0x01,0x20,0x00,0x0a,0x0f,0x0d,0x1a,0x0b,
    0x0e,0x1f,0x03,0x00,0x06,0x0f,0x0c,0x00,0x11,0x00,0x0b,0x0f,0x06,0x50,0x02,0x0d,0x0f,0x07,0x00,0x06,0x0f,0x0e,0x01,0x20,
    0x0c,0x0f,0x0a,0x50,0x0a,0x0f,0x0a,0x20,0x01,0x06,0x03,0x10,0x0b,0x0f,0x09,0x20,0x05,0x0f,0x0c,0x00,0x11,0x00,0x0b,0x0f,
    0x06,0x00,0x0b,0x0f,0x0a,0x20,0x02,0x1f,0x06,0x00,0x06,0x0f,0x0c,0x00,0x11,0x00,0x0b,0x0f,0x06,0x00,0x07,0x0f,0x0d,0x20,
    0x04,0x1f,0x02,0x00,0x02,0x1f,0x03,0x10,0x02,0x1f,0x03,0x50,0x02,0x0d,0x0f,0x07,0x00,0x03,0x1f,0x03,0x00,0x09,0x0f,0x0d,
    0x04,0x01,0x60,0x00,0x0a,0x5f,0x0d,0x04,0x10,0x08,0x7f,0x09,0x10,0x04,0x09,0x0c,0x0e,0x2f,0x07,0x00,0x08,0x0f,0x0c,0x30,
    0x09,0x0f,0x0a,0x50,0x0c,0x0f,0x07,0x70,0x0b,0x0f,0x07,0x00,0x01,0x00,0x08,0x7f,0x09,0x00,0x0c,0x0f,0x07,0x20,0x01,0x0d,
    0x0f,0x05,0x00,0x08,0x7f,0x09,0x00,0x07,0x0f,0x0c,0x20,0x03,0x1f,0x03,0x00,0x02,0x1f,0x03,0x10,0x02,0x1f,0x03,0x10,0x04,
    0x09,0x0c,0x0e,0x2f,0x07,0x00,0x03,0x1f,0x03,0x00,0x02,0x0d,0x1f,0x0e,0x0b,0x07,0x02,0x30,0x00,0x0a,0x0f,0x0b,0x14,0x0b,
    0x0f,0x0b,0x20,0x08,0x0f,0x0d,0x39,0x08,0x09,0x05,0x00,0x07,0x1f,0x0c,0x09,0x06,0x0c,0x0f,0x07,0x00,0x08,0x0f,0x0c,0x30,
    0x09,0x0f,0x0a,0x50,0x0c,0x0f,0x07,0x70,0x0b,0x0f,0x07,0x20,0x08,0x0f,0x0d,0x39,0x08,0x09,0x05,0x00,0x0c,0x0f,0x07,0x30,
    0x0d,0x0f,0x05,0x00,0x08,0x0f,0x0d,0x39,0x08,0x09,0x05,0x00,0x07,0x0f,0x0c,0x20,0x03,0x1f,0x03,0x00,0x02,0x1f,0x03,0x10,
    0x02,0x1f,0x03,0x00,0x07,0x1f,0x0c,0x09,0x06,0x0c,0x0f,0x07,0x00,0x03,0x1f,0x03,0x10,0x01,0x07,0x0b,0x0e,0x1f,0x0d,0x02,
    0x20,0x00,0x0a,0x0f,0x09,0x10,0x04,0x1f,0x06,0x10,0x05,0x0f,0x0d,0x60,0x01,0x0d,0x0f,0x06,0x20,0x0c,0x0f,0x07,0x00,0x06,
    0x0f,0x0e,0x01,0x20,0x0c,0x0f,0x0a,0x50,0x0a,0x0f,0x0a,0x20,0x01,0x06,0x04,0x10,0x0b,0x0f,0x07,0x20,0x05,0x0f,0x0d,0x70,
    0x0b,0x0f,0x0b,0x20,0x02,0x1f,0x06,0x00,0x06,0x0f,0x0d,0x70,0x07,0x0f,0x0c,0x20,0x03,0x1f,0x03,0x00,0x02,0x1f,0x03,0x10,
    0x02,0x1f,0x03,0x00,0x0e,0x0f,0x06,0x20,0x0c,0x0f,0x07,0x00,0x03,0x1f,0x03,0x10,0x01,0x10,0x01,0x04,0x0e,0x0f,0x07,0x20,
    0x00,0x0a,0x0f,0x0a,0x00,0x01,0x00,0x0a,0x0f,0x0d,0x01,0x00,0x01,0x0e,0x0f,0x08,0x01,0x00,0x03,0x1d,0x03,0x00,0x0e,0x0f,
    0x05,0x10,0x06,0x1f,0x07,0x00,0x02,0x1f,0x0a,0x01,0x00,0x07,0x1f,0x0a,0x50,0x05,0x1f,0x05,0x00,0x01,0x0a,0x0f,0x0d,0x10,
    0x0b,0x0f,0x07,0x20,0x01,0x0e,0x0f,0x08,0x01,0x00,0x03,0x1d,0x03,0x00,0x07,0x1f,0x06,0x00,0x01,0x0b,0x1f,0x05,0x00,0x02,
    0x0e,0x0f,0x08,0x01,0x00,0x03,0x1d,0x03,0x00,0x07,0x0f,0x0c,0x20,0x03,0x1f,0x03,0x00,0x02,0x1f,0x05,0x10,0x02,0x1f,0x03,
    0x00,0x0e,0x0f,0x05,0x10,0x06,0x1f,0x07,0x00,0x03,0x1f,0x03,0x00,0x0a,0x0e,0x09,0x10,0x01,0x0d,0x0f,0x06,0x20,0x00,0x0a,
    0x0f,0x0a,0x20,0x02,0x1f,0x07,0x10,0x05,0x1f,0x0d,0x0c,0x1f,0x0c,0x01,0x00,0x09,0x1f,0x0b,0x0c,0x0e,0x0d,0x0f,0x07,0x10,
    0x08,0x1f,0x1e,0x0f,0x0b,0x0f,0x0a,0x60,0x0a,0x1f,0x0d,0x0e,0x1f,0x04,0x10,0x0b,0x0f,0x07,0x30,0x05,0x1f,0x0d,0x0c,0x1f,
    0x0c,0x01,0x00,0x01,0x0c,0x1f,0x0d,0x0f,0x1d,0x0f,0x05,0x10,0x05,0x1f,0x0d,0x0c,0x1f,0x0c,0x01,0x00,0x07,0x0f,0x0c,0x20,
    0x03,0x1f,0x03,0x10,0x0c,0x0f,0x0e,0x0d,0x12,0x1f,0x03,0x00,0x09,0x1f,0x0b,0x0c,0x0e,0x0d,0x0f,0x07,0x00,0x03,0x1f,0x03,
    0x00,0x06,0x1f,0x0d,0x0b,0x1f,0x0c,0x01,0x20,0x00,0x09,0x0e,0x09,0x30,0x08,0x0e,0x0d,0x01,0x10,0x04,0x0a,0x0e,0x0f,0x0c,
    0x07,0x01,0x10,0x01,0x09,0x0d,0x0f,0x0c,0x04,0x09,0x0e,0x06,0x20,0x06,0x0c,0x0e,0x0c,0x04,0x07,0x0e,0x09,0x70,0x07,0x0c,
    0x1e,0x0a,0x04,0x20,0x0b,0x0e,0x07,0x40,0x04,0x0a,0x0e,0x0f,0x0c,0x07,0x01,0x20,0x01,0x09,0x0d,0x0e,0x0a,0x02,0x0b,0x0e,
    0x05,0x20,0x04,0x0a,0x0e,0x0f,0x0c,0x07,0x01,0x10,0x06,0x0e,0x0b,0x20,0x03,0x1e,0x02,0x10,0x03,0x0b,0x1e,0x03,0x02,0x1e,
    0x03,0x00,0x01,0x09,0x0d,0x0f,0x0c,0x04,0x09,0x0e,0x06,0x00,0x02,0x1e,0x03,0x10,0x04,0x0b,0x0e,0x0f,0x0d,0x08,0x01,0x30,
    0x00,0x21,0x40,0x11,0x40,0x11,0x70,0x01,0x10,0x11,0x50,0x01,0x10,0x21,0x90,0x11,0x40,0x11,0x70,0x11,0x80,0x01,0x10,0x11,
    0x50,0x11,0x50,0x11,0x30,0x11,0x40,0x11,0x10,0x11,0x40,0x01,0x10,0x11,0x20,0x11,0x40,0x11,0x60,0xf0,0xf0,0xf0,0xf0,0xf0,
    0xf0,0xf0,0xf0,0xf0,0x30,0xf0,0xf0,0xf0,0xf0,0xf0,0xf0,0xf0,0xf0,0xf0,0x30,0xf0,0xf0,0xf0,0xf0,0xf0,0xf0,0xf0,0xf0,0xf0,
    0x30,0xf0,0xf0,0xf0,0xf0,0xf0,0xf0,0xf0,0xf0,0xf0,0x30,0xf0,0xf0,0xf0,0xf0,0xf0,0xf0,0xf0,0xf0,0xf0,0xf0,0xf0,0x70,0xf0,
    0xf0,0xf0,0xf0,0xf0,0xf0,0xf0,0xf0,0xf0,0xf0,0xf0,0x70,0xf0,0xf0,0xf0,0xf0,0xf0,0xf0,0xf0,0xf0,0xf0,0xf0,0xf0,0x70,0xf0,
    0xf0,0xf0,0xf0,0xf0,0xf0,0xf0,0xf0,0xf0,0xf0,0xf0,0x70,0x00,0x31,0x60,0x21,0xd0,0x11,0x80,0x07,0x0b,0x04,0xc0,0x11,0xf0,
    0xf0,0xf0,0xe0,0x03,0x0b,0x07,0xf0,0x40,0x01,0x1a,0x01,0xf0,0xf0,0x20,0x00,0x09,0x1e,0x0d,0x01,0x40,0x06,0x2e,0x04,0xb0,
    0x02,0x1e,0x03,0x10,0x04,0x05,0x03,0x20,0x0e,0x0f,0x0a,0xc0,0x0b,0x0e,0x07,0xf0,0xf0,0xf0,0xd0,0x09,0x1f,0x01,0xf0,0x30,
    0x04,0x1f,0x05,0xf0,0xf0,0x20,0x00,0x0a,0x2f,0x06,0x40,0x0c,0x2f,0x04,0xb0,0x02,0x1f,0x03,0x10,0x0c,0x0f,0x08,0x20,0x05,
    0x09,0x02,0xc0,0x0b,0x0f,0x07,0xf0,0xf0,0xf0,0xd0,0x02,0x09,0x05,0xf0,0x50,0x07,0x08,0x01,0xf0,0xf0,0x20,0x00,0x0a,0x0f,
    0x0d,0x0f,0x0b,0x30,0x03,0x0f,0x1e,0x0f,0x04,0x10,0x11,0x30,0x21,0x00,0x02,0x1f,0x03,0x00,0x01,0x0b,0x0f,0x08,0x11,0x50,
    0x11,0x20,0x01,0x40,0x0b,0x0f,0x07,0x40,0x11,0x90,0x11,0x20,0x01,0x80,0x01,0x50,0x11,0x10,0x01,0x10,0x11,0x20,0x01,0x30,
    0x11,0xb0,0x11,0x70,0x01,0xd0,0x11,0x50,0x11,0x10,0x01,0x80,0x01,0x60,0x00,0x0a,0x0f,0x0a,0x0e,0x0f,0x03,0x20,0x08,0x0f,
    0x0a,0x0d,0x0f,0x04,0x00,0x02,0x1e,0x03,0x20,0x0b,0x0e,0x07,0x00,0x03,0x1f,0x12,0x4f,0x06,0x00,0x0b,0x0e,0x07,0x00,0x02,
    0x1e,0x02,0x08,0x1e,0x0a,0x03,0x20,0x0b,0x0f,0x07,0x20,0x04,0x0b,0x1e,0x0b,0x05,0x60,0x02,0x1e,0x02,0x08,0x1e,0x0a,0x03,
    0x30,0x02,0x09,0x0d,0x0e,0x0c,0x08,0x01,0x10,0x02,0x0e,0x0d,0x03,0x0a,0x0e,0x06,0x00,0x0b,0x0e,0x04,0x05,0x1d,0x09,0x00,
    0x02,0x0a,0x0e,0x0d,0x08,0x20,0x06,0x0e,0x0b,0x20,0x06,0x0c,0x1e,0x0c,0x05,0x20,0x01,0x08,0x0d,0x0f,0x0e,0x0a,0x03,0x10,
    0x02,0x1e,0x03,0x20,0x06,0x0c,0x1e,0x0a,0x04,0x20,0x06,0x0e,0x09,0x02,0x0b,0x0e,0x0d,0x08,0x30,0x03,0x0a,0x0e,0x0f,0x0d,
    0x08,0x01,0x30,0x00,0x0a,0x0f,0x08,0x0a,0x0f,0x08,0x20,0x0d,0x0f,0x06,0x0d,0x0f,0x04,0x00,0x03,0x1f,0x03,0x20,0x0c,0x0f,
    0x07,0x00,0x03,0x1f,0x12,0x0c,0x0e,0x0f,0x0d,0x0c,0x05,0x00,0x0c,0x0f,0x07,0x00,0x03,0x0f,0x0e,0x0b,0x0f,0x0d,0x1f,0x0e,
    0x02,0x10,0x0b,0x0f,0x07,0x10,0x05,0x1f,0x1d,0x1f,0x07,0x50,0x02,0x0f,0x0e,0x0b,0x0f,0x0d,0x1f,0x0e,0x02,0x10,0x02,0x0d,
    0x0f,0x0e,0x0c,0x1f,0x0b,0x01,0x00,0x02,0x0f,0x0e,0x0d,0x1f,0x07,0x00,0x0c,0x0f,0x0b,0x0f,0x0e,0x1f,0x07,0x0c,0x3f,0x08,
    0x10,0x07,0x0f,0x0c,0x10,0x07,0x1f,0x1c,0x1f,0x07,0x00,0x01,0x0c,0x1f,0x0b,0x0d,0x1f,0x03,0x00,0x03,0x1f,0x03,0x10,0x0a,
    0x1f,0x0d,0x0e,0x1f,0x05,0x10,0x07,0x0f,0x0b,0x0d,0x3f,0x08,0x10,0x03,0x1f,0x0d,0x0b,0x0e,0x0f,0x0c,0x01,0x20,0x00,0x0a,
    0x0f,0x08,0x06,0x0f,0x0d,0x01,0x00,0x04,0x0f,0x0e,0x03,0x0e,0x0f,0x04,0x00,0x03,0x1f,0x03,0x20,0x0c,0x0f,0x07,0x00,0x03,
    0x1f,0x03,0x10,0x0b,0x0f,0x08,0x20,0x0b,0x0f,0x07,0x00,0x03,0x1f,0x0d,0x03,0x00,0x03,0x0d,0x0f,0x0a,0x10,0x0b,0x0f,0x07,
    0x00,0x01,0x0e,0x0f,0x06,0x10,0x05,0x1f,0x02,0x40,0x02,0x1f,0x0d,0x03,0x00,0x03,0x0d,0x0f,0x0a,0x10,0x0a,0x0f,0x0a,0x01,
    0x00,0x02,0x0c,0x0f,0x06,0x00,0x03,0x1f,0x0d,0x04,0x02,0x01,0x00,0x0b,0x0f,0x0e,0x04,0x01,0x08,0x1f,0x0b,0x12,0x0b,0x0f,
    0x0d,0x10,0x07,0x0f,0x0c,0x10,0x0d,0x0f,0x07,0x10,0x06,0x0c,0x08,0x00,0x04,0x0f,0x0e,0x02,0x10,0x09,0x0b,0x05,0x00,0x03,
    0x1f,0x03,0x00,0x05,0x1f,0x05,0x00,0x01,0x0a,0x0f,0x0d,0x01,0x00,0x07,0x1f,0x09,0x01,0x02,0x0b,0x0f,0x0e,0x01,0x00,0x09,
    0x0f,0x0b,0x10,0x02,0x0b,0x0a,0x01,0x20,0x00,0x0a,0x0f,0x09,0x01,0x1f,0x04,0x00,0x09,0x0f,0x0a,0x01,0x0e,0x0f,0x04,0x00,
    0x03,0x1f,0x03,0x20,0x0c,0x0f,0x07,0x00,0x03,0x1f,0x03,0x10,0x0b,0x0f,0x08,0x20,0x0b,0x0f,0x07,0x00,0x03,0x1f,0x05,0x20,
    0x07,0x0f,0x0d,0x01,0x00,0x0b,0x0f,0x07,0x00,0x06,0x0f,0x0c,0x00,0x11,0x00,0x0b,0x0f,0x06,0x40,0x02,0x1f,0x05,0x20,0x07,
    0x0f,0x0d,0x00,0x01,0x0e,0x0f,0x03,0x00,0x01,0x00,0x07,0x0f,0x0b,0x00,0x03,0x1f,0x05,0x30,0x0b,0x0f,0x08,0x10,0x01,0x0e,
    0x0f,0x04,0x10,0x05,0x0f,0x0e,0x01,0x00,0x07,0x0f,0x0c,0x10,0x0d,0x0f,0x0a,0x02,0x40,0x04,0x1f,0x06,0x01,0x40,0x02,0x1f,
    0x03,0x00,0x0a,0x0f,0x0a,0x20,0x02,0x0e,0x0f,0x05,0x00,0x07,0x0f,0x0d,0x20,0x04,0x1f,0x03,0x00,0x09,0x0f,0x0d,0x04,0x01,
    0x60,0x00,0x0a,0x0f,0x09,0x00,0x0b,0x0f,0x08,0x00,0x0e,0x0f,0x04,0x01,0x0e,0x0f,0x04,0x00,0x03,0x1f,0x03,0x20,0x0c,0x0f,
    0x07,0x00,0x03,0x1f,0x03,0x10,0x0b,0x0f,0x08,0x20,0x0b,0x0f,0x07,0x00,0x03,0x1f,0x03,0x20,0x04,0x1f,0x02,0x00,0x0b,0x0f,
    0x07,0x00,0x08,0x7f,0x09,0x40,0x02,0x1f,0x03,0x20,0x04,0x1f,0x01,0x03,0x7f,0x0d,0x00,0x02,0x1f,0x03,0x30,0x0b,0x0f,0x07,
    0x10,0x01,0x0e,0x0f,0x04,0x10,0x04,0x0f,0x0e,0x01,0x00,0x07,0x0f,0x0c,0x10,0x06,0x2f,0x0d,0x0a,0x05,0x20,0x0a,0x2f,0x0c,
    0x09,0x03,0x10,0x02,0x1f,0x03,0x00,0x0c,0x0f,0x07,0x30,0x0c,0x0f,0x07,0x00,0x07,0x0f,0x0c,0x20,0x03,0x1f,0x03,0x00,0x02,
    0x0d,0x1f,0x0e,0x0b,0x07,0x02,0x30,0x00,0x0a,0x0f,0x09,0x00,0x06,0x0f,0x0b,0x03,0x0f,0x0e,0x00,0x01,0x0e,0x0f,0x04,0x00,
    0x03,0x1f,0x03,0x20,0x0c,0x0f,0x07,0x00,0x03,0x1f,0x03,0x10,0x0b,0x0f,0x08,0x20,0x0b,0x0f,0x07,0x00,0x03,0x1f,0x03,0x20,
    0x04,0x1f,0x02,0x00,0x0b,0x0f,0x07,0x00,0x08,0x0f,0x0d,0x39,0x08,0x09,0x05,0x40,0x02,0x1f,0x03,0x20,0x04,0x1f,0x01,0x03,
    0x1f,0x39,0x18,0x07,0x00,0x02,0x1f,0x03,0x30,0x0b,0x0f,0x07,0x10,0x01,0x0e,0x0f,0x04,0x10,0x04,0x0f,0x0e,0x01,0x00,0x07,
    0x0f,0x0c,0x20,0x03,0x08,0x0c,0x2f,0x09,0x20,0x05,0x0a,0x0d,0x2f,0x05,0x00,0x03,0x1f,0x03,0x00,0x0c,0x0f,0x07,0x30,0x0c,
    0x0f,0x07,0x00,0x07,0x0f,0x0c,0x20,0x03,0x1f,0x02,0x10,0x01,0x07,0x0b,0x0e,0x1f,0x0d,0x02,0x20,0x00,0x0a,0x0f,0x09,0x00,
    0x01,0x1e,0x09,0x0f,0x09,0x00,0x02,0x0e,0x0f,0x04,0x00,0x02,0x1f,0x04,0x20,0x0d,0x0f,0x07,0x00,0x03,0x1f,0x03,0x10,0x0b,
    0x0f,0x07,0x20,0x0b,0x0f,0x07,0x00,0x03,0x1f,0x06,0x20,0x07,0x0f,0x0d,0x01,0x00,0x0b,0x0f,0x07,0x00,0x06,0x0f,0x0d,0xb0,
    0x02,0x1f,0x06,0x20,0x07,0x0f,0x0d,0x00,0x01,0x0e,0x0f,0x03,0x60,0x02,0x1f,0x03,0x30,0x0b,0x0f,0x07,0x10,0x01,0x0e,0x0f,
    0x04,0x10,0x04,0x0f,0x0e,0x01,0x00,0x07,0x0f,0x0c,0x20,0x01,0x10,0x01,0x08,0x1f,0x02,0x00,0x01,0x20,0x02,0x0b,0x0f,0x0c,
    0x00,0x02,0x1f,0x03,0x00,0x0a,0x0f,0x0a,0x20,0x02,0x0e,0x0f,0x05,0x00,0x07,0x0f,0x0c,0x20,0x03,0x1f,0x02,0x10,0x01,0x10,
    0x01,0x04,0x0e,0x0f,0x07,0x20,0x00,0x0a,0x0f,0x09,0x10,0x0a,0x0f,0x0e,0x0f,0x04,0x00,0x02,0x0e,0x0f,0x04,0x00,0x01,0x0e,
    0x0f,0x0b,0x02,0x01,0x08,0x1f,0x07,0x00,0x03,0x1f,0x03,0x10,0x0b,0x0f,0x09,0x20,0x0b,0x0f,0x07,0x00,0x03,0x1f,0x0d,0x03,
    0x00,0x04,0x0d,0x0f,0x0a,0x10,0x0b,0x0f,0x07,0x00,0x02,0x0e,0x0f,0x08,0x01,0x00,0x03,0x1d,0x03,0x40,0x02,0x1f,0x0d,0x03,
    0x00,0x04,0x0d,0x0f,0x0a,0x10,0x0a,0x0f,0x0b,0x02,0x00,0x01,0x0a,0x0d,0x07,0x00,0x03,0x1f,0x03,0x30,0x0b,0x0f,0x07,0x10,
    0x01,0x0e,0x0f,0x04,0x10,0x04,0x0f,0x0e,0x01,0x00,0x07,0x0f,0x0c,0x00,0x02,0x0d,0x0e,0x05,0x10,0x05,0x1f,0x01,0x05,0x0e,
    0x0c,0x02,0x10,0x0a,0x0f,0x0b,0x00,0x03,0x1f,0x03,0x00,0x05,0x1f,0x05,0x00,0x01,0x0a,0x0f,0x0e,0x01,0x00,0x07,0x0f,0x0c,
    0x20,0x03,0x1f,0x03,0x00,0x0a,0x0e,0x09,0x10,0x01,0x0d,0x0f,0x06,0x20,0x00,0x0a,0x0f,0x09,0x10,0x04,0x1f,0x0c,0x10,0x02,
    0x0e,0x0f,0x04,0x10,0x08,0x3f,0x0d,0x0b,0x0f,0x07,0x00,0x03,0x1f,0x03,0x10,0x08,0x1f,0x0d,0x06,0x00,0x0c,0x0f,0x07,0x00,
    0x03,0x0f,0x0e,0x0c,0x0f,0x0d,0x1f,0x0e,0x02,0x10,0x0b,0x0f,0x07,0x10,0x05,0x1f,0x0d,0x0c,0x1f,0x0c,0x01,0x40,0x02,0x0f,
    0x0e,0x0c,0x0f,0x0d,0x1f,0x0e,0x02,0x10,0x02,0x0d,0x0f,0x0e,0x0c,0x0e,0x1f,0x04,0x00,0x03,0x1f,0x03,0x30,0x0b,0x0f,0x07,
    0x10,0x01,0x0e,0x0f,0x04,0x10,0x04,0x0f,0x0e,0x01,0x00,0x07,0x0f,0x0c,0x10,0x0a,0x1f,0x1c,0x1f,0x08,0x00,0x02,0x0e,0x0f,
    0x0e,0x0b,0x0d,0x1f,0x04,0x00,0x03,0x1f,0x03,0x10,0x0a,0x1f,0x0d,0x0e,0x1f,0x05,0x10,0x07,0x0f,0x0c,0x20,0x03,0x1f,0x03,
    0x00,0x06,0x1f,0x0d,0x0b,0x1f,0x0c,0x01,0x20,0x00,0x09,0x0e,0x08,0x20,0x0c,0x0e,0x07,0x10,0x01,0x0d,0x0e,0x04,0x20,0x08,
    0x0d,0x0e,0x0b,0x02,0x09,0x0e,0x07,0x00,0x02,0x1e,0x03,0x10,0x01,0x09,0x0d,0x0e,0x08,0x00,0x0b,0x0e,0x07,0x00,0x03,0x1f,
    0x03,0x08,0x1e,0x0a,0x03,0x20,0x0b,0x0e,0x07,0x20,0x04,0x0a,0x0e,0x0f,0x0c,0x07,0x01,0x50,0x02,0x1f,0x03,0x08,0x1e,0x0a,
    0x03,0x30,0x02,0x09,0x0d,0x0f,0x0d,0x09,0x02,0x10,0x02,0x1e,0x03,0x30,0x0b,0x0e,0x07,0x10,0x01,0x0d,0x0e,0x03,0x10,0x04,
    0x0e,0x0d,0x01,0x00,0x06,0x0e,0x0b,0x20,0x07,0x0c,0x1e,0x0c,0x06,0x20,0x02,0x09,0x0d,0x0f,0x0e,0x0a,0x03,0x10,0x02,0x1e,
    0x03,0x20,0x07,0x0c,0x1e,0x0a,0x04,0x20,0x06,0x0e,0x0b,0x20,0x03,0x1e,0x02,0x10,0x04,0x0b,0x0e,0x0f,0x0d,0x08,0x01,0x30,
    0x00,0x21,0x30,0x01,0x30,0x11,0x50,0x01,0x10,0x11,0x20,0x11,0x40,0x11,0x10,0x21,0x00,0x02,0x1f,0x03,0x00,0x11,0x40,0x11,
    0x50,0x11,0x80,0x02,0x1f,0x03,0x00,0x11,0x80,0x01,0x50,0x11,0x40,0x11,0x30,0x11,0x30,0x11,0x20,0x11,0x40,0x11,0x70,0x01,
    0x50,0x11,0x50,0x11,0x50,0x11,0x30,0x11,0x40,0x11,0x60,0xf0,0xf0,0xb0,0x02,0x1f,0x03,0xf0,0xa0,0x02,0x1f,0x03,0xf0,0xf0,
    0xf0,0xf0,0xf0,0xf0,0x80,0xf0,0xf0,0xb0,0x03,0x1f,0x03,0xf0,0xa0,0x03,0x1f,0x03,0xf0,0xf0,0xf0,0xf0,0xf0,0xf0,0x80,0xf0,
    0xf0,0xb0,0x01,0x17,0x01,0xf0,0xa0,0x01,0x17,0x01,0xf0,0xf0,0xf0,0xf0,0xf0,0xf0,0x80,0xf0,0xf0,0xf0,0xf0,0xf0,0xf0,0xf0,
    0xf0,0xf0,0xf0,0xf0,0x70,0xf0,0xf0,0xf0,0xf0,0xf0,0xf0,0xf0,0xc0,0xf0,0xf0,0xf0,0xf0,0xf0,0xf0,0xf0,0xc0,0xf0,0xf0,0xf0,
    0xf0,0xf0,0xf0,0xf0,0xc0,0xf0,0xf0,0xf0,0xf0,0xf0,0xf0,0xf0,0xc0,0x21,0x60,0x21,0xf0,0x10,0x07,0x0b,0x04,0x20,0x03,0x0a,
    0x0d,0x0c,0x04,0xe0,0x01,0x1a,0x01,0x70,0x21,0xf0,0xc0,0x01,0x1a,0x01,0xf0,0x30,0x06,0x1e,0x03,0x40,0x02,0x0d,0x0e,0x07,
    0xf0,0x10,0x0e,0x0f,0x0a,0x10,0x01,0x0d,0x2f,0x03,0xe0,0x04,0x1f,0x05,0x70,0x08,0x0e,0x09,0xf0,0x60,0x01,0x15,0x01,0x10,
    0x04,0x1f,0x05,0x00,0x01,0x15,0x01,0xe0,0x02,0x0e,0x0f,0x08,0x40,0x06,0x1f,0x03,0xf0,0x10,0x05,0x09,0x02,0x10,0x04,0x0f,
    0x0e,0x03,0x01,0xf0,0x00,0x07,0x08,0x01,0x70,0x09,0x0f,0x0a,0xf0,0x60,0x02,0x1f,0x03,0x20,0x07,0x08,0x01,0x00,0x02,0x1f,
    0x03,0xe0,0x00,0x0a,0x0f,0x0c,0x40,0x0b,0x0f,0x0b,0x40,0x01,0x50,0x11,0x10,0x01,0x50,0x01,0x06,0x0f,0x0d,0x01,0x10,0x11,
    0x50,0x11,0xd0,0x01,0x10,0x09,0x0f,0x0a,0x40,0x11,0x50,0x11,0x10,0x01,0x40,0x03,0x0e,0x0f,0x04,0x01,0x50,0x03,0x0e,0x0f,
    0x04,0x01,0x10,0x11,0x40,0x21,0x10,0x00,0x05,0x1f,0x03,0x20,0x02,0x0e,0x0f,0x06,0x10,0x02,0x09,0x0d,0x0e,0x0c,0x08,0x01,
    0x10,0x02,0x0e,0x0d,0x03,0x0a,0x0e,0x06,0x00,0x0b,0x0e,0x06,0x02,0x4f,0x0e,0x01,0x0a,0x0e,0x08,0x30,0x09,0x0e,0x0a,0x40,
    0x02,0x1e,0x03,0x20,0x06,0x0c,0x0e,0x0c,0x04,0x08,0x0f,0x0a,0x20,0x04,0x0b,0x1e,0x0b,0x05,0x20,0x06,0x0e,0x09,0x02,0x0b,
    0x0e,0x0d,0x08,0x01,0x00,0x07,0x3f,0x0e,0x01,0x02,0x1e,0x02,0x07,0x3f,0x0e,0x01,0x02,0x1e,0x04,0x20,0x01,0x0d,0x0e,0x05,
    0x10,0x00,0x01,0x0d,0x0f,0x08,0x20,0x06,0x0f,0x0e,0x02,0x00,0x02,0x0d,0x0f,0x0e,0x0c,0x1f,0x0b,0x01,0x00,0x02,0x0f,0x0e,
    0x0d,0x1f,0x07,0x00,0x0c,0x0f,0x07,0x01,0x0c,0x0d,0x0f,0x0e,0x0c,0x0b,0x00,0x06,0x0f,0x0d,0x01,0x10,0x01,0x0e,0x0f,0x05,
    0x40,0x02,0x1f,0x03,0x10,0x07,0x1f,0x1e,0x0f,0x0c,0x0f,0x0a,0x10,0x05,0x1f,0x1d,0x1f,0x07,0x10,0x07,0x0f,0x0b,0x0d,0x3f,
    0x09,0x00,0x06,0x0c,0x1f,0x0d,0x0c,0x01,0x02,0x1f,0x02,0x05,0x0c,0x1f,0x0d,0x0b,0x02,0x00,0x0b,0x0f,0x09,0x20,0x05,0x0f,
    0x0e,0x01,0x10,0x10,0x09,0x0f,0x0d,0x20,0x0b,0x0f,0x0a,0x10,0x0a,0x0f,0x0a,0x01,0x00,0x02,0x0c,0x0f,0x06,0x00,0x03,0x1f,
    0x0d,0x04,0x02,0x01,0x00,0x0b,0x0f,0x07,0x10,0x05,0x0f,0x0d,0x20,0x02,0x0e,0x0f,0x04,0x10,0x05,0x0f,0x0d,0x01,0x40,0x02,
    0x1f,0x03,0x00,0x02,0x1f,0x09,0x01,0x00,0x07,0x1f,0x0a,0x00,0x01,0x0e,0x0f,0x06,0x10,0x05,0x1f,0x02,0x00,0x07,0x1f,0x09,
    0x01,0x02,0x0b,0x0f,0x0e,0x01,0x00,0x02,0x1f,0x03,0x10,0x02,0x1f,0x03,0x00,0x02,0x1f,0x03,0x20,0x06,0x0f,0x0d,0x01,0x10,
    0x0a,0x0f,0x09,0x20,0x10,0x04,0x1f,0x04,0x00,0x02,0x0e,0x0f,0x06,0x00,0x02,0x0e,0x0f,0x03,0x00,0x01,0x00,0x07,0x0f,0x0b,
    0x00,0x03,0x1f,0x05,0x30,0x0b,0x0f,0x07,0x10,0x05,0x0f,0x0d,0x01,0x20,0x0a,0x0f,0x09,0x10,0x0a,0x0f,0x09,0x50,0x02,0x1f,
    0x03,0x00,0x06,0x0f,0x0e,0x01,0x20,0x0c,0x0f,0x0a,0x00,0x06,0x0f,0x0c,0x00,0x11,0x00,0x0b,0x0f,0x06,0x00,0x07,0x0f,0x0d,
    0x20,0x04,0x1f,0x02,0x00,0x02,0x1f,0x03,0x10,0x02,0x1f,0x03,0x00,0x02,0x1f,0x03,0x20,0x01,0x0e,0x0f,0x04,0x00,0x02,0x0e,
    0x0f,0x04,0x20,0x20,0x0c,0x0f,0x09,0x00,0x06,0x0f,0x0e,0x01,0x00,0x03,0x7f,0x0d,0x00,0x02,0x1f,0x03,0x30,0x0b,0x0f,0x07,
    0x10,0x05,0x0f,0x0d,0x30,0x05,0x0f,0x0d,0x00,0x01,0x0e,0x0f,0x03,0x50,0x02,0x1f,0x03,0x00,0x08,0x0f,0x0c,0x30,0x09,0x0f,
    0x0a,0x00,0x08,0x7f,0x09,0x00,0x07,0x0f,0x0c,0x20,0x03,0x1f,0x03,0x00,0x02,0x1f,0x03,0x10,0x02,0x1f,0x03,0x00,0x02,0x1f,
    0x03,0x30,0x09,0x0f,0x09,0x00,0x06,0x0f,0x0d,0x30,0x20,0x08,0x0f,0x0c,0x00,0x0a,0x0f,0x0a,0x10,0x03,0x1f,0x39,0x18,0x07,
    0x00,0x02,0x1f,0x03,0x30,0x0b,0x0f,0x07,0x10,0x05,0x0f,0x0d,0x30,0x01,0x0d,0x0f,0x03,0x05,0x0f,0x0c,0x60,0x02,0x1f,0x03,
    0x00,0x08,0x0f,0x0c,0x30,0x09,0x0f,0x0a,0x00,0x08,0x0f,0x0d,0x39,0x08,0x09,0x05,0x00,0x07,0x0f,0x0c,0x20,0x03,0x1f,0x03,
    0x00,0x02,0x1f,0x03,0x10,0x02,0x1f,0x03,0x00,0x02,0x1f,0x03,0x30,0x04,0x0f,0x0d,0x00,0x0a,0x0f,0x07,0x30,0x20,0x03,0x1f,
    0x03,0x0d,0x0f,0x05,0x10,0x01,0x0e,0x0f,0x03,0x60,0x02,0x1f,0x03,0x30,0x0b,0x0f,0x07,0x10,0x05,0x0f,0x0d,0x40,0x08,0x0f,
    0x07,0x09,0x0f,0x07,0x60,0x02,0x1f,0x03,0x00,0x06,0x0f,0x0e,0x01,0x20,0x0c,0x0f,0x0a,0x00,0x06,0x0f,0x0d,0x70,0x07,0x0f,
    0x0c,0x20,0x03,0x1f,0x03,0x00,0x02,0x1f,0x03,0x10,0x02,0x1f,0x03,0x00,0x02,0x1f,0x03,0x40,0x0d,0x0f,0x05,0x0d,0x0f,0x02,
    0x30,0x30,0x0c,0x0f,0x0a,0x0f,0x0e,0x01,0x20,0x0a,0x0f,0x0b,0x02,0x00,0x01,0x0a,0x0d,0x07,0x00,0x03,0x1f,0x03,0x30,0x0b,
    0x0f,0x07,0x10,0x05,0x0f,0x0d,0x40,0x03,0x0f,0x1d,0x0f,0x02,0x60,0x02,0x1f,0x03,0x00,0x02,0x1f,0x0a,0x01,0x00,0x07,0x1f,
    0x0a,0x00,0x02,0x0e,0x0f,0x08,0x01,0x00,0x03,0x1d,0x03,0x00,0x07,0x0f,0x0c,0x20,0x03,0x1f,0x03,0x00,0x02,0x1f,0x05,0x10,
    0x02,0x1f,0x03,0x00,0x02,0x1f,0x05,0x40,0x08,0x0f,0x0b,0x0f,0x0b,0x40,0x30,0x07,0x2f,0x09,0x30,0x02,0x0d,0x0f,0x0e,0x0c,
    0x0e,0x1f,0x04,0x00,0x03,0x1f,0x03,0x30,0x0b,0x0f,0x07,0x10,0x05,0x0f,0x0d,0x50,0x0c,0x1f,0x0b,0x70,0x02,0x1f,0x03,0x10,
    0x08,0x1f,0x1e,0x0f,0x0b,0x0f,0x0a,0x10,0x05,0x1f,0x0d,0x0c,0x1f,0x0c,0x01,0x00,0x07,0x0f,0x0c,0x20,0x03,0x1f,0x03,0x10,
    0x0c,0x0f,0x0e,0x0d,0x12,0x1f,0x03,0x10,0x0c,0x0f,0x0e,0x0d,0x02,0x20,0x03,0x2f,0x06,0x40,0x30,0x02,0x0d,0x1e,0x04,0x40,
    0x02,0x09,0x0d,0x0f,0x0d,0x09,0x02,0x10,0x02,0x1e,0x03,0x30,0x0b,0x0e,0x07,0x10,0x05,0x0e,0x0c,0x50,0x07,0x1f,0x05,0x70,
    0x02,0x1e,0x03,0x20,0x06,0x0c,0x0e,0x0c,0x04,0x07,0x0e,0x09,0x20,0x04,0x0a,0x0e,0x0f,0x0c,0x07,0x01,0x10,0x06,0x0e,0x0b,
    0x20,0x03,0x1e,0x02,0x10,0x03,0x0b,0x1e,0x03,0x02,0x1e,0x03,0x10,0x03,0x0b,0x1e,0x04,0x30,0x0b,0x0f,0x0e,0x01,0x40,0x40,
    0x21,0x80,0x01,0x50,0x11,0x40,0x11,0x30,0x11,0x50,0x06,0x0f,0x0d,0x01,0x80,0x11,0x50,0x01,0x10,0x21,0x40,0x11,0x50,0x11,
    0x30,0x11,0x40,0x11,0x10,0x11,0x40,0x11,0x40,0x0b,0x0f,0x09,0x50,0xf0,0xf0,0xa0,0x03,0x04,0x0c,0x0f,0x08,0xf0,0xf0,0xf0,
    0xf0,0x00,0x01,0x04,0x06,0x1f,0x03,0x50,0xf0,0xf0,0x90,0x01,0x2f,0x0c,0x01,0xf0,0xf0,0xf0,0xf0,0x00,0x05,0x2f,0x08,0x60,
    0xf0,0xf0,0x90,0x01,0x19,0x07,0x01,0xf0,0xf0,0xf0,0xf0,0x10,0x04,0x19,0x05,0x70,0xf0,0xf0,0xf0,0xf0,0xf0,0xf0,0xf0,0xc0,
    0xf0,0xf0,0xe0,0xf0,0xf0,0xe0,0xf0,0xf0,0xe0,0xf0,0xa0,0x01,0xf0,0x20,0x60,0x03,0x05,0x01,0x00,0x03,0x0d,0x0a,0xb0,0x06,
    0x0d,0x06,0xf0,0x10,0x60,0x09,0x0f,0x04,0x00,0x03,0x0f,0x0c,0xb0,0x08,0x0f,0x07,0x10,0x07,0x08,0x01,0xc0,0x60,0x08,0x0f,
    0x04,0x10,0x01,0xd0,0x01,0x20,0x0d,0x0f,0xd0,0x20,0x02,0x05,0x04,0x00,0x08,0x0f,0x04,0x00,0x01,0x05,0x03,0x30,0x03,0x05,
    0x02,0x00,0x04,0x05,0x10,0x02,0x05,0x02,0x01,0x05,0x0d,0x0f,0x06,0x04,0x20,0x02,0x15,0x02,0x40,0x10,0x09,0x2f,0x0a,0x08,
    0x0f,0x04,0x00,0x02,0x0f,0x0b,0x10,0x02,0x0c,0x2f,0x07,0x0c,0x0f,0x01,0x00,0x07,0x0f,0x05,0x02,0x3f,0x0d,0x10,0x09,0x3f,
    0x08,0x30,0x00,0x07,0x0f,0x0c,0x05,0x04,0x0b,0x0e,0x0f,0x04,0x00,0x02,0x0f,0x0b,0x10,0x0c,0x0f,0x09,0x04,0x06,0x1e,0x0d,
    0x01,0x00,0x06,0x0f,0x05,0x00,0x03,0x0d,0x0f,0x03,0x02,0x00,0x06,0x0f,0x0a,0x13,0x0b,0x0f,0x04,0x20,0x00,0x0d,0x0e,0x02,
    0x20,0x0d,0x0f,0x04,0x00,0x02,0x0f,0x0b,0x00,0x04,0x0f,0x0b,0x20,0x04,0x0f,0x0e,0x01,0x00,0x06,0x0f,0x06,0x10,0x0c,0x0f,
    0x20,0x09,0x0f,0x05,0x20,0x03,0x01,0x20,0x02,0x0f,0x0b,0x30,0x09,0x0f,0x04,0x00,0x02,0x0f,0x0b,0x00,0x07,0x0f,0x06,0x30,
    0x1e,0x01,0x00,0x06,0x0f,0x06,0x10,0x0c,0x0f,0x01,0x10,0x04,0x1f,0x0a,0x06,0x03,0x40,0x03,0x0f,0x0a,0x30,0x08,0x0f,0x04,
    0x00,0x02,0x0f,0x0b,0x00,0x08,0x0f,0x05,0x30,0x0d,0x0e,0x01,0x00,0x06,0x0f,0x06,0x10,0x0c,0x0f,0x01,0x20,0x04,0x0b,0x0e,
    0x1f,0x0b,0x01,0x20,0x02,0x0f,0x0c,0x30,0x0a,0x0f,0x04,0x00,0x02,0x0f,0x0b,0x00,0x06,0x0f,0x07,0x20,0x01,0x1e,0x01,0x00,
    0x06,0x0f,0x06,0x10,0x0c,0x0f,0x01,0x40,0x01,0x03,0x0a,0x0f,0x08,0x20,0x00,0x0c,0x0f,0x05,0x10,0x03,0x1f,0x04,0x00,0x02,
    0x0f,0x0b,0x00,0x03,0x0f,0x0d,0x02,0x10,0x08,0x0f,0x0d,0x01,0x00,0x06,0x0f,0x06,0x10,0x0c,0x0f,0x01,0x10,0x07,0x0b,0x02,
    0x10,0x03,0x0f,0x0a,0x20,0x00,0x04,0x1f,0x1a,0x0e,0x0c,0x0f,0x04,0x00,0x02,0x0f,0x0b,0x10,0x08,0x1f,0x0b,0x0c,0x1d,0x0e,
    0x01,0x00,0x07,0x0f,0x06,0x10,0x09,0x0f,0x0b,0x08,0x00,0x07,0x0f,0x0d,0x08,0x09,0x0e,0x0f,0x04,0x20,0x10,0x05,0x0c,0x0f,
    0x0e,0x05,0x06,0x0e,0x04,0x00,0x02,0x0e,0x0a,0x20,0x06,0x0b,0x0d,0x0a,0x02,0x0c,0x0e,0x01,0x00,0x06,0x0e,0x05,0x10,0x01,
    0x0a,0x0e,0x0d,0x01,0x00,0x06,0x0c,0x1f,0x0b,0x04,0x30,0x30,0x01,0x10,0x11,0x20,0x11,0x70,0x0d,0x0e,0x20,0x01,0x40,0x01,
    0x40,0x11,0x50,0xf0,0x1b,0x02,0x10,0x06,0x0f,0x0a,0xf0,0x60,0xf0,0x08,0x1f,0x0d,0x0e,0x0f,0x0d,0x02,0xf0,0x60,0xf0,0x00,
    0x03,0x08,0x1a,0x06,0x01,0xf0,0x70,0xf0,0xf0,0xe0,0xf0,0xf0,0x80,0xf0,0xf0,0x80,0xf0,0xf0,0x80,0xf0,0xf0,0x80,0xd0,0x01,
    0x1a,0x01,0xf0,0x60,0x00,0x02,0x05,0x04,0x90,0x04,0x1f,0x05,0xf0,0x60,0x00,0x06,0x0f,0x0d,0xa0,0x07,0x08,0x01,0xf0,0x60,
    0x01,0x07,0x0f,0x0c,0x11,0x10,0x11,0x10,0x01,0x90,0x01,0x80,0x11,0x50,0x0d,0x3f,0x0b,0x00,0x06,0x0e,0x0a,0x04,0x0c,0x0e,
    0x12,0x1e,0x03,0x20,0x07,0x0c,0x0e,0x0d,0x0a,0x03,0x30,0x06,0x0c,0x1e,0x0c,0x05,0x30,0x0a,0x0d,0x0f,0x0e,0x0c,0x09,0x00,
    0x07,0x0f,0x0c,0x0e,0x1f,0x12,0x1f,0x03,0x10,0x0a,0x1f,0x0c,0x0e,0x0f,0x0e,0x03,0x10,0x07,0x1f,0x1c,0x1f,0x07,0x20,0x00,
    0x06,0x0f,0x0c,0x20,0x07,0x1f,0x0a,0x03,0x02,0x00,0x02,0x1f,0x03,0x00,0x05,0x0f,0x0d,0x03,0x00,0x01,0x09,0x0f,0x0b,0x10,
    0x0d,0x0f,0x07,0x10,0x06,0x0c,0x08,0x20,0x00,0x06,0x0f,0x0c,0x20,0x07,0x0f,0x0d,0x30,0x02,0x1f,0x03,0x00,0x0a,0x0f,0x08,
    0x00,0x01,0x00,0x03,0x1e,0x02,0x00,0x0d,0x0f,0x0a,0x02,0x60,0x00,0x06,0x0f,0x0c,0x20,0x07,0x0f,0x0c,0x30,0x02,0x1f,0x03,
    0x00,0x0c,0x7f,0x04,0x00,0x06,0x2f,0x0d,0x0a,0x05,0x30,0x00,0x06,0x0f,0x0c,0x20,0x07,0x0f,0x0c,0x30,0x02,0x1f,0x03,0x00,
    0x0c,0x0f,0x0b,0x39,0x18,0x02,0x10,0x03,0x08,0x0c,0x2f,0x09,0x20,0x00,0x06,0x0f,0x0c,0x20,0x07,0x0f,0x0c,0x30,0x02,0x1f,
    0x03,0x00,0x0a,0x0f,0x08,0x80,0x01,0x10,0x01,0x08,0x1f,0x02,0x10,0x00,0x06,0x0f,0x0d,0x01,0x10,0x07,0x0f,0x0c,0x30,0x02,
    0x1f,0x03,0x00,0x05,0x0f,0x0e,0x04,0x10,0x07,0x0e,0x0a,0x00,0x02,0x0d,0x0e,0x05,0x10,0x05,0x0f,0x0e,0x02,0x10,0x00,0x03,
    0x1f,0x0e,0x0a,0x00,0x07,0x0f,0x0c,0x30,0x02,0x1f,0x03,0x10,0x0a,0x1f,0x0c,0x0d,0x1f,0x08,0x10,0x0a,0x1f,0x1c,0x1f,0x08,
    0x20,0x10,0x06,0x0c,0x0e,0x0c,0x00,0x06,0x0e,0x0b,0x30,0x02,0x1e,0x03,0x20,0x07,0x0c,0x1e,0x0b,0x05,0x30,0x07,0x0c,0x1e,
    0x0c,0x06,0x30,0x30,0x01,0x20,0x11,0x40,0x11,0x50,0x11,0x70,0x11,0x50,0xf0,0xf0,0x80,0xf0,0xf0,0x80,0xf0,0xf0,0x80,0xf0,
    0xf0,0x80,0xb0,0xb0,0xb0,0xb0,0xb0,0xb0,0xb0,0x30,0x11,0x50,0x10,0x06,0x0c,0x1e,0x0c,0x05,0x30,0x00,0x07,0x1f,0x1c,0x1f,
    0x07,0x20,0x00,0x0d,0x0f,0x07,0x10,0x06,0x0c,0x08,0x20,0x00,0x0d,0x0f,0x0a,0x02,0x60,0x00,0x06,0x2f,0x0d,0x0a,0x05,0x30,
    0x10,0x03,0x08,0x0c,0x2f,0x09,0x20,0x10,0x01,0x10,0x01,0x08,0x1f,0x02,0x10,0x02,0x0d,0x0e,0x05,0x10,0x05,0x0f,0x0e,0x02,
    0x10,0x00,0x0a,0x1f,0x1c,0x1f,0x08,0x20,0x10,0x07,0x0c,0x1e,0x0c,0x06,0x30,0x30,0x11,0x50,0xb0,0xb0,0xb0,0xb0,0xf0,0xf0,
    0xf0,0xf0,0xf0,0x20,0xf0,0xf0,0xf0,0xf0,0xf0,0x20,0xf0,0xf0,0xf0,0xf0,0xf0,0x20,0xf0,0xf0,0xf0,0xf0,0xf0,0x20,0xf0,0xf0,
    0xf0,0xf0,0xf0,0x20,0xf0,0xf0,0xf0,0xf0,0xf0,0x20,0x50,0x03,0x07,0x09,0x0a,0x08,0x05,0x01,0xf0,0xf0,0xf0,0xd0,0x01,0x25,
    0x30,0x30,0x03,0x0b,0x5f,0x0e,0x07,0xf0,0xf0,0xf0,0xc0,0x02,0x2f,0x01,0x20,0x20,0x04,0x0e,0x8f,0x0a,0xf0,0xf0,0xf0,0xb0,
    0x02,0x0e,0x0f,0x0e,0x01,0x20,0x10,0x02,0x0e,0x1f,0x0e,0x07,0x04,0x03,0x05,0x0b,0x2f,0x07,0xf0,0xf0,0xf0,0xa0,0x02,0x0e,
    0x0f,0x0e,0x01,0x20,0x10,0x0b,0x1f,0x0d,0x02,0x40,0x08,0x1f,0x0e,0x01,0x40,0x02,0x04,0x05,0x04,0x02,0x50,0x21,0x10,0x02,
    0x05,0x04,0x02,0x80,0x02,0x04,0x05,0x04,0x01,0x80,0x02,0x04,0x05,0x03,0x50,0x02,0x0e,0x0f,0x0e,0x01,0x20,0x00,0x03,0x2f,
    0x04,0x60,0x0d,0x1f,0x06,0x20,0x03,0x0a,0x0e,0x2f,0x0e,0x0a,0x02,0x20,0x01,0x0d,0x0e,0x0b,0x00,0x09,0x2f,0x0e,0x08,0x50,
    0x03,0x0a,0x0e,0x2f,0x0d,0x08,0x50,0x03,0x0b,0x0e,0x2f,0x0d,0x06,0x30,0x02,0x0e,0x0f,0x0e,0x01,0x20,0x00,0x07,0x1f,0x0c,
    0x70,0x04,0x16,0x03,0x10,0x03,0x0e,0x2f,0x0e,0x2f,0x0d,0x01,0x10,0x02,0x0e,0x0f,0x0c,0x09,0x5f,0x08,0x30,0x03,0x0e,0x6f,
    0x0b,0x30,0x03,0x0e,0x2f,0x0e,0x2f,0x08,0x20,0x02,0x0e,0x0f,0x0e,0x01,0x20,0x00,0x0a,0x1f,0x08,0xd0,0x0c,0x1f,0x0a,0x03,
    0x01,0x04,0x0c,0x1f,0x08,0x10,0x02,0x0e,0x0f,0x0e,0x0f,0x08,0x04,0x06,0x0c,0x1f,0x0e,0x02,0x10,0x01,0x0d,0x1f,0x0b,0x04,
    0x03,0x06,0x0e,0x1f,0x07,0x10,0x01,0x0d,0x1f,0x09,0x03,0x02,0x06,0x0e,0x1f,0x04,0x10,0x02,0x0e,0x0f,0x0e,0x01,0x20,0x00,
    0x0b,0x1f,0x06,0xd0,0x04,0x06,0x08,0x30,0x04,0x1f,0x0b,0x10,0x02,0x0e,0x1f,0x07,0x20,0x02,0x0e,0x1f,0x05,0x10,0x06,0x1f,
    0x0d,0x01,0x20,0x05,0x1f,0x0b,0x10,0x06,0x1f,0x0a,0x30,0x05,0x1f,0x0b,0x10,0x02,0x0e,0x0f,0x0e,0x01,0x20,0x00,0x0b,0x1f,
    0x05,0xf0,0x30,0x01,0x06,0x1f,0x0c,0x10,0x02,0x0e,0x0f,0x0e,0x02,0x30,0x0a,0x1f,0x06,0x10,0x0b,0x1f,0x06,0x40,0x05,0x02,
    0x20,0x0b,0x1f,0x03,0x40,0x0d,0x0f,0x0e,0x01,0x00,0x02,0x0e,0x0f,0x0e,0x01,0x20,0x00,0x0a,0x1f,0x06,0xe0,0x01,0x04,0x07,
    0x0a,0x0b,0x0d,0x2f,0x0c,0x10,0x02,0x0e,0x0f,0x0e,0x01,0x30,0x0a,0x1f,0x06,0x10,0x0d,0x1f,0x04,0x90,0x0d,0x1f,0x5b,0x0e,
    0x1f,0x03,0x00,0x02,0x0e,0x0f,0x0e,0x01,0x20,0x00,0x09,0x1f,0x09,0xd0,0x03,0x0c,0x4f,0x0e,0x1f,0x0c,0x10,0x02,0x0e,0x0f,
    0x0e,0x01,0x30,0x0a,0x1f,0x06,0x00,0x01,0x0d,0x1f,0x03,0x80,0x01,0x0d,0xaf,0x04,0x00,0x02,0x0e,0x0f,0x0e,0x01,0x20,0x00,
    0x05,0x1f,0x0d,0x70,0x07,0x1b,0x05,0x00,0x01,0x0e,0x1f,0x0c,0x07,0x05,0x03,0x04,0x1f,0x0c,0x10,0x02,0x0e,0x0f,0x0e,0x01,
    0x30,0x0a,0x1f,0x06,0x10,0x0d,0x1f,0x04,0x90,0x0d,0x1f,0x06,0x75,0x01,0x00,0x02,0x0e,0x0f,0x0e,0x01,0x20,0x00,0x01,0x0e,
    0x1f,0x07,0x50,0x02,0x2f,0x05,0x00,0x05,0x1f,0x0b,0x01,0x20,0x03,0x1f,0x0c,0x10,0x02,0x0e,0x0f,0x0e,0x01,0x30,0x0a,0x1f,
    0x06,0x10,0x0b,0x1f,0x06,0x40,0x06,0x04,0x01,0x10,0x0b,0x1f,0x03,0x90,0x02,0x0e,0x0f,0x0e,0x01,0x20,0x10,0x08,0x2f,0x06,
    0x30,0x02,0x0c,0x1f,0x0c,0x10,0x06,0x1f,0x08,0x30,0x08,0x1f,0x0c,0x10,0x02,0x0e,0x0f,0x0e,0x01,0x30,0x0a,0x1f,0x06,0x10,
    0x06,0x1f,0x0d,0x01,0x20,0x05,0x1f,0x0c,0x10,0x07,0x1f,0x0a,0x30,0x01,0x0a,0x08,0x04,0x10,0x02,0x0e,0x0f,0x0e,0x01,0x20,
    0x10,0x01,0x0c,0x2f,0x0c,0x08,0x07,0x0a,0x0e,0x2f,0x04,0x10,0x04,0x1f,0x0d,0x04,0x11,0x06,0x2f,0x0c,0x10,0x02,0x0e,0x0f,
    0x0e,0x01,0x30,0x0a,0x1f,0x06,0x10,0x01,0x0d,0x1f,0x0b,0x04,0x03,0x06,0x1e,0x0f,0x07,0x10,0x01,0x0e,0x1f,0x09,0x03,0x02,
    0x04,0x0b,0x1f,0x0b,0x10,0x02,0x0e,0x0f,0x0e,0x01,0x20,0x20,0x02,0x0c,0x7f,0x0e,0x05,0x20,0x01,0x0c,0x2f,0x0d,0x0e,0x0f,
    0x0b,0x0e,0x0f,0x0c,0x10,0x02,0x1f,0x0e,0x01,0x30,0x0a,0x1f,0x06,0x20,0x04,0x0e,0x6f,0x0b,0x30,0x04,0x0e,0x2f,0x0e,0x2f,
    0x0d,0x02,0x10,0x02,0x1f,0x0e,0x01,0x20,0x40,0x07,0x0c,0x3f,0x0e,0x09,0x02,0x40,0x02,0x0b,0x3f,0x08,0x02,0x0d,0x0e,0x0b,
    0x10,0x01,0x0d,0x0e,0x0d,0x01,0x30,0x09,0x1e,0x06,0x30,0x03,0x0a,0x0e,0x2f,0x0d,0x08,0x50,0x03,0x0b,0x0e,0x2f,0x0e,0x0a,
    0x02,0x20,0x01,0x0d,0x0e,0x0d,0x01,0x20,0x60,0x03,0x04,0x05,0x04,0x01,0x80,0x03,0x05,0x04,0x02,0x10,0x21,0x20,0x21,0x40,
    0x21,0x60,0x02,0x04,0x05,0x04,0x01,0x80,0x02,0x04,0x05,0x04,0x02,0x50,0x21,0x30,0xf0,0xf0,0xf0,0xf0,0xf0,0x20,0xf0,0xf0,
    0xf0,0xf0,0xf0,0x20,0xf0,0xf0,0xf0,0xf0,0xf0,0x20,0xf0,0xf0,0xf0,0xf0,0xf0,0x20,0xf0,0xf0,0xf0,0xf0,0xf0,0xf0,0xc0,0xf0,
    0xf0,0xf0,0xf0,0xf0,0xf0,0xc0,0xf0,0xf0,0xf0,0xf0,0xf0,0xf0,0xc0,0xf0,0xf0,0xf0,0xf0,0xf0,0xf0,0xc0,0xf0,0xf0,0xf0,0xf0,
    0xf0,0xf0,0xc0,0xf0,0xf0,0xf0,0xf0,0xf0,0xf0,0xc0,0x60,0x31,0xf0,0xf0,0xf0,0xf0,0xf0,0xf0,0x10,0x50,0x01,0x0d,0x2e,0x0a,
    0xf0,0xf0,0xf0,0xf0,0xf0,0xf0,0x00,0x50,0x04,0x4f,0x02,0xf0,0xf0,0xf0,0xf0,0xf0,0xf0,0x50,0x09,0x4f,0x06,0xf0,0xf0,0xf0,
    0xf0,0xf0,0xf0,0x40,0x01,0x0e,0x0f,0x0e,0x09,0x1f,0x0b,0xf0,0xf0,0xf0,0xf0,0xf0,0xf0,0x40,0x05,0x1f,0x0c,0x03,0x2f,0x02,
    0x50,0x01,0x25,0x10,0x01,0x04,0x05,0x03,0x50,0x01,0x25,0x10,0x01,0x04,0x05,0x03,0x60,0x04,0x15,0x02,0x00,0x01,0x15,0x01,
    0x40,0x03,0x05,0x04,0x03,0x40,0x01,0x25,0x02,0x50,0x02,0x25,0x50,0x02,0x04,0x05,0x03,0x01,0x60,0x40,0x0a,0x1f,0x09,0x00,
    0x0d,0x1f,0x07,0x50,0x04,0x2f,0x00,0x06,0x0e,0x2f,0x0c,0x04,0x30,0x04,0x2f,0x00,0x06,0x0e,0x2f,0x0c,0x04,0x30,0x01,0x0e,
    0x1f,0x04,0x05,0x0e,0x1f,0x03,0x20,0x07,0x0d,0x3f,0x0c,0x06,0x20,0x01,0x0e,0x1f,0x0a,0x50,0x0a,0x1f,0x0d,0x30,0x05,0x0c,
    0x3f,0x0d,0x07,0x50,0x30,0x01,0x0e,0x1f,0x06,0x00,0x09,0x1f,0x0c,0x50,0x04,0x1f,0x0d,0x06,0x6f,0x05,0x20,0x04,0x1f,0x0d,
    0x06,0x6f,0x05,0x30,0x0d,0x1f,0x08,0x3f,0x03,0x00,0x01,0x0b,0x7f,0x09,0x20,0x07,0x1f,0x0e,0x01,0x30,0x01,0x0e,0x1f,0x06,
    0x20,0x07,0x7f,0x0a,0x40,0x30,0x06,0x1f,0x0e,0x02,0x00,0x05,0x2f,0x03,0x40,0x04,0x1f,0x0e,0x0f,0x0d,0x08,0x06,0x09,0x2f,
    0x0e,0x02,0x10,0x04,0x1f,0x0e,0x0f,0x0d,0x08,0x06,0x09,0x2f,0x0e,0x02,0x20,0x0d,0x1f,0x0e,0x0f,0x0c,0x1a,0x02,0x00,0x09,
    0x2f,0x0a,0x16,0x0c,0x2f,0x07,0x10,0x02,0x2f,0x05,0x30,0x05,0x1f,0x0e,0x02,0x10,0x04,0x2f,0x0a,0x15,0x08,0x2f,0x08,0x30,
    0x30,0x0b,0x1f,0x0c,0x10,0x01,0x0e,0x1f,0x08,0x40,0x04,0x2f,0x0d,0x02,0x20,0x05,0x2f,0x08,0x10,0x04,0x2f,0x0d,0x02,0x20,
    0x05,0x2f,0x08,0x20,0x0d,0x2f,0x05,0x30,0x03,0x2f,0x08,0x30,0x0a,0x1f,0x0e,0x01,0x10,0x0b,0x1f,0x09,0x30,0x0a,0x1f,0x0a,
    0x20,0x0c,0x1f,0x09,0x30,0x06,0x1f,0x0e,0x01,0x20,0x20,0x02,0x0e,0x1f,0x07,0x00,0x01,0x00,0x0a,0x1f,0x0d,0x01,0x30,0x04,
    0x2f,0x06,0x40,0x0b,0x1f,0x0c,0x10,0x04,0x2f,0x06,0x40,0x0b,0x1f,0x0c,0x20,0x0d,0x1f,0x09,0x40,0x08,0x1f,0x0d,0x40,0x02,
    0x2f,0x05,0x10,0x06,0x1f,0x0e,0x01,0x10,0x01,0x0e,0x1f,0x05,0x10,0x03,0x1f,0x0e,0x50,0x0c,0x1f,0x05,0x20,0x20,0x06,0x2f,
    0x02,0x20,0x04,0x2f,0x04,0x30,0x04,0x2f,0x02,0x40,0x06,0x1f,0x0e,0x01,0x00,0x04,0x2f,0x02,0x40,0x06,0x1f,0x0e,0x01,0x00,
    0x01,0x0d,0x1f,0x06,0x40,0x0b,0x1f,0x0a,0x50,0x0c,0x1f,0x08,0x10,0x01,0x0e,0x1f,0x04,0x10,0x05,0x1f,0x0d,0x01,0x10,0x06,
    0x1f,0x0d,0x55,0x0b,0x1f,0x08,0x20,0x20,0x0b,0x1f,0x0e,0x36,0x07,0x2f,0x09,0x30,0x04,0x1f,0x0e,0x01,0x40,0x05,0x1f,0x0e,
    0x02,0x00,0x04,0x1f,0x0e,0x01,0x40,0x05,0x1f,0x0e,0x02,0x00,0x01,0x0d,0x1f,0x06,0x40,0x0c,0x1f,0x08,0x50,0x0a,0x1f,0x0a,
    0x20,0x0a,0x1f,0x09,0x10,0x0a,0x1f,0x09,0x20,0x08,0xbf,0x09,0x20,0x10,0x02,0xbf,0x0e,0x01,0x20,0x04,0x1f,0x0e,0x01,0x40,
    0x05,0x1f,0x0e,0x02,0x00,0x04,0x1f,0x0e,0x01,0x40,0x05,0x1f,0x0e,0x02,0x00,0x01,0x0d,0x1f,0x06,0x40,0x0c,0x1f,0x08,0x50,
    0x0a,0x1f,0x0a,0x20,0x04,0x1f,0x0e,0x00,0x01,0x0e,0x1f,0x03,0x20,0x08,0x1f,0x0e,0x8d,0x08,0x20,0x10,0x07,0xcf,0x05,0x20,
    0x04,0x2f,0x02,0x40,0x07,0x1f,0x0e,0x01,0x00,0x04,0x2f,0x02,0x40,0x07,0x1f,0x0e,0x01,0x00,0x01,0x0d,0x1f,0x06,0x40,0x0b,
    0x1f,0x09,0x50,0x0c,0x1f,0x09,0x20,0x01,0x0d,0x1f,0x03,0x04,0x1f,0x0c,0x30,0x06,0x1f,0x0c,0x40,0x01,0x10,0x01,0x30,0x10,
    0x0c,0x1f,0x0d,0x65,0x0e,0x1f,0x0a,0x20,0x04,0x2f,0x06,0x40,0x0b,0x1f,0x0c,0x10,0x04,0x2f,0x06,0x40,0x0b,0x1f,0x0c,0x20,
    0x0d,0x1f,0x06,0x40,0x08,0x1f,0x0d,0x40,0x02,0x0e,0x1f,0x05,0x30,0x08,0x1f,0x17,0x1f,0x07,0x30,0x03,0x1f,0x0e,0x01,0xb0,
    0x00,0x03,0x2f,0x07,0x60,0x0a,0x1f,0x0e,0x02,0x10,0x04,0x2f,0x0d,0x02,0x20,0x05,0x2f,0x08,0x10,0x04,0x2f,0x0d,0x02,0x20,
    0x05,0x2f,0x08,0x20,0x0d,0x1f,0x06,0x40,0x03,0x2f,0x08,0x30,0x0a,0x1f,0x0e,0x01,0x30,0x03,0x1f,0x0b,0x0c,0x0f,0x0e,0x02,
    0x40,0x0d,0x1f,0x09,0x30,0x01,0x0d,0x0c,0x0a,0x03,0x20,0x00,0x07,0x2f,0x03,0x60,0x05,0x2f,0x06,0x10,0x04,0x3f,0x0d,0x08,
    0x06,0x09,0x2f,0x0e,0x02,0x10,0x04,0x3f,0x0d,0x08,0x06,0x09,0x2f,0x0e,0x02,0x20,0x0d,0x1f,0x06,0x50,0x09,0x2f,0x0a,0x16,
    0x0b,0x2f,0x07,0x50,0x0c,0x3f,0x0b,0x50,0x05,0x2f,0x0b,0x15,0x07,0x0d,0x2f,0x02,0x20,0x00,0x0c,0x1f,0x0c,0x70,0x01,0x0e,
    0x1f,0x0b,0x10,0x04,0x1f,0x0e,0x07,0x6f,0x05,0x20,0x04,0x1f,0x0e,0x07,0x6f,0x05,0x30,0x0d,0x1f,0x06,0x50,0x01,0x0b,0x7f,
    0x09,0x60,0x07,0x3f,0x05,0x60,0x08,0x7f,0x0e,0x04,0x30,0x03,0x2e,0x07,0x80,0x08,0x2e,0x02,0x00,0x04,0x1f,0x0e,0x01,0x06,
    0x0e,0x2f,0x0c,0x04,0x30,0x04,0x1f,0x0e,0x01,0x06,0x0e,0x2f,0x0c,0x04,0x40,0x0c,0x1e,0x05,0x70,0x07,0x0d,0x3f,0x0c,0x06,
    0x70,0x02,0x0d,0x1e,0x0d,0x01,0x70,0x05,0x0c,0x0e,0x2f,0x0e,0x0a,0x03,0x40,0x31,0xa0,0x31,0x00,0x04,0x1f,0x0e,0x02,0x00,
    0x01,0x04,0x05,0x03,0x50,0x04,0x1f,0x0e,0x02,0x00,0x01,0x04,0x05,0x03,0x60,0x21,0x90,0x01,0x03,0x05,0x04,0x03,0xa0,0x31,
    0xa0,0x02,0x04,0x05,0x04,0x02,0x60,0xf0,0x30,0x04,0x1f,0x0e,0x02,0xa0,0x04,0x1f,0x0e,0x02,0xf0,0xf0,0xf0,0xf0,0x30,0xf0,
    0x30,0x04,0x1f,0x0e,0x02,0xa0,0x04,0x1f,0x0e,0x02,0xf0,0xf0,0xf0,0xf0,0x30,0xf0,0x30,0x04,0x1f,0x0e,0x02,0xa0,0x04,0x1f,
    0x0e,0x02,0xf0,0xf0,0xf0,0xf0,0x30,0xf0,0x30,0x04,0x1f,0x0e,0x02,0xa0,0x04,0x1f,0x0e,0x02,0xf0,0xf0,0xf0,0xf0,0x30,0xf0,
    0xf0,0xf0,0xb0,0xf0,0xf0,0xf0,0xb0,0xf0,0xf0,0xf0,0xb0,0xf0,0xf0,0xf0,0xb0,0xf0,0xf0,0x20,0x04,0x03,0x40,0x01,0x04,0x05,
    0x03,0xd0,0x04,0x1a,0x05,0x60,0x08,0x0a,0x09,0xf0,0x30,0x05,0x1f,0x04,0x20,0x03,0x0d,0x2f,0x02,0xc0,0x03,0x1f,0x0b,0x50,
    0x03,0x1f,0x0b,0xf0,0x30,0x06,0x1f,0x05,0x20,0x0c,0x1f,0x0c,0x0a,0xd0,0x00,0x0b,0x0f,0x0e,0x02,0x40,0x07,0x1f,0x05,0xf0,
    0x40,0x05,0x04,0x20,0x02,0x1f,0x08,0xf0,0x00,0x06,0x1f,0x06,0x40,0x0c,0x0f,0x0d,0x01,0x40,0x01,0x60,0x11,0x10,0x11,0x50,
    0x01,0x03,0x1f,0x06,0x11,0x00,0x11,0x50,0x21,0x10,0x00,0x01,0x0e,0x0f,0x0b,0x30,0x03,0x1f,0x09,0x20,0x03,0x0a,0x0d,0x0e,
    0x0c,0x08,0x01,0x20,0x05,0x1e,0x03,0x08,0x0d,0x0c,0x00,0x04,0x1e,0x03,0x02,0x1e,0x1f,0x1e,0x0a,0x01,0x1e,0x08,0x30,0x02,
    0x1e,0x07,0x10,0x10,0x0a,0x0f,0x0e,0x02,0x20,0x07,0x1f,0x04,0x10,0x05,0x2f,0x0e,0x1f,0x0d,0x02,0x10,0x05,0x0f,0x0e,0x0a,
    0x1f,0x0e,0x00,0x05,0x1f,0x03,0x02,0x1e,0x1f,0x1e,0x0b,0x00,0x0b,0x0f,0x0d,0x01,0x20,0x07,0x1f,0x03,0x10,0x10,0x05,0x1f,
    0x07,0x20,0x0c,0x0f,0x0d,0x01,0x00,0x02,0x0e,0x0f,0x0b,0x03,0x01,0x05,0x0e,0x0f,0x0a,0x10,0x05,0x2f,0x09,0x05,0x04,0x00,
    0x05,0x1f,0x04,0x00,0x01,0x03,0x1f,0x06,0x11,0x00,0x05,0x1f,0x04,0x20,0x0c,0x0f,0x0b,0x20,0x10,0x01,0x0e,0x0f,0x0b,0x10,
    0x02,0x1f,0x09,0x10,0x07,0x0f,0x0e,0x01,0x20,0x06,0x0f,0x0e,0x02,0x00,0x05,0x1f,0x08,0x30,0x05,0x1f,0x04,0x10,0x02,0x1f,
    0x06,0x20,0x01,0x0d,0x0f,0x09,0x10,0x03,0x1f,0x06,0x20,0x20,0x09,0x0f,0x0e,0x02,0x00,0x07,0x1f,0x04,0x10,0x0a,0x0f,0x0d,
    0x05,0x26,0x08,0x1f,0x04,0x00,0x05,0x1f,0x03,0x30,0x05,0x1f,0x04,0x10,0x03,0x1f,0x06,0x30,0x09,0x0f,0x0d,0x01,0x00,0x08,
    0x0f,0x0e,0x01,0x20,0x20,0x04,0x1f,0x06,0x00,0x0b,0x0f,0x0d,0x20,0x0b,0x8f,0x05,0x00,0x05,0x1f,0x04,0x30,0x05,0x1f,0x04,
    0x10,0x03,0x1f,0x06,0x30,0x03,0x1f,0x04,0x00,0x0d,0x0f,0x09,0x30,0x20,0x01,0x0d,0x0f,0x0a,0x01,0x0e,0x0f,0x08,0x20,0x0b,
    0x0f,0x0c,0x65,0x02,0x00,0x05,0x1f,0x04,0x30,0x05,0x1f,0x04,0x10,0x03,0x1f,0x06,0x40,0x0c,0x0f,0x08,0x02,0x1f,0x04,0x30,
    0x30,0x08,0x0f,0x0c,0x05,0x1f,0x03,0x20,0x09,0x0f,0x0d,0x80,0x05,0x1f,0x04,0x30,0x05,0x1f,0x04,0x10,0x03,0x1f,0x06,0x40,
    0x07,0x0f,0x0b,0x07,0x0f,0x0c,0x40,0x30,0x03,0x0f,0x0e,0x0c,0x0f,0x0c,0x30,0x03,0x1f,0x08,0x20,0x08,0x0e,0x0b,0x01,0x00,
    0x05,0x1f,0x04,0x30,0x05,0x1f,0x04,0x10,0x03,0x1f,0x06,0x40,0x02,0x0f,0x0e,0x0d,0x0f,0x07,0x40,0x40,0x0d,0x2f,0x07,0x40,
    0x09,0x1f,0x0c,0x0a,0x0c,0x1f,0x0a,0x10,0x05,0x1f,0x04,0x30,0x05,0x1f,0x04,0x10,0x03,0x1f,0x06,0x50,0x0b,0x2f,0x02,0x40,
    0x40,0x07,0x2e,0x03,0x50,0x07,0x0d,0x2f,0x0e,0x08,0x20,0x05,0x1e,0x03,0x30,0x05,0x1e,0x03,0x10,0x02,0x1e,0x05,0x50,0x05,
    0x1f,0x0b,0x50,0x50,0x21,0x70,0x01,0x04,0x05,0x04,0x01,0x40,0x11,0x50,0x11,0x30,0x11,0x60,0x04,0x1f,0x05,0x50,0xf0,0xf0,
    0xf0,0x12,0x0b,0x0f,0x0d,0x01,0x50,0xf0,0xf0,0xe0,0x02,0x0e,0x2f,0x06,0x60,0xf0,0xf0,0xe0,0x04,0x1e,0x0c,0x06,0x70,0xf0,
    0xf0,0xf0,0x11,0x90,0xf0,0xf0,0xf0,0xf0,0xf0,0xf0,0xf0,0xf0,0xf0,0xf0,0xf0,0xf0,0xf0,0xe0,0xf0,0xf0,0xf0,0xf0,0xf0,0xf0,
    0xf0,0xf0,0xf0,0xf0,0xf0,0xf0,0xf0,0xe0,0xf0,0xf0,0xf0,0xf0,0xf0,0xf0,0xf0,0xf0,0xf0,0xf0,0xf0,0xf0,0xf0,0xe0,0xf0,0xf0,
    0xf0,0xf0,0xf0,0xf0,0xf0,0xf0,0xf0,0xf0,0xf0,0xf0,0xf0,0xe0,0xf0,0xf0,0xf0,0xf0,0xf0,0xf0,0xf0,0xf0,0xf0,0xf0,0xf0,0xf0,
    0xf0,0xe0,0xf0,0xf0,0xf0,0xf0,0xf0,0xf0,0xf0,0xf0,0xf0,0xf0,0xf0,0xf0,0xf0,0xe0,0xf0,0xf0,0xf0,0xb0,0x01,0x04,0x05,0x04,
    0x02,0x20,0x01,0x05,0x02,0xf0,0xf0,0xf0,0xf0,0xf0,0xf0,0xf0,0xf0,0xf0,0x70,0x60,0x03,0x06,0x09,0x0a,0x09,0x07,0x04,0x01,
    0xf0,0xf0,0xb0,0x07,0x0d,0x2f,0x0e,0x02,0x00,0x02,0x0d,0x0f,0x0e,0x05,0xf0,0xf0,0xf0,0xf0,0xf0,0xf0,0xf0,0xf0,0xf0,0x60,
    0x40,0x02,0x0a,0x6f,0x0d,0x06,0xf0,0xf0,0x90,0x07,0x4f,0x0d,0x10,0x06,0x0f,0x0e,0x0f,0x0b,0xf0,0xf0,0xf0,0xf0,0xf0,0xf0,
    0xf0,0xf0,0xc0,0x21,0x60,0x30,0x04,0x0e,0x9f,0x0a,0x01,0xf0,0xf0,0x60,0x01,0x0e,0x2f,0x0b,0x0a,0x07,0x10,0x03,0x0e,0x1f,
    0x07,0xf0,0xf0,0xf0,0xf0,0xf0,0xf0,0xf0,0xf0,0xb0,0x03,0x0e,0x0d,0x0e,0x05,0x50,0x20,0x04,0x4f,0x0b,0x1a,0x0d,0x3f,0x0a,
    0xf0,0xf0,0x60,0x03,0x2f,0x08,0x50,0x03,0x08,0x05,0xf0,0xf0,0xf0,0xf0,0xf0,0xf0,0xf0,0xf0,0xc0,0x04,0x2f,0x05,0x50,0x10,
    0x01,0x0d,0x2f,0x0a,0x02,0x30,0x05,0x0e,0x2f,0x05,0xf0,0xf0,0x50,0x03,0x2f,0x03,0xf0,0xf0,0xf0,0xf0,0xf0,0xf0,0xf0,0xf0,
    0xf0,0x50,0x03,0x2f,0x04,0x50,0x10,0x07,0x2f,0x0a,0x60,0x04,0x2f,0x0c,0x70,0x03,0x04,0x05,0x03,0x01,0x60,0x02,0x15,0x04,
    0x20,0x03,0x05,0x04,0x02,0x30,0x01,0x15,0x08,0x2f,0x08,0x15,0x03,0x10,0x01,0x25,0x02,0x20,0x04,0x15,0x03,0x10,0x03,0x05,
    0x04,0x10,0x02,0x15,0x04,0x10,0x04,0x09,0x0a,0x07,0x02,0x20,0x01,0x06,0x09,0x0a,0x07,0x02,0xb0,0x01,0x25,0x02,0x00,0x01,
    0x04,0x05,0x03,0x40,0x01,0x03,0x05,0x04,0x02,0xa0,0x01,0x04,0x05,0x04,0x01,0x10,0x04,0x15,0x03,0x20,0x04,0x15,0x04,0x50,
    0x25,0x03,0x70,0x03,0x04,0x05,0x03,0x01,0x90,0x02,0x04,0x15,0x03,0x40,0x02,0x05,0x07,0x2f,0x08,0x15,0x01,0x20,0x10,0x0d,
    0x1f,0x0e,0x01,0x70,0x0a,0x2f,0x02,0x40,0x06,0x0c,0x3f,0x0e,0x09,0x02,0x40,0x07,0x1f,0x0e,0x00,0x04,0x0c,0x2f,0x0e,0x09,
    0x01,0x10,0x02,0x8f,0x09,0x10,0x02,0x2f,0x07,0x20,0x0c,0x1f,0x0a,0x01,0x0b,0x1f,0x0e,0x01,0x00,0x07,0x1f,0x0e,0x00,0x09,
    0x3f,0x0d,0x03,0x00,0x04,0x0d,0x3f,0x0e,0x06,0xa0,0x02,0x2f,0x05,0x03,0x0d,0x1f,0x09,0x20,0x02,0x09,0x0e,0x3f,0x0c,0x05,
    0x70,0x07,0x0d,0x2f,0x0d,0x06,0x00,0x0e,0x1f,0x0a,0x20,0x0c,0x1f,0x0c,0x40,0x01,0x2f,0x09,0x50,0x06,0x0c,0x3f,0x0d,0x08,
    0x01,0x50,0x03,0x0a,0x0e,0x3f,0x0d,0x07,0x20,0x06,0x7f,0x05,0x20,0x00,0x03,0x2f,0x09,0x80,0x02,0x26,0x02,0x20,0x01,0x0a,
    0x7f,0x0d,0x03,0x30,0x07,0x1f,0x0c,0x04,0x6f,0x0a,0x10,0x02,0x8f,0x09,0x10,0x02,0x0e,0x1f,0x06,0x20,0x0b,0x1f,0x19,0x2f,
    0x0d,0x01,0x00,0x07,0x1f,0x0c,0x08,0x5f,0x0b,0x03,0x7f,0x03,0x90,0x02,0x0e,0x1f,0x06,0x0d,0x2f,0x09,0x10,0x03,0x0d,0x7f,
    0x08,0x50,0x0a,0x6f,0x06,0x0c,0x1f,0x09,0x20,0x0b,0x1f,0x0b,0x40,0x01,0x0e,0x1f,0x09,0x30,0x01,0x0a,0x7f,0x0c,0x01,0x30,
    0x04,0x8f,0x0a,0x10,0x06,0x7f,0x05,0x20,0x00,0x06,0x2f,0x05,0xf0,0x00,0x09,0x2f,0x0e,0x0a,0x09,0x0c,0x2f,0x0e,0x02,0x20,
    0x07,0x1f,0x1d,0x0f,0x0c,0x0a,0x0d,0x3f,0x05,0x00,0x01,0x17,0x09,0x2f,0x09,0x17,0x04,0x10,0x02,0x2f,0x07,0x20,0x0b,0x1f,
    0x0e,0x1f,0x1d,0x0c,0x01,0x00,0x07,0x3f,0x0b,0x06,0x07,0x0d,0x1f,0x0e,0x0d,0x0f,0x0a,0x06,0x07,0x0d,0x2f,0x0a,0x90,0x02,
    0x2f,0x0d,0x1f,0x1d,0x08,0x00,0x01,0x0d,0x2f,0x0a,0x07,0x08,0x0d,0x2f,0x06,0x30,0x08,0x3f,0x0b,0x09,0x0b,0x1f,0x0e,0x1f,
    0x09,0x20,0x0b,0x1f,0x0b,0x40,0x01,0x0e,0x1f,0x09,0x30,0x09,0x2f,0x0c,0x08,0x07,0x0b,0x2f,0x0b,0x20,0x01,0x0e,0x2f,0x09,
    0x05,0x06,0x0b,0x2f,0x07,0x00,0x03,0x07,0x09,0x2f,0x0a,0x17,0x02,0x20,0x00,0x08,0x2f,0x03,0xf0,0x04,0x2f,0x0c,0x02,0x20,
    0x07,0x2f,0x09,0x20,0x07,0x2f,0x0e,0x04,0x20,0x08,0x2f,0x0a,0x30,0x03,0x2f,0x04,0x40,0x02,0x2f,0x07,0x20,0x0b,0x2f,0x0d,
    0x04,0x01,0x00,0x01,0x10,0x07,0x2f,0x0b,0x20,0x01,0x0d,0x2f,0x08,0x20,0x02,0x0e,0x1f,0x0d,0x90,0x02,0x3f,0x0a,0x02,0x10,
    0x01,0x00,0x08,0x1f,0x0e,0x04,0x20,0x01,0x0b,0x1f,0x0e,0x01,0x10,0x01,0x0e,0x1f,0x0e,0x05,0x20,0x05,0x3f,0x09,0x20,0x0b,
    0x1f,0x0b,0x40,0x01,0x0e,0x1f,0x09,0x20,0x04,0x2f,0x08,0x30,0x07,0x2f,0x05,0x10,0x04,0x2f,0x06,0x30,0x0a,0x0e,0x0c,0x08,
    0x20,0x03,0x2f,0x04,0x50,0x00,0x09,0x2f,0x02,0xf0,0x0a,0x2f,0x03,0x40,0x0b,0x1f,0x0e,0x01,0x10,0x07,0x2f,0x07,0x40,0x0d,
    0x1f,0x0c,0x30,0x04,0x2f,0x05,0x40,0x02,0x2f,0x07,0x20,0x0b,0x2f,0x03,0x50,0x07,0x2f,0x04,0x30,0x08,0x2f,0x02,0x30,0x09,
    0x1f,0x0e,0x01,0x80,0x02,0x2f,0x0c,0x40,0x01,0x0e,0x1f,0x07,0x40,0x02,0x0e,0x1f,0x05,0x10,0x06,0x2f,0x07,0x40,0x08,0x2f,
    0x09,0x20,0x0b,0x1f,0x0b,0x40,0x01,0x0e,0x1f,0x09,0x20,0x0a,0x1f,0x0c,0x50,0x0b,0x1f,0x0a,0x10,0x05,0x2f,0x04,0x30,0x01,
    0x02,0x40,0x04,0x2f,0x05,0x50,0x00,0x08,0x2f,0x02,0xf0,0x0d,0x1f,0x0b,0x50,0x06,0x2f,0x04,0x10,0x07,0x2f,0x03,0x40,0x0a,
    0x1f,0x0d,0x30,0x04,0x2f,0x04,0x40,0x02,0x2f,0x07,0x20,0x0b,0x1f,0x0c,0x60,0x07,0x2f,0x02,0x30,0x07,0x1f,0x0e,0x01,0x30,
    0x08,0x1f,0x0e,0x01,0x80,0x02,0x2f,0x07,0x40,0x04,0x2f,0x04,0x51,0x0c,0x1f,0x08,0x10,0x09,0x2f,0x02,0x40,0x02,0x2f,0x09,
    0x20,0x0b,0x1f,0x0b,0x40,0x01,0x0e,0x1f,0x09,0x20,0x0d,0x1f,0x08,0x51,0x08,0x1f,0x0d,0x10,0x03,0x2f,0x0e,0x06,0x02,0x01,
    0x70,0x04,0x2f,0x05,0x50,0x00,0x07,0x2f,0x03,0xe0,0x01,0x0e,0x1f,0x09,0x50,0x03,0x2f,0x06,0x10,0x07,0x2f,0x02,0x40,0x0a,
    0x1f,0x0d,0x30,0x04,0x2f,0x04,0x40,0x02,0x2f,0x07,0x20,0x0b,0x1f,0x0b,0x60,0x07,0x2f,0x02,0x30,0x07,0x1f,0x0e,0x01,0x30,
    0x09,0x1f,0x0e,0x01,0x80,0x02,0x2f,0x06,0x40,0x06,0x2f,0x7e,0x1f,0x0a,0x10,0x0b,0x1f,0x0d,0x50,0x01,0x0e,0x1f,0x09,0x20,
    0x0b,0x1f,0x0b,0x40,0x01,0x0e,0x1f,0x09,0x10,0x01,0x0e,0x1f,0x7e,0x1f,0x0e,0x01,0x10,0x0a,0x4f,0x0d,0x0a,0x07,0x03,0x40,
    0x04,0x2f,0x05,0x50,0x00,0x05,0x2f,0x06,0xe0,0x02,0x2f,0x08,0x50,0x02,0x2f,0x07,0x10,0x07,0x2f,0x02,0x40,0x0a,0x1f,0x0d,
    0x30,0x04,0x2f,0x04,0x40,0x02,0x2f,0x07,0x20,0x0b,0x1f,0x0b,0x60,0x07,0x2f,0x02,0x30,0x07,0x1f,0x0e,0x01,0x30,0x09,0x1f,
    0x0e,0x01,0x80,0x02,0x2f,0x07,0x40,0x07,0xcf,0x0b,0x10,0x0b,0x1f,0x0c,0x60,0x0d,0x1f,0x09,0x20,0x0b,0x1f,0x0b,0x40,0x01,
    0x0e,0x1f,0x09,0x10,0x02,0xdf,0x02,0x10,0x01,0x09,0x7f,0x09,0x01,0x20,0x04,0x2f,0x05,0x50,0x00,0x02,0x2f,0x0b,0x80,0x05,
    0x2b,0x03,0x00,0x02,0x0e,0x1f,0x09,0x50,0x03,0x2f,0x06,0x10,0x07,0x2f,0x02,0x40,0x0a,0x1f,0x0d,0x30,0x04,0x2f,0x04,0x40,
    0x02,0x2f,0x07,0x20,0x0b,0x1f,0x0b,0x60,0x07,0x2f,0x02,0x30,0x07,0x1f,0x0e,0x01,0x30,0x09,0x1f,0x0e,0x01,0x80,0x02,0x2f,
    0x07,0x40,0x06,0x2f,0x08,0x86,0x05,0x10,0x0b,0x1f,0x0d,0x50,0x01,0x0e,0x1f,0x09,0x20,0x0b,0x1f,0x0b,0x40,0x01,0x0e,0x1f,
    0x09,0x10,0x02,0x0e,0x1f,0x0a,0x96,0x01,0x30,0x02,0x06,0x0a,0x0c,0x0e,0x3f,0x0a,0x20,0x04,0x2f,0x05,0x50,0x10,0x0c,0x2f,
    0x03,0x70,0x0c,0x2f,0x02,0x10,0x0d,0x1f,0x0b,0x50,0x06,0x2f,0x04,0x10,0x07,0x2f,0x02,0x40,0x0a,0x1f,0x0d,0x30,0x04,0x2f,
    0x04,0x40,0x02,0x2f,0x07,0x20,0x0b,0x1f,0x0b,0x60,0x07,0x2f,0x02,0x30,0x07,0x1f,0x0e,0x01,0x30,0x09,0x1f,0x0e,0x01,0x80,
    0x02,0x2f,0x07,0x40,0x04,0x2f,0x03,0xb0,0x09,0x2f,0x02,0x40,0x03,0x2f,0x09,0x20,0x0b,0x1f,0x0c,0x40,0x02,0x0e,0x1f,0x09,
    0x20,0x0d,0x1f,0x08,0xf0,0x20,0x02,0x06,0x0e,0x2f,0x02,0x10,0x04,0x2f,0x05,0x50,0x10,0x05,0x2f,0x0d,0x02,0x50,0x07,0x0f,
    0x0e,0x0f,0x0a,0x20,0x0a,0x2f,0x02,0x40,0x0b,0x1f,0x0e,0x01,0x10,0x07,0x2f,0x02,0x40,0x0a,0x1f,0x0d,0x30,0x04,0x2f,0x04,
    0x40,0x02,0x2f,0x07,0x20,0x0b,0x1f,0x0b,0x60,0x07,0x2f,0x02,0x30,0x07,0x1f,0x0e,0x01,0x30,0x09,0x1f,0x0e,0x01,0x80,0x02,
    0x2f,0x07,0x40,0x01,0x0e,0x1f,0x09,0x00,0x01,0x30,0x05,0x03,0x01,0x20,0x06,0x2f,0x08,0x40,0x08,0x2f,0x09,0x20,0x0b,0x1f,
    0x0e,0x01,0x30,0x05,0x2f,0x09,0x20,0x0a,0x1f,0x0d,0x10,0x01,0x20,0x03,0x04,0x01,0x20,0x01,0x04,0x16,0x40,0x07,0x2f,0x04,
    0x10,0x04,0x2f,0x05,0x50,0x20,0x0b,0x2f,0x0e,0x07,0x02,0x11,0x03,0x0a,0x3f,0x02,0x20,0x04,0x2f,0x0c,0x02,0x20,0x07,0x2f,
    0x09,0x20,0x07,0x2f,0x02,0x40,0x0a,0x1f,0x0d,0x30,0x04,0x2f,0x04,0x40,0x02,0x2f,0x07,0x20,0x0b,0x1f,0x0b,0x60,0x07,0x2f,
    0x02,0x30,0x07,0x1f,0x0e,0x01,0x30,0x09,0x1f,0x0e,0x01,0x80,0x02,0x2f,0x07,0x50,0x09,0x2f,0x05,0x30,0x06,0x1f,0x0e,0x04,
    0x10,0x01,0x0e,0x1f,0x0e,0x05,0x20,0x05,0x3f,0x09,0x20,0x08,0x2f,0x0a,0x01,0x10,0x03,0x0e,0x2f,0x09,0x20,0x04,0x2f,0x09,
    0x30,0x03,0x0e,0x0f,0x0e,0x08,0x10,0x0a,0x1f,0x0e,0x03,0x30,0x09,0x2f,0x02,0x10,0x03,0x2f,0x07,0x50,0x20,0x01,0x0d,0x4f,
    0x1e,0x4f,0x06,0x40,0x09,0x2f,0x0e,0x19,0x0c,0x2f,0x0e,0x02,0x20,0x07,0x2f,0x02,0x40,0x0a,0x1f,0x0d,0x30,0x04,0x2f,0x04,
    0x40,0x02,0x2f,0x07,0x20,0x0b,0x1f,0x0b,0x60,0x07,0x2f,0x02,0x30,0x07,0x1f,0x0e,0x01,0x30,0x08,0x1f,0x0e,0x01,0x80,0x02,
    0x2f,0x07,0x50,0x02,0x0e,0x2f,0x0b,0x07,0x08,0x0b,0x2f,0x0d,0x01,0x20,0x08,0x3f,0x0b,0x09,0x0b,0x0f,0x1e,0x1f,0x09,0x20,
    0x03,0x3f,0x0d,0x0a,0x0b,0x0f,0x0e,0x0d,0x1f,0x09,0x30,0x0a,0x2f,0x0c,0x08,0x07,0x09,0x0e,0x2f,0x04,0x10,0x04,0x2f,0x0e,
    0x09,0x06,0x07,0x0b,0x2f,0x0a,0x20,0x01,0x0e,0x1f,0x0e,0x19,0x03,0x20,0x30,0x01,0x0b,0x8f,0x0e,0x05,0x50,0x01,0x0a,0x7f,
    0x0e,0x03,0x30,0x07,0x2f,0x02,0x40,0x0a,0x1f,0x0d,0x30,0x04,0x2f,0x04,0x40,0x02,0x2f,0x07,0x20,0x0c,0x1f,0x0b,0x60,0x07,
    0x2f,0x02,0x30,0x07,0x1f,0x0e,0x01,0x30,0x09,0x1f,0x0e,0x01,0x80,0x02,0x2f,0x07,0x60,0x03,0x0d,0x7f,0x0d,0x03,0x40,0x0a,
    0x6f,0x06,0x0d,0x1f,0x09,0x30,0x08,0x6f,0x05,0x0b,0x1f,0x09,0x30,0x01,0x0b,0x8f,0x06,0x30,0x07,0x8f,0x0c,0x01,0x30,0x09,
    0x4f,0x06,0x20,0x50,0x05,0x0c,0x4f,0x0d,0x08,0x02,0x80,0x06,0x0c,0x3f,0x0e,0x09,0x02,0x40,0x06,0x2e,0x02,0x40,0x09,0x1e,
    0x0c,0x30,0x04,0x2e,0x04,0x40,0x02,0x2e,0x06,0x20,0x0b,0x1e,0x0b,0x60,0x06,0x2e,0x02,0x30,0x07,0x1e,0x0d,0x01,0x30,0x08,
    0x1e,0x0d,0x01,0x80,0x02,0x2e,0x06,0x70,0x02,0x09,0x0d,0x3f,0x0d,0x09,0x02,0x60,0x07,0x0d,0x2f,0x0d,0x05,0x00,0x0e,0x1f,
    0x09,0x40,0x07,0x0e,0x2f,0x0d,0x06,0x00,0x0b,0x1e,0x08,0x50,0x06,0x0c,0x3f,0x0e,0x0b,0x04,0x50,0x05,0x0c,0x0e,0x3f,0x0d,
    0x07,0x01,0x40,0x01,0x09,0x0e,0x2f,0x09,0x20,0x70,0x02,0x04,0x05,0x04,0x03,0xd0,0x03,0x04,0x05,0x03,0x01,0x70,0x21,0x50,
    0x31,0x40,0x21,0x60,0x21,0x30,0x31,0x70,0x21,0x50,0x21,0x40,0x31,0xa0,0x21,0xa0,0x01,0x03,0x15,0x03,0x01,0x90,0x01,0x04,
    0x05,0x04,0x01,0x00,0x01,0x0e,0x1f,0x09,0x50,0x01,0x04,0x05,0x04,0x01,0x10,0x31,0x70,0x03,0x04,0x05,0x04,0x02,0x90,0x02,
    0x04,0x05,0x04,0x03,0x90,0x02,0x04,0x05,0x04,0x01,0x20,0xf0,0xf0,0xf0,0xf0,0xf0,0xf0,0xf0,0xf0,0xf0,0xa0,0x01,0x0e,0x1f,
    0x09,0xf0,0xf0,0xf0,0xe0,0xf0,0xf0,0xf0,0xf0,0xf0,0xf0,0xf0,0xf0,0xf0,0xa0,0x01,0x0e,0x1f,0x09,0xf0,0xf0,0xf0,0xe0,0xf0,
    0xf0,0xf0,0xf0,0xf0,0xf0,0xf0,0xf0,0xf0,0xa0,0x01,0x0e,0x1f,0x09,0xf0,0xf0,0xf0,0xe0,0xf0,0xf0,0xf0,0xf0,0xf0,0xf0,0xf0,
    0xf0,0xf0,0xa0,0x01,0x0e,0x1f,0x09,0xf0,0xf0,0xf0,0xe0,0xf0,0xf0,0xf0,0xf0,0xf0,0xf0,0xf0,0xf0,0xd0,0xf0,0xf0,0xf0,0xf0,
    0xf0,0xf0,0xf0,0xf0,0xd0,0xf0,0xf0,0xf0,0xf0,0xf0,0xf0,0xf0,0xf0,0xd0,0xf0,0xf0,0xf0,0xf0,0xf0,0xf0,0xf0,0xf0,0xd0,0xf0,
    0xf0,0xf0,0xf0,0xf0,0xf0,0xf0,0xf0,0xd0,0x50,0x02,0x04,0x05,0x04,0x01,0xf0,0x40,0x11,0xf0,0xf0,0xf0,0xf0,0xf0,0xf0,0xb0,
    0x30,0x03,0x0a,0x0e,0x2f,0x0e,0x09,0x02,0xf0,0x10,0x06,0x0e,0x0c,0x01,0xf0,0xf0,0xf0,0xf0,0xf0,0xf0,0xa0,0x20,0x05,0x0e,
    0x1f,0x0e,0x0d,0x0e,0x1f,0x0e,0x04,0xf0,0x00,0x06,0x0f,0x0e,0x01,0xf0,0xf0,0xf0,0xf0,0xf0,0xf0,0xa0,0x10,0x03,0x1f,0x0d,
    0x05,0x11,0x02,0x06,0x0e,0x0f,0x0e,0x02,0xf0,0x06,0x0f,0x0d,0x01,0xf0,0xf0,0xf0,0xf0,0xf0,0xf0,0xa0,0x10,0x0c,0x0f,0x0d,
    0x02,0x40,0x03,0x0e,0x0f,0x0a,0x30,0x11,0x20,0x01,0x50,0x06,0x0f,0x0d,0x01,0x00,0x21,0x50,0x21,0xb0,0x01,0x60,0x21,0x20,
    0x01,0x60,0x11,0x20,0x11,0x60,0x11,0x00,0x01,0x14,0x50,0x01,0x50,0x21,0x60,0x11,0x50,0x11,0x60,0x00,0x03,0x1f,0x06,0x60,
    0x08,0x0f,0x0e,0x02,0x10,0x06,0x0e,0x0b,0x00,0x06,0x0c,0x0e,0x0d,0x08,0x01,0x20,0x06,0x0f,0x0d,0x01,0x00,0x09,0x0e,0x0c,
    0x50,0x0c,0x0e,0x09,0x80,0x04,0x0a,0x0d,0x0e,0x0d,0x0a,0x04,0x30,0x0a,0x0e,0x07,0x01,0x09,0x0d,0x0e,0x0b,0x06,0x30,0x02,
    0x1e,0x13,0x0b,0x0e,0x0d,0x0a,0x04,0x30,0x06,0x0e,0x0b,0x03,0x0d,0x1f,0x01,0x10,0x02,0x09,0x0c,0x0e,0x0d,0x0a,0x04,0x20,
    0x05,0x1e,0x03,0x40,0x08,0x0e,0x0c,0x01,0x10,0x01,0x07,0x0c,0x1e,0x0b,0x06,0x40,0x00,0x07,0x0f,0x0e,0x01,0x60,0x02,0x1f,
    0x05,0x10,0x06,0x0f,0x0c,0x09,0x4f,0x0b,0x20,0x06,0x0f,0x0d,0x01,0x00,0x05,0x1f,0x04,0x30,0x04,0x1f,0x04,0x70,0x07,0x2f,
    0x0e,0x2f,0x05,0x20,0x0b,0x0f,0x09,0x0b,0x0f,0x0e,0x2f,0x09,0x20,0x02,0x1f,0x07,0x1f,0x0e,0x2f,0x05,0x20,0x06,0x0f,0x1d,
    0x0f,0x0d,0x0c,0x02,0x00,0x04,0x0e,0x1f,0x0e,0x2f,0x07,0x10,0x01,0x0d,0x0f,0x08,0x30,0x01,0x0d,0x0f,0x09,0x10,0x01,0x0c,
    0x1f,0x1e,0x1f,0x09,0x30,0x00,0x0a,0x0f,0x0b,0x80,0x0d,0x0f,0x08,0x10,0x06,0x0f,0x1e,0x05,0x02,0x03,0x0b,0x1f,0x05,0x10,
    0x06,0x0f,0x0d,0x01,0x10,0x0d,0x0f,0x09,0x30,0x09,0x0f,0x0c,0x70,0x03,0x1f,0x09,0x02,0x01,0x02,0x0b,0x0f,0x0d,0x01,0x10,
    0x0b,0x1f,0x0d,0x04,0x01,0x03,0x0a,0x1f,0x06,0x10,0x02,0x2f,0x0a,0x03,0x01,0x04,0x0d,0x0f,0x0e,0x02,0x10,0x06,0x1f,0x0c,
    0x03,0x00,0x01,0x00,0x01,0x0e,0x0f,0x0c,0x04,0x01,0x03,0x0a,0x1f,0x04,0x10,0x08,0x0f,0x0d,0x01,0x20,0x04,0x1f,0x03,0x10,
    0x0a,0x0f,0x0d,0x05,0x11,0x06,0x1f,0x06,0x20,0x00,0x0b,0x0f,0x0a,0x80,0x0c,0x0f,0x09,0x10,0x06,0x1f,0x05,0x20,0x01,0x0d,
    0x0f,0x08,0x10,0x06,0x0f,0x0d,0x01,0x10,0x08,0x0f,0x0d,0x01,0x10,0x01,0x0d,0x0f,0x07,0x70,0x01,0x04,0x06,0x30,0x03,0x1f,
    0x03,0x10,0x0b,0x1f,0x03,0x30,0x0c,0x0f,0x0c,0x10,0x02,0x0e,0x0f,0x0c,0x30,0x03,0x0e,0x0f,0x07,0x10,0x06,0x1f,0x03,0x30,
    0x07,0x0f,0x0e,0x02,0x30,0x0b,0x0f,0x0b,0x10,0x03,0x1f,0x04,0x20,0x09,0x0f,0x0c,0x10,0x03,0x1f,0x03,0x30,0x08,0x0f,0x0d,
    0x20,0x00,0x0b,0x0f,0x0a,0x80,0x0c,0x0f,0x09,0x10,0x06,0x0f,0x0e,0x01,0x30,0x0b,0x0f,0x09,0x10,0x06,0x0f,0x0d,0x01,0x10,
    0x03,0x1f,0x04,0x10,0x05,0x0f,0x0e,0x02,0xc0,0x01,0x02,0x07,0x1f,0x04,0x10,0x0b,0x0f,0x0b,0x40,0x06,0x0f,0x0e,0x02,0x00,
    0x02,0x0e,0x0f,0x06,0x40,0x0b,0x0f,0x0b,0x10,0x06,0x0f,0x0d,0x01,0x30,0x0b,0x0f,0x0a,0x40,0x05,0x0f,0x0e,0x02,0x10,0x0c,
    0x0f,0x09,0x10,0x01,0x0d,0x0f,0x06,0x10,0x07,0x0f,0x0c,0x41,0x04,0x1f,0x02,0x10,0x00,0x0a,0x0f,0x0b,0x80,0x0d,0x0f,0x08,
    0x10,0x06,0x0f,0x0d,0x01,0x30,0x0a,0x0f,0x09,0x10,0x06,0x0f,0x0d,0x01,0x20,0x0b,0x0f,0x09,0x10,0x09,0x0f,0x0b,0x90,0x01,
    0x06,0x0a,0x0c,0x0e,0x3f,0x04,0x10,0x0b,0x0f,0x09,0x40,0x04,0x1f,0x03,0x00,0x02,0x0e,0x0f,0x04,0x40,0x08,0x0f,0x0c,0x10,
    0x06,0x0f,0x0d,0x01,0x30,0x0d,0x0f,0x07,0x40,0x03,0x1f,0x03,0x10,0x06,0x0f,0x0d,0x01,0x00,0x05,0x0f,0x0e,0x02,0x10,0x09,
    0x9f,0x04,0x10,0x00,0x07,0x0f,0x0e,0x01,0x60,0x02,0x1f,0x05,0x10,0x06,0x0f,0x0d,0x01,0x30,0x0a,0x0f,0x09,0x10,0x06,0x0f,
    0x0d,0x01,0x20,0x06,0x0f,0x0d,0x11,0x0e,0x0f,0x05,0x80,0x01,0x0c,0x1f,0x0e,0x0b,0x09,0x07,0x1f,0x04,0x10,0x0b,0x0f,0x09,
    0x40,0x03,0x1f,0x04,0x00,0x02,0x0e,0x0f,0x04,0x40,0x08,0x0f,0x0c,0x10,0x06,0x0f,0x0d,0x01,0x20,0x01,0x0d,0x0f,0x07,0x40,
    0x03,0x1f,0x04,0x10,0x02,0x0e,0x0f,0x05,0x00,0x0a,0x0f,0x0a,0x20,0x09,0x0f,0x0e,0x4b,0x0c,0x1b,0x03,0x10,0x00,0x03,0x1f,
    0x06,0x60,0x08,0x0f,0x0e,0x02,0x10,0x06,0x0f,0x0d,0x01,0x30,0x0a,0x0f,0x09,0x10,0x06,0x0f,0x0d,0x01,0x20,0x01,0x0e,0x0f,
    0x03,0x04,0x0f,0x0e,0x01,0x80,0x08,0x0f,0x0d,0x04,0x20,0x01,0x1f,0x04,0x10,0x0b,0x0f,0x0a,0x40,0x05,0x1f,0x02,0x00,0x02,
    0x0e,0x0f,0x06,0x40,0x0a,0x0f,0x0b,0x10,0x06,0x0f,0x0d,0x01,0x30,0x0c,0x0f,0x08,0x40,0x04,0x1f,0x02,0x20,0x0a,0x0f,0x09,
    0x00,0x0e,0x0f,0x05,0x20,0x08,0x0f,0x0c,0xa0,0x10,0x0c,0x0f,0x0d,0x02,0x40,0x03,0x0e,0x0f,0x0a,0x20,0x06,0x0f,0x0d,0x01,
    0x30,0x0a,0x0f,0x09,0x10,0x06,0x0f,0x0d,0x01,0x30,0x09,0x0f,0x07,0x08,0x0f,0x09,0x90,0x0b,0x0f,0x08,0x30,0x04,0x1f,0x04,
    0x10,0x0b,0x0f,0x0e,0x01,0x30,0x0a,0x0f,0x0d,0x10,0x02,0x0e,0x0f,0x0a,0x30,0x01,0x0d,0x0f,0x09,0x10,0x06,0x0f,0x0d,0x01,
    0x30,0x09,0x0f,0x0d,0x40,0x09,0x0f,0x0d,0x30,0x04,0x0f,0x0c,0x05,0x0f,0x0d,0x01,0x20,0x04,0x0f,0x0e,0x02,0x30,0x01,0x03,
    0x01,0x20,0x10,0x03,0x1f,0x0d,0x05,0x11,0x02,0x06,0x0e,0x0f,0x0e,0x02,0x20,0x06,0x0f,0x0d,0x01,0x30,0x0a,0x0f,0x09,0x10,
    0x06,0x0f,0x0d,0x01,0x30,0x04,0x0f,0x1d,0x0f,0x03,0x90,0x0a,0x0f,0x0c,0x01,0x10,0x02,0x0d,0x1f,0x04,0x10,0x0b,0x1f,0x0a,
    0x01,0x10,0x06,0x1f,0x08,0x10,0x02,0x2f,0x06,0x10,0x01,0x0a,0x1f,0x03,0x10,0x06,0x0f,0x0d,0x01,0x30,0x03,0x1f,0x09,0x01,
    0x10,0x05,0x0e,0x0f,0x07,0x30,0x01,0x0d,0x0f,0x0b,0x0f,0x08,0x40,0x0c,0x0f,0x0b,0x02,0x10,0x01,0x0a,0x0f,0x0c,0x20,0x20,
    0x05,0x0e,0x1f,0x0e,0x0d,0x0e,0x1f,0x0e,0x04,0x30,0x06,0x0f,0x0e,0x01,0x30,0x0b,0x0f,0x0a,0x10,0x06,0x0f,0x0e,0x01,0x40,
    0x0d,0x1f,0x0c,0xa0,0x04,0x1f,0x0d,0x0a,0x0b,0x0f,0x0c,0x0e,0x0f,0x04,0x10,0x0b,0x0f,0x0b,0x1e,0x0a,0x0c,0x1f,0x0d,0x01,
    0x10,0x02,0x1f,0x0b,0x0f,0x0c,0x0a,0x0d,0x1f,0x09,0x20,0x06,0x0f,0x0e,0x01,0x40,0x08,0x1f,0x0d,0x0a,0x0c,0x1f,0x0b,0x50,
    0x08,0x2f,0x03,0x40,0x03,0x0e,0x0f,0x0e,0x1a,0x0d,0x1f,0x06,0x20,0x30,0x03,0x0a,0x0e,0x2f,0x0e,0x09,0x02,0x40,0x06,0x0e,
    0x0c,0x01,0x30,0x0a,0x0e,0x09,0x10,0x06,0x0e,0x0c,0x01,0x40,0x07,0x1f,0x07,0xb0,0x05,0x0d,0x2f,0x09,0x02,0x0d,0x0e,0x04,
    0x10,0x0b,0x0f,0x08,0x03,0x0e,0x2f,0x0b,0x02,0x20,0x02,0x0e,0x0f,0x04,0x07,0x2f,0x0e,0x08,0x30,0x06,0x0e,0x0c,0x01,0x50,
    0x06,0x0d,0x2f,0x0e,0x09,0x01,0x50,0x03,0x1e,0x0b,0x60,0x03,0x0b,0x3f,0x0c,0x05,0x30,0x50,0x02,0x04,0x05,0x04,0x01,0x70,
    0x11,0x40,0x21,0x20,0x11,0x50,0x06,0x0f,0x0e,0x02,0xd0,0x13,0x02,0x10,0x11,0x20,0x0b,0x0f,0x09,0x00,0x01,0x04,0x05,0x03,
    0x40,0x02,0x0e,0x0f,0x04,0x00,0x02,0x05,0x04,0x02,0x50,0x11,0x70,0x01,0x03,0x05,0x04,0x01,0x80,0x11,0x90,0x02,0x04,0x05,
    0x03,0x50,0xf0,0xf0,0x70,0x0b,0x0f,0x0a,0xf0,0x80,0x0b,0x0f,0x09,0x90,0x02,0x0e,0x0f,0x04,0xf0,0xf0,0xf0,0x80,0xf0,0xf0,
    0x40,0x03,0x05,0x08,0x1f,0x04,0xf0,0x80,0x0b,0x0f,0x09,0x90,0x02,0x0e,0x0f,0x04,0xf0,0xf0,0xf0,0x80,0xf0,0xf0,0x40,0x0a,
    0x2f,0x08,0xf0,0x90,0x0b,0x0f,0x0a,0x90,0x02,0x1f,0x05,0xf0,0xf0,0xf0,0x80,0xf0,0xf0,0x40,0x07,0x0a,0x09,0x05,0xf0,0xa0,
    0x07,0x0a,0x06,0x90,0x01,0x09,0x0a,0x03,0xf0,0xf0,0xf0,0x80,0xf0,0xf0,0xf0,0xf0,0xf0,0xf0,0xf0,0xf0,0xf0,0xf0,0xf0,0xf0,
    0x00,0xf0,0xf0,0xf0,0xf0,0xf0,0xf0,0xf0,0xf0,0xf0,0xf0,0xf0,0xf0,0x00,0xf0,0xf0,0xf0,0xf0,0xf0,0xf0,0xf0,0xf0,0xf0,0xf0,
    0xf0,0xf0,0x00,0xf0,0xf0,0xf0,0xf0,0xf0,0xf0,0xf0,0xf0,0xf0,0xf0,0xf0,0xf0,0x00,0xf0,0xf0,0xf0,0xf0,0xf0,0xf0,0xf0,0xf0,
    0xf0,0xf0,0xf0,0xf0,0x00,0xf0,0xf0,0xf0,0xf0,0xf0,0xf0,0xf0,0xf0,0xf0,0xf0,0xf0,0xf0,0x00,0xf0,0xf0,0xf0,0xf0,0xf0,0xf0,
    0xf0,0xf0,0xf0,0xf0,0xf0,0xf0,0x00,0xf0,0xf0,0xf0,0xf0,0xf0,0xf0,0xf0,0xf0,0xf0,0xf0,0xf0,0x00,0x01,0x1c,0x04,0xb0,0xf0,
    0xf0,0xf0,0xf0,0xf0,0xf0,0xf0,0xf0,0xf0,0xf0,0xf0,0x00,0x01,0x1f,0x05,0xb0,0x21,0x60,0x11,0x50,0x11,0x60,0x21,0x40,0x11,
    0x20,0x21,0x00,0x02,0x05,0x02,0xb0,0x01,0x60,0x11,0x40,0x11,0x40,0x21,0x10,0x11,0x20,0x11,0xb0,0x11,0x10,0x03,0x05,0x01,
    0x40,0x11,0xa0,0x01,0x20,0x11,0x30,0x11,0x40,0x21,0x60,0x11,0xa0,0x01,0x40,0x01,0x02,0x0e,0x0f,0x05,0x11,0x90,0x05,0x1e,
    0x03,0x40,0x08,0x0e,0x0c,0x01,0x20,0x07,0x0b,0x1e,0x0b,0x06,0x40,0x0a,0x0e,0x09,0x30,0x01,0x0d,0x0e,0x04,0x10,0x0a,0x0e,
    0x07,0x06,0x0e,0x0f,0x0b,0x80,0x02,0x09,0x0c,0x0e,0x0d,0x0a,0x04,0x20,0x04,0x1e,0x04,0x20,0x03,0x1e,0x06,0x20,0x01,0x0d,
    0x0e,0x07,0x00,0x02,0x1e,0x02,0x03,0x0b,0x0e,0x0d,0x0a,0x03,0x80,0x02,0x1e,0x03,0x0a,0x1f,0x06,0x10,0x01,0x07,0x0c,0x1e,
    0x0b,0x06,0x50,0x02,0x09,0x0d,0x0e,0x0c,0x06,0x00,0x0c,0x0e,0x05,0x10,0x06,0x0e,0x0c,0x01,0x30,0x0a,0x0e,0x09,0x30,0x01,
    0x07,0x0c,0x1e,0x0b,0x06,0x50,0x05,0x0a,0x0d,0x0e,0x0d,0x09,0x02,0x10,0x0b,0x0e,0x1f,0x1e,0x0a,0x90,0x01,0x0d,0x0f,0x08,
    0x40,0x0d,0x0f,0x09,0x10,0x01,0x0b,0x5f,0x0b,0x01,0x20,0x0b,0x0f,0x09,0x30,0x02,0x0e,0x0f,0x05,0x10,0x0b,0x0f,0x0b,0x0f,
    0x0e,0x0d,0x09,0x70,0x04,0x0e,0x1f,0x0e,0x2f,0x07,0x10,0x01,0x0d,0x0f,0x07,0x20,0x07,0x1f,0x0b,0x20,0x04,0x1f,0x03,0x00,
    0x02,0x1f,0x07,0x4f,0x0e,0x02,0x70,0x02,0x1f,0x0c,0x0f,0x1d,0x05,0x00,0x01,0x0c,0x1f,0x1e,0x1f,0x09,0x30,0x02,0x0d,0x4f,
    0x08,0x0d,0x0f,0x05,0x10,0x06,0x0f,0x0e,0x01,0x30,0x0b,0x0f,0x0a,0x20,0x01,0x0c,0x1f,0x1e,0x1f,0x09,0x30,0x07,0x1f,0x0e,
    0x0d,0x1f,0x0e,0x03,0x00,0x0a,0x0e,0x1f,0x1e,0x0a,0x90,0x00,0x08,0x0f,0x0d,0x30,0x04,0x1f,0x03,0x10,0x0a,0x0f,0x0e,0x06,
    0x12,0x07,0x0e,0x0f,0x09,0x20,0x0b,0x0f,0x09,0x30,0x02,0x0e,0x0f,0x05,0x10,0x0b,0x1f,0x09,0x01,0x80,0x01,0x0e,0x0f,0x0c,
    0x04,0x01,0x03,0x0a,0x1f,0x04,0x10,0x09,0x0f,0x0b,0x20,0x0b,0x1f,0x0e,0x01,0x10,0x08,0x0f,0x0c,0x10,0x02,0x2f,0x08,0x12,
    0x07,0x1f,0x0a,0x70,0x02,0x0e,0x1f,0x05,0x01,0x20,0x0a,0x0f,0x0d,0x05,0x11,0x06,0x1f,0x06,0x20,0x0b,0x0f,0x0e,0x06,0x12,
    0x08,0x2f,0x05,0x10,0x06,0x0f,0x0d,0x01,0x30,0x0a,0x0f,0x0a,0x20,0x0a,0x0f,0x0d,0x05,0x11,0x06,0x1f,0x06,0x10,0x02,0x1f,
    0x09,0x02,0x01,0x02,0x0c,0x0f,0x0a,0x10,0x02,0x0e,0x0f,0x05,0x11,0x90,0x00,0x03,0x1f,0x04,0x20,0x09,0x0f,0x0c,0x10,0x03,
    0x1f,0x06,0x30,0x07,0x1f,0x02,0x10,0x0b,0x0f,0x09,0x30,0x02,0x0e,0x0f,0x05,0x10,0x0b,0x0f,0x0c,0xa0,0x07,0x0f,0x0e,0x02,
    0x30,0x0b,0x0f,0x0b,0x10,0x05,0x0f,0x0e,0x01,0x00,0x01,0x0e,0x0d,0x0b,0x0f,0x04,0x10,0x0c,0x0f,0x08,0x10,0x02,0x0e,0x0f,
    0x0a,0x30,0x0a,0x0f,0x0d,0x70,0x02,0x0e,0x0f,0x08,0x30,0x03,0x1f,0x03,0x30,0x08,0x0f,0x0d,0x10,0x03,0x1f,0x06,0x30,0x09,
    0x1f,0x05,0x10,0x06,0x0f,0x0d,0x01,0x30,0x0a,0x0f,0x0a,0x10,0x03,0x1f,0x03,0x30,0x08,0x0f,0x0d,0x10,0x04,0x1f,0x02,0x20,
    0x02,0x05,0x02,0x10,0x01,0x0e,0x0f,0x05,0xb0,0x10,0x0c,0x0f,0x09,0x10,0x01,0x0d,0x0f,0x07,0x10,0x07,0x0f,0x0e,0x01,0x30,
    0x01,0x0e,0x0f,0x06,0x10,0x0b,0x0f,0x09,0x30,0x02,0x0e,0x0f,0x05,0x10,0x0b,0x0f,0x09,0xa0,0x0b,0x0f,0x0a,0x40,0x05,0x0f,
    0x0e,0x02,0x00,0x01,0x0e,0x0f,0x05,0x00,0x04,0x0f,0x09,0x06,0x0f,0x07,0x00,0x02,0x0e,0x0f,0x04,0x10,0x02,0x0e,0x0f,0x05,
    0x30,0x06,0x0f,0x0d,0x01,0x60,0x02,0x0e,0x0f,0x04,0x30,0x07,0x0f,0x0c,0x41,0x04,0x1f,0x03,0x00,0x07,0x0f,0x0e,0x01,0x30,
    0x03,0x1f,0x05,0x10,0x06,0x0f,0x0d,0x01,0x30,0x0a,0x0f,0x0a,0x10,0x07,0x0f,0x0c,0x41,0x04,0x1f,0x02,0x00,0x02,0x1f,0x0a,
    0x03,0x01,0x50,0x01,0x0e,0x0f,0x05,0xb0,0x10,0x07,0x0f,0x0d,0x01,0x00,0x05,0x0f,0x0e,0x02,0x10,0x09,0x0f,0x0c,0x50,0x0c,
    0x0f,0x08,0x10,0x0b,0x0f,0x09,0x30,0x02,0x0e,0x0f,0x05,0x10,0x0b,0x0f,0x09,0xa0,0x0d,0x0f,0x07,0x40,0x03,0x1f,0x03,0x10,
    0x0b,0x0f,0x08,0x00,0x08,0x0f,0x06,0x02,0x0f,0x0b,0x00,0x05,0x0f,0x0d,0x01,0x10,0x02,0x0e,0x0f,0x04,0x30,0x06,0x0f,0x0e,
    0x01,0x60,0x02,0x0e,0x0f,0x04,0x30,0x09,0x9f,0x04,0x00,0x09,0x0f,0x0c,0x40,0x01,0x0e,0x0f,0x05,0x10,0x06,0x0f,0x0d,0x01,
    0x30,0x0a,0x0f,0x0a,0x10,0x09,0x9f,0x04,0x10,0x08,0x2f,0x0d,0x0a,0x07,0x02,0x20,0x01,0x0e,0x0f,0x05,0xb0,0x10,0x02,0x0e,
    0x0f,0x05,0x00,0x0a,0x0f,0x0a,0x20,0x09,0x0f,0x0b,0x50,0x0c,0x0f,0x08,0x10,0x0b,0x0f,0x09,0x30,0x02,0x0e,0x0f,0x05,0x10,
    0x0b,0x0f,0x09,0x90,0x01,0x0d,0x0f,0x07,0x40,0x03,0x1f,0x04,0x10,0x06,0x0f,0x0c,0x00,0x0b,0x0f,0x03,0x00,0x1e,0x00,0x08,
    0x0f,0x0a,0x20,0x02,0x0e,0x0f,0x04,0x30,0x06,0x0f,0x0e,0x01,0x60,0x02,0x0e,0x0f,0x04,0x30,0x09,0x0f,0x0e,0x4b,0x0c,0x1b,
    0x03,0x00,0x09,0x0f,0x0b,0x40,0x01,0x0e,0x0f,0x05,0x10,0x06,0x0f,0x0d,0x01,0x30,0x0a,0x0f,0x0a,0x10,0x09,0x0f,0x0e,0x4b,
    0x0c,0x1b,0x03,0x20,0x05,0x0a,0x0d,0x2f,0x0e,0x04,0x10,0x01,0x0e,0x0f,0x05,0xb0,0x20,0x0a,0x0f,0x09,0x00,0x0e,0x0f,0x05,
    0x20,0x08,0x0f,0x0d,0x40,0x01,0x0d,0x0f,0x07,0x10,0x0b,0x0f,0x09,0x30,0x02,0x0e,0x0f,0x05,0x10,0x0b,0x0f,0x09,0xa0,0x0c,
    0x0f,0x08,0x40,0x04,0x1f,0x02,0x10,0x02,0x0f,0x0e,0x03,0x0e,0x0d,0x10,0x0a,0x0f,0x03,0x0b,0x0f,0x05,0x20,0x02,0x0e,0x0f,
    0x04,0x30,0x06,0x0f,0x0e,0x01,0x60,0x02,0x0e,0x0f,0x04,0x30,0x08,0x0f,0x0c,0x90,0x08,0x0f,0x0d,0x40,0x02,0x1f,0x05,0x10,
    0x06,0x0f,0x0e,0x01,0x30,0x0b,0x0f,0x0a,0x10,0x08,0x0f,0x0c,0xd0,0x01,0x03,0x07,0x0d,0x0f,0x0e,0x01,0x00,0x01,0x0e,0x0f,
    0x05,0xb0,0x20,0x05,0x0f,0x0c,0x05,0x0f,0x0d,0x01,0x20,0x04,0x1f,0x04,0x30,0x04,0x1f,0x04,0x10,0x0a,0x0f,0x0c,0x30,0x06,
    0x1f,0x05,0x10,0x0b,0x0f,0x09,0xa0,0x09,0x0f,0x0d,0x40,0x09,0x0f,0x0d,0x30,0x0c,0x0f,0x08,0x0f,0x09,0x10,0x06,0x0f,0x08,
    0x0e,0x0f,0x02,0x20,0x02,0x0e,0x0f,0x04,0x30,0x06,0x0f,0x0e,0x01,0x60,0x02,0x0e,0x0f,0x04,0x30,0x04,0x0f,0x0e,0x02,0x30,
    0x01,0x03,0x01,0x10,0x05,0x1f,0x04,0x30,0x06,0x1f,0x05,0x10,0x05,0x1f,0x04,0x20,0x02,0x0e,0x0f,0x0a,0x10,0x04,0x0f,0x0e,
    0x02,0x30,0x01,0x03,0x01,0x10,0x01,0x03,0x04,0x30,0x05,0x1f,0x03,0x00,0x02,0x0e,0x0f,0x05,0x40,0x12,0x40,0x20,0x01,0x0d,
    0x0e,0x0b,0x0f,0x08,0x40,0x0c,0x0f,0x0c,0x02,0x10,0x02,0x0d,0x0f,0x0c,0x20,0x06,0x1f,0x09,0x03,0x02,0x06,0x1e,0x0f,0x05,
    0x10,0x0b,0x0f,0x09,0xa0,0x03,0x1f,0x09,0x01,0x10,0x05,0x0e,0x0f,0x07,0x30,0x08,0x0f,0x0d,0x0f,0x05,0x10,0x02,0x0f,0x0e,
    0x0f,0x0b,0x30,0x02,0x0e,0x0f,0x04,0x30,0x06,0x0f,0x0d,0x01,0x60,0x02,0x0e,0x0f,0x04,0x40,0x0c,0x0f,0x0b,0x02,0x10,0x01,
    0x0a,0x0f,0x0c,0x10,0x01,0x0d,0x0f,0x0c,0x02,0x10,0x03,0x0e,0x1f,0x05,0x10,0x02,0x1f,0x0c,0x04,0x02,0x04,0x0c,0x0e,0x0f,
    0x0a,0x20,0x0c,0x0f,0x0b,0x02,0x10,0x01,0x0a,0x0f,0x0c,0x10,0x07,0x0f,0x0e,0x03,0x20,0x08,0x0f,0x0e,0x01,0x00,0x01,0x0e,
    0x0f,0x09,0x11,0x10,0x04,0x1e,0x04,0x30,0x30,0x08,0x2f,0x03,0x40,0x03,0x0e,0x0f,0x0e,0x0a,0x0b,0x0e,0x0f,0x0e,0x03,0x20,
    0x01,0x0c,0x4f,0x08,0x0d,0x0f,0x05,0x10,0x0b,0x0f,0x09,0xb0,0x08,0x1f,0x0d,0x0a,0x0c,0x1f,0x0b,0x40,0x04,0x1f,0x0e,0x01,
    0x20,0x0c,0x1f,0x07,0x30,0x02,0x1f,0x04,0x30,0x06,0x0f,0x0e,0x01,0x60,0x02,0x1f,0x04,0x40,0x03,0x0e,0x0f,0x0e,0x1a,0x0d,
    0x1f,0x06,0x20,0x05,0x1f,0x0e,0x0a,0x0b,0x0f,0x0b,0x0d,0x0f,0x05,0x20,0x08,0x4f,0x0b,0x09,0x0f,0x0a,0x20,0x03,0x0e,0x0f,
    0x0e,0x1a,0x0d,0x1f,0x06,0x10,0x02,0x0d,0x0f,0x0e,0x0a,0x09,0x0c,0x1f,0x08,0x20,0x09,0x2f,0x0b,0x10,0x09,0x1f,0x09,0x30,
    0x30,0x03,0x1f,0x0c,0x60,0x03,0x0b,0x3f,0x0b,0x03,0x40,0x01,0x09,0x0d,0x0e,0x0c,0x06,0x00,0x0c,0x0e,0x04,0x10,0x0a,0x0e,
    0x09,0xc0,0x06,0x0d,0x2f,0x0e,0x09,0x01,0x40,0x01,0x0c,0x0e,0x0a,0x30,0x07,0x1e,0x03,0x30,0x02,0x0d,0x0e,0x04,0x30,0x05,
    0x0e,0x0d,0x01,0x60,0x02,0x0d,0x0e,0x04,0x50,0x03,0x0b,0x3f,0x0c,0x05,0x40,0x05,0x0d,0x2f,0x0a,0x02,0x0e,0x0f,0x05,0x30,
    0x06,0x0c,0x0e,0x0d,0x08,0x00,0x08,0x0e,0x09,0x30,0x03,0x0b,0x3f,0x0c,0x05,0x30,0x02,0x0b,0x3f,0x0d,0x07,0x30,0x01,0x08,
    0x0d,0x0e,0x0c,0x01,0x00,0x03,0x1d,0x03,0x30,0x30,0x01,0x0e,0x0f,0x06,0x80,0x02,0x14,0x02,0x90,0x01,0x20,0x11,0x20,0x21,
    0xd0,0x01,0x03,0x05,0x04,0x01,0x70,0x11,0x50,0x11,0x50,0x11,0x50,0x11,0x80,0x11,0x80,0x02,0x04,0x05,0x03,0x70,0x01,0x04,
    0x05,0x03,0x00,0x01,0x0e,0x0f,0x05,0x50,0x01,0x20,0x21,0x50,0x02,0x04,0x05,0x03,0x70,0x02,0x04,0x05,0x03,0x01,0x70,0x01,
    0xa0,0x30,0x06,0x0f,0x0e,0x01,0xf0,0xf0,0xf0,0xf0,0xf0,0xf0,0xf0,0xc0,0x01,0x0e,0x0f,0x05,0xf0,0xf0,0xf0,0x70,0x00,0x01,
    0x16,0x0e,0x0f,0x09,0xf0,0xf0,0xf0,0xf0,0xf0,0xf0,0xf0,0xd0,0x01,0x0e,0x0f,0x05,0xf0,0xf0,0xf0,0x70,0x00,0x05,0x2f,0x0c,
    0x01,0xf0,0xf0,0xf0,0xf0,0xf0,0xf0,0xf0,0xd0,0x01,0x1f,0x05,0xf0,0xf0,0xf0,0x70,0x00,0x04,0x1a,0x07,0x01,0xf0,0xf0,0xf0,
    0xf0,0xf0,0xf0,0xf0,0xe0,0x01,0x09,0x0a,0x03,0xf0,0xf0,0xf0,0x70,0xf0,0xf0,0xf0,0xf0,0xf0,0xf0,0xf0,0x50,0xf0,0xf0,0xf0,
    0xf0,0xf0,0xf0,0xf0,0x50,0xf0,0xf0,0xf0,0xf0,0xf0,0xf0,0xf0,0x50,0xf0,0xf0,0xf0,0xf0,0xf0,0xf0,0xf0,0x50,0xf0,0xf0,0xf0,
    0xf0,0xf0,0xf0,0xf0,0x50,0xf0,0xf0,0xf0,0xf0,0xf0,0xf0,0xf0,0x50,0xf0,0xf0,0xf0,0xf0,0xf0,0xf0,0xf0,0x50,0xf0,0xf0,0xf0,
    0xf0,0xf0,0xf0,0xf0,0x50,0xf0,0xf0,0xf0,0xf0,0xf0,0xf0,0xf0,0x50,0xf0,0xf0,0xf0,0xf0,0xf0,0xf0,0xf0,0x50,0x10,0x02,0xaa,
    0x09,0x07,0x04,0x01,0xf0,0xf0,0xf0,0xf0,0x20,0x07,0x3a,0x02,0xf0,0xa0,0x10,0x04,0xdf,0x0d,0x07,0x01,0xf0,0xf0,0xf0,0xf0,
    0x00,0x0a,0x3f,0x03,0xf0,0xa0,0x10,0x04,0xff,0x0c,0x02,0xf0,0xf0,0xf0,0xf0,0x0a,0x3f,0x03,0xf0,0xa0,0x10,0x04,0xff,0x0f,
    0x0d,0x02,0xf0,0xf0,0xf0,0xe0,0x0a,0x3f,0x03,0xf0,0xa0,0x10,0x04,0x3f,0x0d,0x37,0x08,0x09,0x0b,0x5f,0x0a,0xf0,0xf0,0xf0,
    0xe0,0x0a,0x3f,0x03,0xf0,0xa0,0x10,0x04,0x3f,0x0b,0x60,0x02,0x0b,0x4f,0x03,0xf0,0xf0,0xf0,0xd0,0x0a,0x3f,0x03,0xf0,0xa0,
    0x10,0x04,0x3f,0x0b,0x70,0x01,0x0d,0x3f,0x07,0xa0,0x21,0xf0,0x20,0x21,0xf0,0x20,0x11,0x40,0x0a,0x3f,0x03,0xf0,0xa0,0x10,
    0x04,0x3f,0x0b,0x80,0x07,0x3f,0x0b,0x70,0x02,0x07,0x0b,0x0d,0x0e,0x0d,0x0c,0x09,0x05,0xc0,0x04,0x08,0x0b,0x0d,0x1e,0x0d,
    0x0a,0x06,0x02,0xb0,0x03,0x08,0x0c,0x1e,0x0c,0x09,0x03,0x10,0x0a,0x3f,0x03,0x10,0x02,0x3a,0x09,0x01,0x80,0x06,0x3a,0x05,
    0x20,0x10,0x04,0x3f,0x0b,0x80,0x04,0x3f,0x0c,0x60,0x08,0x8f,0x0c,0x04,0x80,0x02,0x0b,0x8f,0x0e,0x07,0x90,0x08,0x7f,0x07,
    0x00,0x0a,0x3f,0x03,0x20,0x0d,0x3f,0x04,0x80,0x0d,0x3f,0x04,0x20,0x10,0x04,0x3f,0x0b,0x80,0x04,0x3f,0x0c,0x40,0x01,0x0b,
    0xbf,0x06,0x60,0x03,0x0e,0xbf,0x09,0x70,0x09,0x9f,0x05,0x09,0x3f,0x03,0x20,0x07,0x3f,0x09,0x70,0x04,0x3f,0x0c,0x30,0x10,
    0x04,0x3f,0x0b,0x80,0x05,0x3f,0x0b,0x40,0x0b,0x4f,0x0d,0x1c,0x5f,0x04,0x40,0x01,0x0e,0x4f,0x0d,0x1b,0x0e,0x4f,0x05,0x50,
    0x06,0x6f,0x0e,0x2f,0x0d,0x0c,0x3f,0x03,0x20,0x02,0x0e,0x2f,0x0d,0x01,0x60,0x09,0x3f,0x06,0x30,0x10,0x04,0x3f,0x0b,0x80,
    0x0b,0x3f,0x09,0x30,0x06,0x3f,0x0d,0x05,0x01,0x10,0x02,0x09,0x3f,0x0d,0x40,0x0a,0x3f,0x0c,0x04,0x20,0x01,0x09,0x3f,0x0c,
    0x40,0x01,0x0e,0x3f,0x0e,0x07,0x02,0x01,0x02,0x07,0x0e,0x5f,0x03,0x30,0x0b,0x3f,0x04,0x50,0x01,0x0d,0x2f,0x0e,0x01,0x30,
    0x10,0x04,0x3f,0x0b,0x60,0x01,0x08,0x4f,0x04,0x20,0x01,0x0d,0x2f,0x0e,0x02,0x50,0x09,0x3f,0x05,0x30,0x07,0x0b,0x0d,0x0f,
    0x0d,0x01,0x50,0x0c,0x3f,0x02,0x30,0x07,0x3f,0x0e,0x03,0x40,0x03,0x0e,0x4f,0x03,0x30,0x05,0x3f,0x09,0x50,0x04,0x3f,0x0a,
    0x40,0x10,0x04,0x3f,0x0c,0x45,0x06,0x09,0x0d,0x4f,0x0c,0x30,0x05,0x3f,0x06,0x00,0x01,0x40,0x01,0x0e,0x2f,0x0a,0x50,0x01,
    0x03,0x02,0x40,0x01,0x00,0x09,0x3f,0x04,0x30,0x0c,0x3f,0x07,0x60,0x07,0x4f,0x03,0x30,0x01,0x0e,0x2f,0x0e,0x01,0x40,0x09,
    0x3f,0x04,0x40,0x10,0x04,0xff,0x1f,0x03,0x30,0x09,0x2f,0x0e,0x80,0x0a,0x2f,0x0d,0x01,0xe0,0x0b,0x3f,0x04,0x20,0x01,0x0e,
    0x2f,0x0e,0x01,0x60,0x01,0x0e,0x3f,0x03,0x40,0x09,0x3f,0x04,0x30,0x01,0x0e,0x2f,0x0d,0x50,0x10,0x04,0xff,0x0e,0x04,0x40,
    0x0c,0x2f,0x0d,0x85,0x0a,0x3f,0x02,0x80,0x01,0x03,0x04,0x06,0x08,0x0c,0x4f,0x04,0x20,0x03,0x3f,0x0c,0x80,0x0b,0x3f,0x03,
    0x40,0x03,0x3f,0x09,0x30,0x05,0x3f,0x08,0x50,0x10,0x04,0xef,0x09,0x02,0x40,0x01,0x0e,0xff,0x1f,0x03,0x40,0x01,0x05,0x0a,
    0x0d,0x0e,0x9f,0x04,0x20,0x05,0x3f,0x0a,0x80,0x09,0x3f,0x03,0x50,0x0c,0x2f,0x0e,0x01,0x20,0x0a,0x3f,0x02,0x50,0x10,0x04,
    0x3f,0x0e,0x3b,0x0c,0x4f,0x02,0x50,0x01,0x0e,0xff,0x1f,0x04,0x30,0x05,0x0d,0xdf,0x04,0x20,0x05,0x3f,0x09,0x80,0x09,0x3f,
    0x03,0x50,0x07,0x3f,0x05,0x10,0x01,0x0e,0x2f,0x0b,0x60,0x10,0x04,0x3f,0x0b,0x40,0x0b,0x3f,0x0b,0x50,0x01,0x0e,0x3f,0xcd,
    0x0e,0x03,0x20,0x06,0x6f,0x0e,0x0c,0x0a,0x06,0x09,0x3f,0x04,0x20,0x05,0x3f,0x09,0x80,0x09,0x3f,0x03,0x50,0x02,0x0e,0x2f,
    0x09,0x10,0x05,0x3f,0x06,0x60,0x10,0x04,0x3f,0x0b,0x40,0x03,0x4f,0x04,0x50,0x0d,0x2f,0x0c,0xd1,0x20,0x01,0x0e,0x3f,0x0c,
    0x06,0x03,0x01,0x20,0x08,0x3f,0x04,0x20,0x04,0x3f,0x0b,0x80,0x0b,0x3f,0x03,0x60,0x0a,0x2f,0x0d,0x01,0x00,0x0a,0x2f,0x0e,
    0x01,0x60,0x10,0x04,0x3f,0x0b,0x50,0x0a,0x3f,0x0c,0x50,0x0b,0x2f,0x0e,0x01,0xf0,0x06,0x3f,0x0a,0x60,0x08,0x3f,0x04,0x20,
    0x02,0x3f,0x0e,0x01,0x60,0x01,0x0d,0x3f,0x03,0x60,0x05,0x3f,0x03,0x00,0x0e,0x2f,0x09,0x70,0x10,0x04,0x3f,0x0b,0x50,0x02,
    0x4f,0x05,0x40,0x08,0x3f,0x05,0x70,0x11,0x50,0x09,0x3f,0x03,0x60,0x0a,0x3f,0x04,0x30,0x0d,0x3f,0x05,0x60,0x05,0x4f,0x03,
    0x60,0x01,0x0d,0x2f,0x07,0x03,0x3f,0x04,0x70,0x10,0x04,0x3f,0x0b,0x60,0x09,0x3f,0x0d,0x01,0x30,0x03,0x3f,0x0c,0x70,0x0c,
    0x0d,0x0a,0x07,0x04,0x20,0x08,0x3f,0x02,0x50,0x02,0x0e,0x3f,0x04,0x30,0x09,0x3f,0x0d,0x01,0x40,0x01,0x0c,0x4f,0x03,0x70,
    0x08,0x2f,0x0a,0x07,0x2f,0x0c,0x80,0x10,0x04,0x3f,0x0b,0x60,0x02,0x0e,0x3f,0x07,0x40,0x0a,0x3f,0x0b,0x02,0x30,0x01,0x0a,
    0x3f,0x0a,0x20,0x07,0x3f,0x08,0x40,0x02,0x0c,0x4f,0x04,0x30,0x03,0x4f,0x0b,0x03,0x20,0x02,0x0b,0x5f,0x03,0x70,0x03,0x2f,
    0x1d,0x2f,0x07,0x80,0x10,0x04,0x3f,0x0b,0x70,0x08,0x3f,0x0e,0x01,0x30,0x02,0x0e,0x3f,0x0e,0x0a,0x17,0x09,0x0e,0x3f,0x0e,
    0x02,0x20,0x03,0x4f,0x0a,0x05,0x04,0x05,0x09,0x0e,0x5f,0x04,0x40,0x09,0x5f,0x0b,0x0a,0x0b,0x2f,0x0d,0x3f,0x03,0x80,0x0c,
    0x5f,0x0e,0x02,0x80,0x10,0x04,0x3f,0x0b,0x70,0x01,0x0e,0x3f,0x08,0x40,0x04,0x0e,0xcf,0x06,0x40,0x0a,0x9f,0x0e,0x09,0x3f,
    0x04,0x40,0x01,0x0c,0x9f,0x18,0x3f,0x03,0x80,0x06,0x5f,0x0a,0x90,0x10,0x04,0x3f,0x0b,0x80,0x07,0x3f,0x0e,0x02,0x40,0x03,
    0x0d,0x9f,0x0e,0x05,0x50,0x01,0x0b,0x8f,0x15,0x3f,0x04,0x50,0x02,0x0c,0x7f,0x0c,0x00,0x08,0x3f,0x03,0x80,0x02,0x0e,0x4f,
    0x05,0x90,0x10,0x03,0x3e,0x0a,0x80,0x01,0x0c,0x3e,0x08,0x50,0x01,0x06,0x0c,0x0e,0x3f,0x0e,0x0c,0x07,0x01,0x80,0x07,0x0c,
    0x3f,0x0e,0x0b,0x04,0x00,0x05,0x3e,0x04,0x60,0x01,0x07,0x0d,0x3f,0x0d,0x08,0x01,0x00,0x08,0x3e,0x03,0x90,0x0a,0x3f,0x0d,
    0x01,0x90,0x20,0x41,0xa0,0x41,0x80,0x02,0x04,0x15,0x04,0x02,0xd0,0x03,0x04,0x05,0x04,0x02,0x30,0x31,0xa0,0x03,0x15,0x03,
    0x01,0x30,0x31,0xa0,0x08,0x3f,0x08,0xa0,0xf0,0xf0,0xf0,0xf0,0xf0,0xf0,0x40,0x0b,0x3f,0x03,0xa0,0xf0,0xf0,0xf0,0xf0,0xf0,
    0xf0,0x30,0x02,0x3f,0x0c,0xb0,0xf0,0xf0,0xf0,0xf0,0xf0,0xf0,0x13,0x01,0x04,0x0c,0x3f,0x05,0xb0,0xf0,0xf0,0xf0,0xf0,0xf0,
    0xf0,0x0c,0x0f,0x0e,0x4f,0x0c,0xc0,0xf0,0xf0,0xf0,0xf0,0xf0,0xf0,0xf0,0xf0,0xf0,0xf0,0x30,0xf0,0xf0,0xf0,0xf0,0xf0,0xf0,
    0xf0,0xf0,0xf0,0xf0,0x30,0xf0,0xf0,0xf0,0xf0,0xf0,0xf0,0xf0,0xf0,0xf0,0xf0,0x30,0xf0,0xf0,0xf0,0xf0,0xf0,0xf0,0xf0,0xf0,
    0xf0,0xf0,0x30,0xf0,0xf0,0xf0,0xf0,0xf0,0xf0,0xf0,0xf0,0xf0,0xf0,0x30,0x40,0x02,0x04,0x05,0x03,0x01,0xf0,0xf0,0xf0,0xb0,
    0x07,0x09,0x01,0xf0,0xf0,0x60,0x02,0x09,0x06,0xf0,0xf0,0xf0,0x00,0x20,0x04,0x0b,0x3f,0x0d,0x08,0x01,0xf0,0xf0,0xf0,0x80,
    0x05,0x1f,0x08,0xf0,0xf0,0x60,0x0a,0x1f,0x03,0xf0,0xf0,0xf0,0x10,0x05,0x2f,0x1c,0x0e,0x1f,0x0b,0x30,0x08,0x0d,0x08,0xf0,
    0x90,0x08,0x0d,0x08,0xf0,0x40,0x02,0x0d,0x0e,0x05,0xf0,0xf0,0x60,0x06,0x0e,0x0c,0x02,0xf0,0xf0,0xf0,0x00,0x01,0x0e,0x0f,
    0x0c,0x03,0x10,0x01,0x07,0x1f,0x07,0x20,0x0b,0x0f,0x0a,0xf0,0x90,0x0b,0x0f,0x0a,0xf0,0x50,0x11,0xf0,0xf0,0x80,0x02,0xf0,
    0xf0,0xf0,0x10,0x00,0x05,0x1f,0x03,0x40,0x0a,0x0f,0x0b,0x00,0x11,0x0a,0x0f,0x0a,0x11,0x50,0x11,0x60,0x11,0x10,0x03,0x05,
    0x01,0x00,0x01,0x0a,0x0f,0x0a,0x11,0xb0,0x11,0x50,0x11,0x60,0x11,0x20,0x11,0x20,0x21,0x20,0x01,0xf0,0x00,0x11,0x20,0x21,
    0x20,0x01,0xf0,0x00,0x01,0x70,0x11,0x20,0x01,0x60,0x00,0x06,0x0f,0x0e,0x01,0x40,0x01,0x03,0x02,0x00,0x07,0x0e,0x2f,0x1e,
    0x02,0x10,0x02,0x08,0x0c,0x1e,0x0b,0x06,0x30,0x02,0x1e,0x03,0x0a,0x1f,0x05,0x06,0x0e,0x2f,0x1e,0x02,0x70,0x02,0x09,0x0d,
    0x1e,0x0b,0x05,0x20,0x02,0x1e,0x04,0x30,0x04,0x0a,0x0d,0x0e,0x0b,0x13,0x0e,0x0d,0x01,0x10,0x0a,0x0e,0x07,0x01,0x09,0x0d,
    0x0e,0x0c,0x06,0xd0,0x06,0x0e,0x0d,0x01,0x10,0x0a,0x0e,0x07,0x01,0x09,0x0d,0x0e,0x0c,0x06,0xb0,0x04,0x0a,0x0d,0x0e,0x0c,
    0x08,0x02,0x30,0x06,0x0e,0x0b,0x00,0x06,0x0c,0x0e,0x0d,0x08,0x01,0x30,0x00,0x04,0x1f,0x09,0x01,0x70,0x06,0x1e,0x0f,0x0e,
    0x1d,0x02,0x00,0x03,0x0e,0x1f,0x1e,0x1f,0x0a,0x20,0x02,0x1f,0x0c,0x0f,0x1d,0x04,0x05,0x1e,0x0f,0x0e,0x1d,0x01,0x60,0x03,
    0x0e,0x1f,0x0d,0x0e,0x1f,0x07,0x10,0x02,0x1f,0x04,0x20,0x06,0x2f,0x0e,0x1f,0x08,0x1f,0x01,0x10,0x0b,0x0f,0x08,0x0c,0x4f,
    0x06,0xc0,0x06,0x0f,0x0e,0x01,0x10,0x0b,0x0f,0x08,0x0c,0x4f,0x06,0x90,0x08,0x2f,0x0e,0x1f,0x0e,0x03,0x20,0x06,0x0f,0x0c,
    0x09,0x4f,0x0b,0x30,0x10,0x0b,0x1f,0x0d,0x08,0x04,0x01,0x50,0x01,0x0a,0x0f,0x0a,0x00,0x01,0x10,0x0c,0x0f,0x0c,0x04,0x11,
    0x07,0x1f,0x04,0x10,0x02,0x0e,0x1f,0x05,0x01,0x20,0x01,0x0a,0x0f,0x0a,0x00,0x01,0x70,0x0b,0x0f,0x0c,0x03,0x11,0x08,0x0f,
    0x0e,0x02,0x00,0x02,0x0e,0x0f,0x04,0x10,0x02,0x1f,0x0c,0x04,0x01,0x03,0x0b,0x1f,0x0e,0x01,0x10,0x0b,0x0f,0x0e,0x0b,0x03,
    0x02,0x05,0x0d,0x0f,0x0e,0x01,0xb0,0x06,0x0f,0x0d,0x01,0x10,0x0b,0x0f,0x0e,0x0b,0x03,0x02,0x05,0x0d,0x0f,0x0e,0x01,0x70,
    0x05,0x1f,0x09,0x02,0x01,0x04,0x0d,0x0f,0x0d,0x01,0x10,0x06,0x0f,0x1e,0x05,0x02,0x03,0x0b,0x1f,0x05,0x20,0x10,0x01,0x0a,
    0x3f,0x0d,0x09,0x04,0x40,0x0a,0x0f,0x0a,0x30,0x03,0x06,0x03,0x30,0x0c,0x0f,0x08,0x10,0x02,0x0e,0x0f,0x08,0x50,0x0a,0x0f,
    0x0a,0x90,0x0d,0x0f,0x07,0x30,0x05,0x03,0x10,0x02,0x0e,0x0f,0x04,0x10,0x08,0x0f,0x0e,0x02,0x30,0x0d,0x0f,0x0e,0x01,0x10,
    0x0b,0x0f,0x0d,0x01,0x20,0x05,0x1f,0x04,0xb0,0x06,0x0f,0x0d,0x01,0x10,0x0b,0x0f,0x0d,0x01,0x20,0x05,0x1f,0x04,0x70,0x0c,
    0x0f,0x0b,0x30,0x03,0x0e,0x0f,0x07,0x10,0x06,0x1f,0x05,0x20,0x01,0x0d,0x0f,0x08,0x20,0x30,0x03,0x08,0x0c,0x3f,0x08,0x30,
    0x0a,0x0f,0x0a,0x80,0x01,0x04,0x0d,0x0f,0x08,0x10,0x02,0x0e,0x0f,0x04,0x50,0x0a,0x0f,0x0a,0x90,0x0c,0x0f,0x0d,0x05,0x01,
    0x50,0x02,0x0e,0x0f,0x04,0x10,0x0c,0x0f,0x0a,0x40,0x07,0x0f,0x0e,0x01,0x10,0x0b,0x0f,0x0a,0x30,0x02,0x0e,0x0f,0x05,0x10,
    0x08,0x5a,0x03,0x10,0x06,0x0f,0x0d,0x01,0x10,0x0b,0x0f,0x0a,0x30,0x02,0x0e,0x0f,0x05,0x60,0x02,0x1f,0x05,0x40,0x0a,0x0f,
    0x0b,0x10,0x06,0x0f,0x0e,0x01,0x30,0x0b,0x0f,0x09,0x20,0x60,0x02,0x06,0x0c,0x1f,0x07,0x20,0x0a,0x0f,0x0a,0x40,0x04,0x08,
    0x0b,0x0e,0x3f,0x09,0x10,0x02,0x0e,0x0f,0x04,0x50,0x0a,0x0f,0x0a,0x90,0x04,0x0e,0x1f,0x0e,0x0b,0x08,0x03,0x20,0x02,0x0e,
    0x0f,0x04,0x00,0x01,0x0d,0x0f,0x07,0x40,0x05,0x0f,0x0e,0x01,0x10,0x0b,0x0f,0x09,0x30,0x02,0x0e,0x0f,0x05,0x10,0x0d,0x5f,
    0x05,0x10,0x06,0x0f,0x0d,0x01,0x10,0x0b,0x0f,0x09,0x30,0x02,0x0e,0x0f,0x05,0x60,0x04,0x1f,0x03,0x40,0x08,0x0f,0x0c,0x10,
    0x06,0x0f,0x0d,0x01,0x30,0x0a,0x0f,0x09,0x20,0x90,0x0b,0x0f,0x0d,0x20,0x0a,0x0f,0x0a,0x30,0x08,0x2f,0x0c,0x0a,0x07,0x0c,
    0x0f,0x08,0x10,0x02,0x0e,0x0f,0x04,0x50,0x0a,0x0f,0x0a,0xa0,0x03,0x09,0x0c,0x3f,0x08,0x10,0x02,0x0e,0x0f,0x04,0x00,0x01,
    0x0d,0x0f,0x07,0x40,0x05,0x0f,0x0e,0x01,0x10,0x0b,0x0f,0x09,0x30,0x02,0x0e,0x0f,0x05,0x10,0x04,0x55,0x02,0x10,0x06,0x0f,
    0x0d,0x01,0x10,0x0b,0x0f,0x09,0x30,0x02,0x0e,0x0f,0x05,0x60,0x04,0x1f,0x02,0x40,0x07,0x0f,0x0d,0x01,0x00,0x06,0x0f,0x0d,
    0x01,0x30,0x0a,0x0f,0x09,0x20,0x00,0x05,0x06,0x04,0x30,0x01,0x00,0x05,0x0f,0x0e,0x02,0x10,0x0a,0x0f,0x0a,0x20,0x04,0x1f,
    0x07,0x01,0x20,0x0b,0x0f,0x08,0x10,0x02,0x0e,0x0f,0x04,0x50,0x0a,0x0f,0x0a,0xd0,0x02,0x05,0x0c,0x1f,0x05,0x00,0x02,0x0e,
    0x0f,0x04,0x10,0x0c,0x0f,0x09,0x40,0x07,0x0f,0x0e,0x01,0x10,0x0b,0x0f,0x09,0x30,0x02,0x0e,0x0f,0x05,0xb0,0x06,0x0f,0x0d,
    0x01,0x10,0x0b,0x0f,0x09,0x30,0x02,0x0e,0x0f,0x05,0x60,0x03,0x1f,0x04,0x40,0x09,0x0f,0x0b,0x10,0x06,0x0f,0x0d,0x01,0x30,
    0x0a,0x0f,0x09,0x20,0x00,0x0b,0x0f,0x0d,0x50,0x09,0x0f,0x0e,0x01,0x10,0x0a,0x0f,0x0a,0x20,0x06,0x0f,0x0d,0x40,0x0d,0x0f,
    0x08,0x10,0x02,0x0e,0x0f,0x04,0x50,0x0a,0x0f,0x0a,0x90,0x02,0x05,0x30,0x01,0x0e,0x0f,0x08,0x00,0x02,0x0e,0x0f,0x04,0x10,
    0x09,0x0f,0x0e,0x01,0x30,0x0c,0x0f,0x0e,0x01,0x10,0x0b,0x0f,0x09,0x30,0x02,0x0e,0x0f,0x05,0xb0,0x06,0x0f,0x0d,0x01,0x10,
    0x0b,0x0f,0x09,0x30,0x02,0x0e,0x0f,0x05,0x60,0x01,0x0d,0x0f,0x08,0x40,0x0d,0x0f,0x08,0x10,0x06,0x0f,0x0d,0x01,0x30,0x0a,
    0x0f,0x09,0x20,0x00,0x05,0x1f,0x0a,0x02,0x10,0x01,0x07,0x0e,0x0f,0x0a,0x20,0x0a,0x0f,0x0c,0x02,0x01,0x00,0x05,0x0f,0x0e,
    0x04,0x10,0x01,0x09,0x1f,0x09,0x10,0x02,0x0e,0x0f,0x04,0x50,0x0a,0x0f,0x0c,0x02,0x01,0x60,0x02,0x1f,0x07,0x20,0x04,0x0e,
    0x0f,0x06,0x00,0x02,0x0e,0x0f,0x04,0x10,0x03,0x1f,0x0b,0x03,0x01,0x03,0x0a,0x1f,0x0e,0x01,0x10,0x0b,0x0f,0x09,0x30,0x02,
    0x0e,0x0f,0x05,0xb0,0x06,0x0f,0x0d,0x01,0x10,0x0b,0x0f,0x09,0x30,0x02,0x0e,0x0f,0x05,0x70,0x08,0x0f,0x0e,0x05,0x10,0x01,
    0x09,0x1f,0x03,0x10,0x06,0x0f,0x0d,0x01,0x30,0x0a,0x0f,0x09,0x20,0x10,0x0a,0x2f,0x1c,0x0e,0x1f,0x0d,0x02,0x20,0x04,0x2f,
    0x0e,0x02,0x01,0x0d,0x1f,0x0b,0x0a,0x1e,0x0c,0x0f,0x09,0x10,0x02,0x1f,0x04,0x50,0x04,0x2f,0x0e,0x02,0x60,0x0a,0x1f,0x0b,
    0x09,0x0a,0x1f,0x0c,0x01,0x00,0x02,0x1f,0x04,0x20,0x07,0x2f,0x0e,0x0f,0x0e,0x08,0x0f,0x0e,0x01,0x10,0x0b,0x0f,0x09,0x30,
    0x02,0x0e,0x0f,0x05,0xb0,0x06,0x0f,0x0e,0x01,0x10,0x0b,0x0f,0x09,0x30,0x02,0x0e,0x0f,0x05,0x70,0x01,0x0c,0x1f,0x0b,0x0a,
    0x0d,0x1f,0x07,0x20,0x06,0x0f,0x0e,0x01,0x30,0x0b,0x0f,0x0a,0x20,0x20,0x07,0x0d,0x3f,0x0e,0x09,0x01,0x40,0x06,0x0c,0x1e,
    0x04,0x00,0x03,0x0b,0x2f,0x0c,0x03,0x09,0x0e,0x08,0x10,0x02,0x0d,0x0e,0x04,0x60,0x06,0x0c,0x1e,0x04,0x70,0x08,0x0e,0x2f,
    0x0e,0x0a,0x01,0x10,0x02,0x0d,0x0e,0x04,0x30,0x05,0x0a,0x0d,0x0e,0x0b,0x02,0x04,0x0f,0x0e,0x01,0x10,0x0a,0x0e,0x09,0x30,
    0x01,0x0d,0x0e,0x04,0xb0,0x06,0x0e,0x0c,0x01,0x10,0x0a,0x0e,0x09,0x30,0x01,0x0d,0x0e,0x04,0x80,0x01,0x09,0x0e,0x2f,0x0d,
    0x06,0x30,0x06,0x0e,0x0c,0x01,0x30,0x0a,0x0e,0x09,0x20,0x40,0x03,0x04,0x05,0x04,0x01,0x80,0x11,0x30,0x02,0x04,0x02,0x10,
    0x21,0x20,0x11,0x90,0x11,0x90,0x01,0x04,0x05,0x04,0x02,0x40,0x11,0x60,0x11,0x10,0x05,0x0f,0x0e,0x01,0x10,0x21,0x40,0x11,
    0xd0,0x11,0x20,0x21,0x40,0x11,0xb0,0x02,0x04,0x05,0x03,0x60,0x11,0x40,0x21,0x20,0xf0,0xf0,0xf0,0xf0,0xa0,0x01,0x05,0x08,
    0x40,0x09,0x0f,0x0d,0xf0,0xf0,0xf0,0xf0,0xd0,0xf0,0xf0,0xf0,0xf0,0xa0,0x03,0x1f,0x0b,0x06,0x04,0x05,0x0a,0x1f,0x06,0xf0,
    0xf0,0xf0,0xf0,0xd0,0xf0,0xf0,0xf0,0xf0,0xb0,0x05,0x0d,0x4f,0x0e,0x08,0xf0,0xf0,0xf0,0xf0,0xe0,0xf0,0xf0,0xf0,0xf0,0xc0,
    0x02,0x06,0x09,0x1a,0x07,0x03,0xf0,0xf0,0xf0,0xf0,0xf0,0xf0,0xf0,0xf0,0xf0,0xf0,0xf0,0xf0,0xf0,0xf0,0xf0,0x10,0xf0,0xf0,
    0xf0,0xf0,0xf0,0xf0,0xf0,0xf0,0xf0,0xf0,0x10,0xf0,0xf0,0xf0,0xf0,0xf0,0xf0,0xf0,0xf0,0xf0,0xf0,0x10,0xf0,0xf0,0xf0,0xf0,
    0xf0,0xf0,0xf0,0xf0,0xf0,0xf0,0x10,0xf0,0xf0,0xf0,0xf0,0xf0,0xf0,0xf0,0xf0,0xf0,0xf0,0x10,0xf0,0xf0,0xf0,0xf0,0xf0,0xf0,
    0xf0,0xf0,0xf0,0xf0,0x10,0xf0,0xf0,0xf0,0xf0,0xf0,0xf0,0xf0,0xf0,0xf0,0xf0,0x10,0xf0,0xf0,0xf0,0xf0,0xf0,0xf0,0xf0,0xe0,
    0x08,0x0d,0x08,0xf0,0xf0,0xf0,0xf0,0xf0,0xf0,0xf0,0xf0,0xf0,0xe0,0x0b,0x0f,0x0a,0xf0,0xf0,0x21,0x60,0x11,0x50,0x11,0x60,
    0x21,0x40,0x11,0x20,0x21,0x00,0x02,0x05,0x02,0xb0,0x11,0xa0,0x01,0x70,0x11,0x10,0x03,0x05,0x02,0x20,0x01,0x04,0x05,0x02,
    0x40,0x21,0x20,0x01,0x60,0x11,0x50,0x11,0x00,0x11,0x0a,0x0f,0x0a,0x11,0x50,0x11,0x60,0x21,0x00,0x02,0x05,0x02,0x70,0x05,
    0x1e,0x03,0x40,0x08,0x0e,0x0c,0x01,0x20,0x07,0x0b,0x1e,0x0b,0x06,0x40,0x0a,0x0e,0x09,0x30,0x01,0x0d,0x0e,0x04,0x10,0x0a,
    0x0e,0x07,0x06,0x0e,0x0f,0x0b,0x80,0x02,0x09,0x0c,0x0e,0x0d,0x0a,0x04,0x50,0x02,0x09,0x0c,0x0e,0x0d,0x0a,0x04,0x30,0x06,
    0x0e,0x0b,0x02,0x0c,0x1f,0x0e,0x05,0x00,0x06,0x0e,0x1f,0x0e,0x08,0x30,0x0a,0x0e,0x07,0x01,0x09,0x0d,0x0e,0x0b,0x06,0x30,
    0x02,0x0d,0x0e,0x04,0x30,0x05,0x0e,0x0d,0x00,0x06,0x0e,0x2f,0x1e,0x02,0x20,0x05,0x0a,0x0d,0x0e,0x0c,0x08,0x01,0x30,0x0a,
    0x0e,0x07,0x06,0x0e,0x0f,0x0b,0x70,0x01,0x0d,0x0f,0x08,0x40,0x0d,0x0f,0x09,0x10,0x01,0x0b,0x5f,0x0b,0x01,0x20,0x0b,0x0f,
    0x09,0x30,0x02,0x0e,0x0f,0x05,0x10,0x0b,0x0f,0x0b,0x0f,0x0e,0x0d,0x09,0x70,0x04,0x0e,0x1f,0x0e,0x2f,0x07,0x30,0x04,0x0e,
    0x1f,0x0e,0x2f,0x07,0x20,0x06,0x0f,0x1c,0x0e,0x0b,0x0e,0x0f,0x0e,0x06,0x0f,0x0d,0x0b,0x0e,0x1f,0x06,0x20,0x0b,0x0f,0x09,
    0x0b,0x0f,0x0e,0x2f,0x09,0x20,0x02,0x1f,0x04,0x30,0x06,0x0f,0x0e,0x00,0x06,0x1e,0x0f,0x0e,0x1d,0x01,0x10,0x08,0x2f,0x0e,
    0x1f,0x0d,0x02,0x20,0x0b,0x0f,0x0b,0x0f,0x0e,0x0d,0x09,0x70,0x00,0x08,0x0f,0x0d,0x30,0x04,0x1f,0x03,0x10,0x0a,0x0f,0x0e,
    0x06,0x12,0x07,0x0e,0x0f,0x09,0x20,0x0b,0x0f,0x09,0x30,0x02,0x0e,0x0f,0x05,0x10,0x0b,0x1f,0x09,0x01,0x80,0x01,0x0e,0x0f,
    0x0c,0x04,0x01,0x03,0x0a,0x1f,0x04,0x10,0x01,0x0e,0x0f,0x0c,0x04,0x01,0x03,0x0a,0x1f,0x04,0x10,0x06,0x1f,0x0a,0x01,0x00,
    0x02,0x0d,0x1f,0x09,0x10,0x02,0x0d,0x0f,0x0c,0x20,0x0b,0x1f,0x0d,0x04,0x01,0x03,0x0a,0x1f,0x06,0x10,0x02,0x0e,0x0f,0x04,
    0x30,0x06,0x0f,0x0e,0x01,0x00,0x01,0x0a,0x0f,0x0a,0x00,0x01,0x10,0x05,0x1f,0x07,0x02,0x01,0x04,0x0d,0x0f,0x0b,0x20,0x0b,
    0x1f,0x09,0x01,0x90,0x00,0x03,0x1f,0x04,0x20,0x09,0x0f,0x0c,0x10,0x03,0x1f,0x06,0x30,0x07,0x1f,0x02,0x10,0x0b,0x0f,0x09,
    0x30,0x02,0x0e,0x0f,0x05,0x10,0x0b,0x0f,0x0c,0xa0,0x07,0x0f,0x0e,0x02,0x30,0x0b,0x0c,0x05,0x10,0x07,0x0f,0x0e,0x02,0x30,
    0x0b,0x0f,0x0b,0x10,0x06,0x0f,0x0e,0x02,0x20,0x07,0x0f,0x0e,0x01,0x20,0x07,0x0f,0x0d,0x01,0x10,0x0b,0x1f,0x03,0x30,0x0c,
    0x0f,0x0c,0x10,0x02,0x0e,0x0f,0x04,0x30,0x06,0x0f,0x0e,0x01,0x10,0x0a,0x0f,0x0a,0x30,0x0c,0x0f,0x08,0x30,0x03,0x1f,0x03,
    0x10,0x0b,0x0f,0x0c,0xb0,0x10,0x0c,0x0f,0x09,0x10,0x01,0x0d,0x0f,0x07,0x10,0x07,0x0f,0x0e,0x01,0x30,0x01,0x0e,0x0f,0x06,
    0x10,0x0b,0x0f,0x09,0x30,0x02,0x0e,0x0f,0x05,0x10,0x0b,0x0f,0x09,0xa0,0x0b,0x0f,0x0a,0x90,0x0b,0x0f,0x0a,0x40,0x05,0x0f,
    0x0e,0x02,0x00,0x06,0x0f,0x0d,0x01,0x20,0x06,0x0f,0x0d,0x01,0x20,0x06,0x0f,0x0d,0x01,0x10,0x0b,0x0f,0x0b,0x40,0x06,0x0f,
    0x0e,0x02,0x00,0x02,0x0e,0x0f,0x04,0x30,0x06,0x0f,0x0e,0x01,0x10,0x0a,0x0f,0x0a,0x20,0x02,0x1f,0x03,0x41,0x0c,0x0f,0x07,
    0x10,0x0b,0x0f,0x09,0xb0,0x10,0x07,0x0f,0x0d,0x01,0x00,0x05,0x0f,0x0e,0x02,0x10,0x09,0x0f,0x0c,0x50,0x0c,0x0f,0x08,0x10,
    0x0b,0x0f,0x09,0x30,0x02,0x0e,0x0f,0x05,0x10,0x0b,0x0f,0x09,0xa0,0x0d,0x0f,0x07,0x90,0x0d,0x0f,0x07,0x40,0x03,0x1f,0x04,
    0x00,0x06,0x0f,0x0d,0x01,0x20,0x06,0x0f,0x0d,0x01,0x20,0x06,0x0f,0x0d,0x01,0x10,0x0b,0x0f,0x09,0x40,0x04,0x1f,0x03,0x00,
    0x02,0x0e,0x0f,0x04,0x30,0x06,0x0f,0x0e,0x01,0x10,0x0a,0x0f,0x0a,0x20,0x04,0x9f,0x09,0x10,0x0b,0x0f,0x09,0xb0,0x10,0x02,
    0x0e,0x0f,0x05,0x00,0x0a,0x0f,0x0a,0x20,0x09,0x0f,0x0b,0x50,0x0c,0x0f,0x08,0x10,0x0b,0x0f,0x09,0x30,0x02,0x0e,0x0f,0x05,
    0x10,0x0b,0x0f,0x09,0x90,0x01,0x0d,0x0f,0x07,0x80,0x01,0x0d,0x0f,0x07,0x40,0x03,0x1f,0x04,0x00,0x06,0x0f,0x0d,0x01,0x20,
    0x06,0x0f,0x0d,0x01,0x20,0x06,0x0f,0x0d,0x01,0x10,0x0b,0x0f,0x09,0x40,0x03,0x1f,0x04,0x00,0x02,0x0e,0x0f,0x04,0x30,0x06,
    0x0f,0x0e,0x01,0x10,0x0a,0x0f,0x0a,0x20,0x04,0x1f,0x0c,0x6b,0x07,0x10,0x0b,0x0f,0x09,0xb0,0x20,0x0a,0x0f,0x09,0x00,0x0e,
    0x0f,0x05,0x20,0x08,0x0f,0x0d,0x40,0x01,0x0d,0x0f,0x07,0x10,0x0b,0x0f,0x09,0x30,0x02,0x0e,0x0f,0x05,0x10,0x0b,0x0f,0x09,
    0xa0,0x0c,0x0f,0x08,0x90,0x0c,0x0f,0x08,0x40,0x04,0x1f,0x03,0x00,0x06,0x0f,0x0d,0x01,0x20,0x06,0x0f,0x0d,0x01,0x20,0x06,
    0x0f,0x0d,0x01,0x10,0x0b,0x0f,0x0a,0x40,0x05,0x1f,0x02,0x00,0x02,0x0e,0x0f,0x04,0x30,0x06,0x0f,0x0e,0x01,0x10,0x0a,0x0f,
    0x0a,0x20,0x03,0x1f,0x02,0x90,0x0b,0x0f,0x09,0xb0,0x20,0x05,0x0f,0x0c,0x05,0x0f,0x0d,0x01,0x20,0x04,0x1f,0x04,0x30,0x04,
    0x1f,0x04,0x10,0x0a,0x0f,0x0c,0x30,0x06,0x1f,0x05,0x10,0x0b,0x0f,0x09,0xa0,0x09,0x0f,0x0d,0x40,0x08,0x09,0x04,0x10,0x09,
    0x0f,0x0d,0x40,0x09,0x0f,0x0d,0x01,0x00,0x06,0x0f,0x0d,0x01,0x20,0x06,0x0f,0x0d,0x01,0x20,0x06,0x0f,0x0d,0x01,0x10,0x0b,
    0x0f,0x0e,0x01,0x30,0x0a,0x0f,0x0d,0x10,0x01,0x0e,0x0f,0x08,0x30,0x0b,0x0f,0x0e,0x01,0x10,0x0a,0x0f,0x0a,0x20,0x01,0x0d,
    0x0f,0x07,0x40,0x04,0x01,0x20,0x0b,0x0f,0x09,0x40,0x12,0x40,0x20,0x01,0x0d,0x0e,0x0b,0x0f,0x08,0x40,0x0c,0x0f,0x0c,0x02,
    0x10,0x02,0x0d,0x0f,0x0c,0x20,0x06,0x1f,0x09,0x03,0x02,0x06,0x1e,0x0f,0x05,0x10,0x0b,0x0f,0x09,0xa0,0x03,0x1f,0x09,0x01,
    0x10,0x05,0x1f,0x07,0x10,0x03,0x1f,0x09,0x01,0x10,0x05,0x0e,0x0f,0x07,0x10,0x06,0x0f,0x0d,0x01,0x20,0x06,0x0f,0x0d,0x01,
    0x20,0x06,0x0f,0x0d,0x01,0x10,0x0b,0x1f,0x0a,0x01,0x10,0x06,0x1f,0x08,0x20,0x0b,0x0f,0x0e,0x06,0x02,0x03,0x09,0x1f,0x0e,
    0x01,0x10,0x0a,0x0f,0x0c,0x02,0x01,0x10,0x08,0x0f,0x0e,0x04,0x20,0x06,0x1f,0x03,0x10,0x0b,0x0f,0x09,0x30,0x04,0x1e,0x04,
    0x30,0x30,0x08,0x2f,0x03,0x40,0x03,0x0e,0x0f,0x0e,0x0a,0x0b,0x0e,0x0f,0x0e,0x03,0x20,0x01,0x0c,0x4f,0x08,0x0d,0x0f,0x05,
    0x10,0x0b,0x0f,0x09,0xb0,0x08,0x1f,0x0d,0x0a,0x0c,0x1f,0x0b,0x30,0x08,0x1f,0x0d,0x0a,0x0c,0x1f,0x0b,0x20,0x06,0x0f,0x0e,
    0x01,0x20,0x06,0x0f,0x0d,0x01,0x20,0x06,0x0f,0x0d,0x01,0x10,0x0b,0x0f,0x0b,0x1e,0x0a,0x0c,0x1f,0x0d,0x01,0x20,0x04,0x5f,
    0x07,0x0f,0x0e,0x01,0x10,0x04,0x2f,0x0e,0x03,0x00,0x01,0x0c,0x1f,0x0b,0x0a,0x0c,0x1f,0x0a,0x20,0x0b,0x0f,0x09,0x30,0x09,
    0x1f,0x09,0x30,0x30,0x03,0x1f,0x0c,0x60,0x03,0x0b,0x3f,0x0b,0x03,0x40,0x01,0x09,0x0d,0x0e,0x0c,0x06,0x00,0x0c,0x0e,0x04,
    0x10,0x0a,0x0e,0x09,0xc0,0x06,0x0d,0x2f,0x0e,0x09,0x01,0x40,0x06,0x0d,0x2f,0x0e,0x09,0x01,0x20,0x06,0x0e,0x0c,0x01,0x20,
    0x05,0x0e,0x0c,0x30,0x06,0x0e,0x0c,0x01,0x10,0x0b,0x0f,0x08,0x03,0x0e,0x2f,0x0b,0x02,0x40,0x04,0x0b,0x0d,0x0e,0x0b,0x02,
    0x03,0x0e,0x0d,0x01,0x20,0x06,0x0c,0x1e,0x04,0x10,0x01,0x09,0x0e,0x2f,0x0e,0x08,0x30,0x0a,0x0e,0x09,0x30,0x03,0x1d,0x03,
    0x30,0x30,0x01,0x0e,0x0f,0x06,0x80,0x02,0x14,0x02,0x90,0x01,0x20,0x11,0x20,0x21,0xd0,0x01,0x03,0x05,0x04,0x01,0x70,0x01,
    0x03,0x05,0x04,0x01,0x50,0x11,0x40,0x11,0x40,0x11,0x20,0x0b,0x0f,0x09,0x00,0x01,0x04,0x05,0x03,0x80,0x11,0x20,0x11,0x50,
    0x11,0x40,0x01,0x04,0x05,0x04,0x01,0x40,0x21,0xb0,0x30,0x06,0x0f,0x0e,0x01,0xf0,0xf0,0xf0,0xf0,0xf0,0xb0,0x0b,0x0f,0x09,
    0xf0,0xf0,0xf0,0xa0,0x00,0x01,0x16,0x0e,0x0f,0x09,0xf0,0xf0,0xf0,0xf0,0xf0,0xc0,0x0b,0x0f,0x09,0xf0,0xf0,0xf0,0xa0,0x00,
    0x05,0x2f,0x0c,0x01,0xf0,0xf0,0xf0,0xf0,0xf0,0xc0,0x0b,0x0f,0x0a,0xf0,0xf0,0xf0,0xa0,0x00,0x04,0x1a,0x07,0x01,0xf0,0xf0,
    0xf0,0xf0,0xf0,0xd0,0x07,0x0a,0x06,0xf0,0xf0,0xf0,0xa0,0xf0,0xf0,0xf0,0xf0,0xf0,0xf0,0xf0,0xf0,0xf0,0xf0,0xf0,0xf0,0xf0,
    0xf0,0xf0,0xf0,0xf0,0xf0,0xf0,0xf0,0xf0,0xf0,0xf0,0xf0,0xf0,0xf0,0xf0,0xf0,0xf0,0xf0,0xf0,0xf0,0xf0,0xf0,0xf0,0xf0,0xf0,
    0xf0,0xf0,0xf0,0xf0,0xf0,0xf0,0xf0,0xf0,0x00,0x06,0x0a,0x08,0x50,0x08,0x0a,0x06,0x30,0x02,0x06,0x09,0x0a,0x08,0x04,0x30,
    0x03,0x4a,0x09,0x07,0x03,0xf0,0xf0,0xf0,0xf0,0xf0,0xf0,0x40,0x02,0x1a,0x03,0x20,0x00,0x09,0x0f,0x0d,0x50,0x0d,0x0f,0x09,
    0x20,0x06,0x0e,0x4f,0x0b,0x02,0x10,0x05,0x7f,0x07,0xf0,0xf0,0xf0,0xf0,0xb0,0x04,0x0c,0x0b,0x02,0xf0,0x30,0x03,0x1f,0x04,
    0x20,0x00,0x09,0x0f,0x0c,0x50,0x0c,0x0f,0x09,0x10,0x04,0x1f,0x0d,0x08,0x07,0x0a,0x1f,0x0b,0x10,0x04,0x1f,0x08,0x16,0x08,
    0x0d,0x1f,0x03,0xf0,0xf0,0xf0,0xf0,0xa0,0x05,0x1f,0x01,0xf0,0x30,0x03,0x1f,0x04,0x20,0x00,0x09,0x0f,0x0c,0x50,0x0c,0x0f,
    0x09,0x10,0x09,0x0f,0x0d,0x01,0x20,0x07,0x1f,0x03,0x00,0x04,0x1f,0x03,0x20,0x04,0x1f,0x07,0x80,0x01,0x04,0x05,0x04,0x01,
    0x50,0x01,0x04,0x05,0x03,0x40,0x02,0x05,0x04,0x10,0x04,0x05,0x02,0x30,0x03,0x05,0x03,0x00,0x02,0x05,0x04,0x01,0x50,0x01,
    0x04,0x05,0x03,0x60,0x01,0x04,0x05,0x04,0x01,0x20,0x04,0x08,0x0f,0x0e,0x06,0x05,0x01,0x20,0x02,0x14,0x02,0x60,0x02,0x05,
    0x04,0x00,0x02,0x1f,0x04,0x20,0x00,0x09,0x0f,0x0c,0x50,0x0c,0x0f,0x09,0x10,0x0b,0x0f,0x0c,0x40,0x13,0x01,0x00,0x04,0x1f,
    0x04,0x00,0x01,0x00,0x01,0x0e,0x0f,0x06,0x70,0x06,0x0d,0x2f,0x0d,0x05,0x30,0x06,0x0d,0x2f,0x0d,0x05,0x20,0x06,0x0f,0x0d,
    0x03,0x0d,0x1f,0x0e,0x07,0x20,0x0b,0x0f,0x08,0x06,0x2f,0x0d,0x03,0x30,0x07,0x0d,0x2f,0x0c,0x04,0x30,0x06,0x0d,0x2f,0x0d,
    0x05,0x10,0x0d,0x4f,0x02,0x00,0x01,0x0a,0x3f,0x0a,0x01,0x30,0x09,0x2f,0x0c,0x04,0x0e,0x0f,0x04,0x20,0x00,0x09,0x0f,0x0c,
    0x50,0x0c,0x0f,0x09,0x10,0x07,0x1f,0x0a,0x04,0x01,0x50,0x04,0x1f,0x03,0x10,0x01,0x08,0x0f,0x0e,0x02,0x60,0x07,0x1f,0x0c,
    0x0a,0x0d,0x1f,0x05,0x10,0x07,0x1f,0x0c,0x0a,0x0d,0x1f,0x05,0x10,0x06,0x0f,0x2d,0x0b,0x0e,0x1f,0x04,0x10,0x0a,0x0f,0x0c,
    0x0f,0x1c,0x1f,0x0d,0x01,0x10,0x07,0x1f,0x0b,0x09,0x0c,0x1f,0x03,0x10,0x07,0x1f,0x0c,0x0a,0x0d,0x1f,0x05,0x00,0x06,0x0b,
    0x1f,0x09,0x08,0x01,0x00,0x0c,0x0f,0x0e,0x0a,0x09,0x0e,0x0f,0x0c,0x01,0x10,0x09,0x1f,0x0c,0x0a,0x2e,0x0f,0x04,0x20,0x00,
    0x09,0x0f,0x0c,0x50,0x0c,0x0f,0x09,0x10,0x01,0x0a,0x2f,0x0d,0x0a,0x06,0x01,0x20,0x04,0x1f,0x2c,0x0d,0x0f,0x0b,0x02,0x60,
    0x02,0x0e,0x0f,0x0a,0x10,0x01,0x0b,0x0f,0x0a,0x00,0x02,0x0e,0x0f,0x0a,0x10,0x01,0x0b,0x0f,0x0d,0x01,0x00,0x06,0x1f,0x09,
    0x10,0x04,0x0e,0x0f,0x09,0x10,0x0b,0x1f,0x05,0x10,0x08,0x1f,0x04,0x00,0x02,0x0e,0x0f,0x06,0x20,0x09,0x0f,0x0b,0x00,0x02,
    0x0e,0x0f,0x0a,0x10,0x01,0x0b,0x0f,0x0a,0x10,0x04,0x0f,0x0e,0x01,0x10,0x06,0x0f,0x0d,0x02,0x10,0x01,0x0d,0x0f,0x06,0x00,
    0x02,0x1f,0x0a,0x10,0x01,0x0c,0x1f,0x04,0x20,0x00,0x09,0x0f,0x0c,0x50,0x0c,0x0f,0x09,0x30,0x05,0x0a,0x0d,0x2f,0x0d,0x04,
    0x10,0x04,0x6f,0x0d,0x07,0x60,0x05,0x1f,0x03,0x20,0x01,0x03,0x01,0x00,0x05,0x1f,0x03,0x00,0x01,0x00,0x04,0x1f,0x04,0x00,
    0x06,0x0f,0x0e,0x02,0x20,0x0b,0x0f,0x0a,0x10,0x0b,0x0f,0x0b,0x20,0x02,0x1f,0x05,0x00,0x06,0x0f,0x0e,0x25,0x04,0x07,0x0f,
    0x0e,0x00,0x05,0x1f,0x03,0x20,0x01,0x03,0x01,0x10,0x05,0x0f,0x0e,0x02,0x10,0x0a,0x0f,0x0b,0x04,0x15,0x04,0x0b,0x0f,0x0a,
    0x00,0x06,0x1f,0x03,0x00,0x01,0x00,0x04,0x1f,0x04,0x20,0x00,0x09,0x0f,0x0c,0x50,0x0c,0x0f,0x09,0x50,0x01,0x03,0x07,0x0d,
    0x0f,0x0e,0x02,0x00,0x04,0x1f,0x04,0x11,0x02,0x07,0x1f,0x07,0x50,0x07,0x0f,0x0e,0x01,0x60,0x07,0x0f,0x0e,0x01,0x20,0x02,
    0x0e,0x0f,0x06,0x00,0x06,0x0f,0x0e,0x01,0x20,0x0b,0x0f,0x0a,0x10,0x0a,0x0f,0x0a,0x20,0x02,0x0e,0x0f,0x05,0x00,0x08,0x8f,
    0x01,0x07,0x0f,0x0e,0x01,0x70,0x05,0x0f,0x0e,0x02,0x10,0x0c,0x7f,0x0c,0x00,0x07,0x0f,0x0e,0x01,0x20,0x03,0x1f,0x04,0x20,
    0x00,0x08,0x0f,0x0d,0x50,0x0d,0x0f,0x08,0x00,0x01,0x13,0x01,0x30,0x03,0x0e,0x0f,0x06,0x00,0x04,0x1f,0x03,0x30,0x09,0x0f,
    0x0d,0x50,0x07,0x0f,0x0e,0x01,0x60,0x07,0x0f,0x0e,0x01,0x20,0x02,0x1f,0x06,0x00,0x06,0x0f,0x0e,0x01,0x20,0x0b,0x0f,0x0a,
    0x10,0x0a,0x0f,0x0a,0x20,0x02,0x0e,0x0f,0x05,0x00,0x07,0x0f,0x0e,0x65,0x00,0x07,0x0f,0x0e,0x01,0x70,0x05,0x0f,0x0e,0x02,
    0x10,0x0b,0x0f,0x0b,0x55,0x04,0x00,0x07,0x0f,0x0e,0x01,0x20,0x03,0x1f,0x04,0x20,0x00,0x06,0x1f,0x06,0x30,0x06,0x1f,0x06,
    0x00,0x01,0x0e,0x0f,0x08,0x30,0x02,0x0e,0x0f,0x07,0x00,0x04,0x1f,0x03,0x30,0x09,0x0f,0x0e,0x01,0x40,0x04,0x1f,0x04,0x20,
    0x05,0x08,0x05,0x00,0x04,0x1f,0x04,0x20,0x06,0x1f,0x03,0x00,0x06,0x0f,0x0e,0x01,0x20,0x0b,0x0f,0x0a,0x10,0x0a,0x0f,0x0a,
    0x20,0x02,0x0e,0x0f,0x05,0x00,0x04,0x0f,0x0e,0x01,0x30,0x01,0x10,0x04,0x1f,0x04,0x20,0x05,0x08,0x04,0x10,0x05,0x0f,0x0e,
    0x01,0x10,0x09,0x0f,0x0b,0x30,0x01,0x20,0x05,0x1f,0x05,0x20,0x06,0x1f,0x04,0x20,0x00,0x01,0x0e,0x0f,0x0e,0x08,0x14,0x08,
    0x0e,0x0f,0x0d,0x01,0x10,0x0a,0x0f,0x0e,0x08,0x13,0x05,0x0c,0x1f,0x03,0x00,0x04,0x1f,0x05,0x22,0x06,0x0e,0x0f,0x0c,0x50,
    0x01,0x0d,0x0f,0x0c,0x03,0x01,0x04,0x0d,0x0f,0x0b,0x00,0x01,0x0d,0x0f,0x0c,0x03,0x01,0x04,0x0d,0x0f,0x0b,0x10,0x06,0x0f,
    0x0e,0x01,0x20,0x0b,0x0f,0x0a,0x10,0x0a,0x0f,0x0a,0x20,0x02,0x0e,0x0f,0x05,0x00,0x01,0x0d,0x0f,0x0b,0x02,0x01,0x02,0x0b,
    0x0f,0x0a,0x00,0x01,0x0d,0x0f,0x0c,0x03,0x01,0x04,0x0d,0x0f,0x0b,0x10,0x05,0x1f,0x04,0x01,0x00,0x03,0x1f,0x08,0x11,0x04,
    0x0e,0x0f,0x06,0x00,0x01,0x0e,0x0f,0x0d,0x03,0x01,0x04,0x0e,0x1f,0x04,0x20,0x10,0x04,0x0e,0x5f,0x0e,0x03,0x20,0x02,0x0d,
    0x6f,0x07,0x10,0x04,0x8f,0x04,0x60,0x03,0x0e,0x1f,0x0e,0x1f,0x0d,0x02,0x10,0x03,0x0e,0x1f,0x0e,0x1f,0x0d,0x02,0x10,0x06,
    0x0f,0x0e,0x01,0x20,0x0b,0x0f,0x0a,0x10,0x0b,0x0f,0x0a,0x20,0x02,0x0e,0x0f,0x05,0x10,0x03,0x0e,0x1f,0x0d,0x2f,0x05,0x10,
    0x03,0x0e,0x1f,0x0e,0x1f,0x0d,0x02,0x10,0x02,0x2f,0x0e,0x02,0x00,0x08,0x1f,0x0e,0x0d,0x1f,0x0c,0x01,0x10,0x06,0x2f,0x0e,
    0x0f,0x0b,0x0e,0x0f,0x04,0x20,0x20,0x02,0x08,0x0c,0x1e,0x0c,0x08,0x02,0x40,0x01,0x08,0x0b,0x1e,0x0d,0x0a,0x04,0x20,0x04,
    0x5e,0x0d,0x09,0x03,0x80,0x02,0x09,0x0d,0x0e,0x0d,0x09,0x02,0x30,0x02,0x09,0x0d,0x0e,0x0d,0x09,0x02,0x20,0x05,0x0e,0x0d,
    0x01,0x20,0x0a,0x0e,0x09,0x10,0x0a,0x0e,0x09,0x20,0x02,0x0d,0x0e,0x05,0x20,0x02,0x09,0x0d,0x0e,0x0d,0x0a,0x03,0x30,0x02,
    0x09,0x0d,0x0e,0x0d,0x09,0x02,0x30,0x04,0x0c,0x1e,0x03,0x10,0x05,0x0b,0x1e,0x0c,0x08,0x01,0x30,0x05,0x0b,0x0e,0x0d,0x07,
    0x02,0x1e,0x04,0x20,0x50,0x11,0xa0,0x11,0x60,0x51,0xe0,0x01,0x90,0x01,0x60,0x11,0x30,0x21,0x10,0x21,0x30,0x11,0x60,0x01,
    0x90,0x01,0x80,0x11,0x40,0x11,0x80,0x01,0x20,0x11,0x30,0xf0,0xf0,0xf0,0xf0,0xf0,0xf0,0xf0,0xf0,0xf0,0xf0,0xf0,0xf0,0xf0,
    0xf0,0xf0,0xf0,0xf0,0xf0,0xf0,0xf0,0xf0,0xf0,0xf0,0xf0,0xf0,0xf0,0xf0,0xf0,0xf0,0xf0,0xf0,0xf0,0xf0,0xf0,0xf0,0xf0,0xf0,
    0xf0,0xf0,0xf0,0xf0,0xf0,0xf0,0xf0,0xf0,0xf0,0xf0,0x90,0xf0,0xf0,0xf0,0xf0,0xf0,0xf0,0xf0,0xf0,0xf0,0xf0,0xf0,0x90,0xf0,
    0xf0,0xf0,0xf0,0xf0,0xf0,0xf0,0xf0,0xf0,0xf0,0xf0,0x90,0xf0,0xf0,0xf0,0xf0,0xf0,0xf0,0xf0,0xf0,0xf0,0xf0,0xf0,0x90,0xf0,
    0xf0,0xf0,0xf0,0xf0,0xf0,0xf0,0xf0,0xf0,0xf0,0xf0,0x90,0x01,0xb5,0xf0,0xf0,0x50,0x03,0x15,0xf0,0xf0,0xf0,0xf0,0xc0,0x04,
    0x0c,0x0a,0x01,0x00,0x01,0x15,0x02,0xd0,0x03,0x15,0x01,0x80,0x03,0x15,0x01,0xe0,0x03,0xbf,0x01,0xf0,0xf0,0x40,0x09,0x1f,
    0x01,0xf0,0xf0,0xf0,0xf0,0xb0,0x0c,0x1f,0x04,0x00,0x04,0x1f,0x07,0xd0,0x09,0x1f,0x02,0x80,0x09,0x1f,0x02,0xe0,0x03,0x0d,
    0x3e,0x1f,0x1e,0x0d,0x0e,0x0d,0x01,0xf0,0xf0,0x40,0x09,0x0f,0x0e,0x01,0xf0,0xf0,0xf0,0xf0,0xb0,0x05,0x0d,0x0b,0x01,0x00,
    0x04,0x1f,0x06,0xd0,0x09,0x0f,0x0e,0x02,0x80,0x09,0x0f,0x0e,0x02,0xe0,0x00,0x31,0x07,0x1f,0x05,0x31,0xf0,0xf0,0x50,0x09,
    0x0f,0x0e,0x02,0xf0,0xf0,0xf0,0xf0,0xf0,0x00,0x04,0x1f,0x06,0xd0,0x09,0x0f,0x0e,0x02,0x80,0x09,0x0f,0x0e,0x02,0xe0,0x40,
    0x06,0x1f,0x04,0x60,0x04,0x08,0x19,0x06,0x01,0x30,0x03,0x15,0x01,0x20,0x01,0x15,0x02,0x30,0x01,0x05,0x09,0x0a,0x08,0x04,
    0x30,0x09,0x0f,0x0e,0x01,0x02,0x07,0x0a,0x08,0x03,0x80,0x01,0x15,0x02,0x30,0x04,0x05,0x04,0x10,0x03,0x05,0x04,0x00,0x02,
    0x07,0x0a,0x08,0x03,0x50,0x03,0x07,0x19,0x07,0x03,0x20,0x04,0x15,0x40,0x01,0x15,0x03,0x20,0x05,0x08,0x0a,0x09,0x06,0x01,
    0x30,0x03,0x15,0x01,0x00,0x04,0x1f,0x06,0x30,0x03,0x07,0x19,0x07,0x03,0x30,0x09,0x0f,0x0e,0x01,0x02,0x08,0x0a,0x08,0x03,
    0x30,0x09,0x0f,0x0e,0x02,0x30,0x02,0x07,0x19,0x07,0x02,0x40,0x40,0x07,0x1f,0x05,0x40,0x01,0x0a,0x4f,0x0d,0x04,0x20,0x09,
    0x1f,0x02,0x20,0x04,0x1f,0x07,0x20,0x03,0x0c,0x4f,0x0b,0x01,0x10,0x09,0x0f,0x0d,0x05,0x4f,0x05,0x70,0x04,0x1f,0x07,0x30,
    0x0e,0x0f,0x0c,0x10,0x09,0x0f,0x0d,0x04,0x4f,0x05,0x30,0x09,0x5f,0x07,0x10,0x0a,0x1f,0x03,0x30,0x08,0x1f,0x05,0x00,0x02,
    0x0c,0x4f,0x0d,0x03,0x20,0x09,0x1f,0x02,0x00,0x04,0x1f,0x06,0x20,0x09,0x5f,0x07,0x20,0x09,0x0f,0x0e,0x05,0x4f,0x07,0x20,
    0x09,0x0f,0x0e,0x02,0x20,0x06,0x0e,0x3f,0x0e,0x06,0x30,0x40,0x06,0x1f,0x05,0x40,0x0a,0x1f,0x0c,0x08,0x09,0x1f,0x0e,0x02,
    0x10,0x09,0x0f,0x0e,0x02,0x20,0x04,0x1f,0x06,0x10,0x01,0x0d,0x1f,0x0a,0x08,0x0b,0x1f,0x0a,0x10,0x09,0x0f,0x1e,0x0c,0x09,
    0x0c,0x1f,0x0e,0x01,0x60,0x04,0x1f,0x06,0x30,0x0d,0x0f,0x0b,0x10,0x09,0x0f,0x0d,0x0e,0x0c,0x09,0x0c,0x1f,0x0e,0x01,0x10,
    0x08,0x1f,0x0b,0x06,0x07,0x0d,0x1f,0x04,0x00,0x04,0x1f,0x08,0x30,0x0c,0x0f,0x0d,0x00,0x01,0x0d,0x1f,0x09,0x06,0x08,0x0e,
    0x0f,0x0d,0x01,0x10,0x09,0x0f,0x0e,0x02,0x00,0x04,0x1f,0x06,0x10,0x08,0x1f,0x0b,0x06,0x07,0x0d,0x1f,0x04,0x10,0x09,0x0f,
    0x0e,0x0f,0x0d,0x08,0x0a,0x2f,0x04,0x10,0x09,0x0f,0x0e,0x02,0x10,0x05,0x1f,0x0c,0x17,0x0d,0x1f,0x04,0x20,0x40,0x06,0x1f,
    0x05,0x30,0x03,0x1f,0x0b,0x20,0x05,0x1f,0x0a,0x10,0x09,0x0f,0x0e,0x02,0x20,0x04,0x1f,0x07,0x10,0x08,0x1f,0x07,0x20,0x0a,
    0x1f,0x03,0x00,0x09,0x1f,0x0a,0x20,0x0b,0x1f,0x05,0x60,0x04,0x1f,0x06,0x30,0x0d,0x0f,0x0b,0x10,0x09,0x1f,0x0a,0x20,0x0b,
    0x1f,0x05,0x10,0x05,0x1a,0x20,0x03,0x1f,0x08,0x10,0x0c,0x0f,0x0d,0x20,0x03,0x1f,0x08,0x00,0x01,0x07,0x0b,0x07,0x20,0x08,
    0x1f,0x04,0x10,0x09,0x0f,0x0e,0x02,0x00,0x04,0x1f,0x06,0x10,0x05,0x1a,0x20,0x03,0x1f,0x08,0x10,0x09,0x1f,0x0c,0x01,0x10,
    0x06,0x1f,0x0b,0x10,0x09,0x0f,0x0e,0x02,0x10,0x0d,0x0f,0x0c,0x01,0x10,0x01,0x0d,0x0f,0x0b,0x20,0x40,0x06,0x1f,0x05,0x30,
    0x08,0x1f,0x04,0x30,0x0c,0x0f,0x0e,0x01,0x00,0x09,0x0f,0x0e,0x02,0x20,0x04,0x1f,0x07,0x10,0x0c,0x0f,0x0d,0x30,0x02,0x06,
    0x03,0x01,0x00,0x09,0x1f,0x03,0x00,0x01,0x00,0x05,0x1f,0x06,0x60,0x04,0x1f,0x06,0x30,0x0d,0x0f,0x0b,0x10,0x09,0x1f,0x03,
    0x00,0x01,0x00,0x05,0x1f,0x06,0x70,0x03,0x0e,0x0f,0x0a,0x10,0x07,0x1f,0x03,0x10,0x08,0x1f,0x03,0x70,0x07,0x1f,0x05,0x10,
    0x09,0x0f,0x0e,0x02,0x00,0x04,0x1f,0x06,0x70,0x03,0x0e,0x0f,0x0a,0x10,0x09,0x1f,0x04,0x30,0x0c,0x0f,0x0e,0x01,0x00,0x09,
    0x0f,0x0e,0x02,0x00,0x03,0x1f,0x06,0x30,0x08,0x0f,0x0e,0x01,0x10,0x40,0x06,0x1f,0x05,0x30,0x0a,0x0f,0x0e,0x01,0x30,0x08,
    0x1f,0x03,0x00,0x09,0x0f,0x0e,0x02,0x20,0x04,0x1f,0x07,0x00,0x02,0x0e,0x0f,0x0a,0x80,0x09,0x0f,0x0e,0x02,0x20,0x04,0x1f,
    0x07,0x60,0x04,0x1f,0x06,0x30,0x0d,0x0f,0x0b,0x10,0x09,0x0f,0x0e,0x02,0x20,0x04,0x1f,0x06,0x20,0x02,0x06,0x09,0x0b,0x0d,
    0x2f,0x0a,0x10,0x02,0x1f,0x08,0x10,0x0c,0x0f,0x0b,0x30,0x03,0x07,0x09,0x0b,0x0d,0x2f,0x05,0x10,0x09,0x0f,0x0e,0x02,0x00,
    0x04,0x1f,0x06,0x20,0x02,0x06,0x09,0x0b,0x0d,0x2f,0x0a,0x10,0x09,0x0f,0x0e,0x02,0x30,0x09,0x1f,0x03,0x00,0x09,0x0f,0x0e,
    0x02,0x00,0x06,0x1f,0x0d,0x3c,0x0d,0x1f,0x03,0x10,0x40,0x06,0x1f,0x05,0x30,0x0b,0x0f,0x0d,0x01,0x30,0x08,0x1f,0x03,0x00,
    0x09,0x0f,0x0e,0x02,0x20,0x04,0x1f,0x07,0x00,0x02,0x0e,0x0f,0x09,0x80,0x09,0x0f,0x0e,0x02,0x20,0x04,0x1f,0x07,0x60,0x04,
    0x1f,0x06,0x30,0x0d,0x0f,0x0b,0x10,0x09,0x0f,0x0e,0x02,0x20,0x04,0x1f,0x06,0x10,0x04,0x0e,0x2f,0x0e,0x0c,0x0e,0x0f,0x0a,
    0x20,0x0b,0x0f,0x0d,0x00,0x03,0x1f,0x06,0x20,0x08,0x3f,0x0d,0x0c,0x1f,0x05,0x10,0x09,0x0f,0x0e,0x02,0x00,0x04,0x1f,0x06,
    0x10,0x04,0x0e,0x2f,0x0e,0x0c,0x0e,0x0f,0x0a,0x10,0x09,0x0f,0x0e,0x01,0x30,0x08,0x1f,0x03,0x00,0x09,0x0f,0x0e,0x02,0x00,
    0x06,0x7f,0x1e,0x03,0x10,0x40,0x06,0x1f,0x05,0x30,0x0a,0x0f,0x0e,0x02,0x30,0x09,0x0f,0x0e,0x02,0x00,0x09,0x0f,0x0e,0x02,
    0x00,0x01,0x00,0x04,0x1f,0x07,0x00,0x01,0x0e,0x0f,0x0b,0x80,0x09,0x0f,0x0e,0x02,0x20,0x04,0x1f,0x07,0x60,0x04,0x1f,0x06,
    0x30,0x0d,0x0f,0x0b,0x10,0x09,0x0f,0x0e,0x02,0x20,0x04,0x1f,0x07,0x00,0x01,0x0e,0x0f,0x0e,0x06,0x02,0x11,0x0e,0x0f,0x0a,
    0x20,0x06,0x1f,0x02,0x07,0x0f,0x0e,0x01,0x10,0x04,0x1f,0x0b,0x04,0x02,0x00,0x04,0x1f,0x05,0x10,0x09,0x0f,0x0e,0x02,0x00,
    0x04,0x1f,0x06,0x00,0x01,0x0e,0x0f,0x0e,0x06,0x02,0x11,0x0e,0x0f,0x0a,0x10,0x09,0x1f,0x02,0x30,0x0a,0x1f,0x03,0x00,0x09,
    0x0f,0x0e,0x02,0x00,0x05,0x1f,0x05,0x31,0x10,0x01,0x20,0x40,0x06,0x1f,0x05,0x30,0x07,0x1f,0x06,0x30,0x0d,0x0f,0x0d,0x10,
    0x08,0x1f,0x05,0x20,0x08,0x1f,0x07,0x10,0x0b,0x0f,0x0e,0x01,0x20,0x04,0x0b,0x08,0x02,0x00,0x09,0x0f,0x0e,0x02,0x20,0x04,
    0x1f,0x07,0x60,0x03,0x1f,0x0a,0x20,0x04,0x1f,0x0b,0x10,0x09,0x0f,0x0e,0x02,0x20,0x04,0x1f,0x07,0x00,0x04,0x1f,0x06,0x20,
    0x02,0x0e,0x0f,0x0a,0x20,0x01,0x0e,0x0f,0x07,0x0a,0x0f,0x09,0x20,0x08,0x0f,0x0e,0x02,0x20,0x06,0x1f,0x05,0x10,0x09,0x0f,
    0x0e,0x02,0x00,0x04,0x1f,0x06,0x00,0x04,0x1f,0x06,0x20,0x02,0x0e,0x0f,0x0a,0x10,0x09,0x1f,0x06,0x30,0x0d,0x0f,0x0d,0x01,
    0x00,0x09,0x0f,0x0e,0x02,0x00,0x02,0x1f,0x08,0x30,0x12,0x30,0x40,0x06,0x1f,0x05,0x30,0x02,0x0e,0x0f,0x0d,0x03,0x00,0x01,
    0x09,0x1f,0x07,0x10,0x05,0x1f,0x0e,0x07,0x04,0x09,0x0f,0x0e,0x0f,0x07,0x10,0x06,0x1f,0x0a,0x01,0x00,0x03,0x0c,0x1f,0x02,
    0x00,0x09,0x0f,0x0e,0x02,0x20,0x04,0x1f,0x07,0x60,0x01,0x0e,0x1f,0x09,0x04,0x06,0x1e,0x0f,0x0b,0x10,0x09,0x0f,0x0e,0x02,
    0x20,0x04,0x1f,0x07,0x00,0x03,0x1f,0x09,0x10,0x01,0x0a,0x1f,0x0a,0x30,0x09,0x0f,0x0c,0x0e,0x0f,0x04,0x20,0x07,0x1f,0x04,
    0x10,0x02,0x0d,0x1f,0x05,0x10,0x09,0x0f,0x0e,0x02,0x00,0x04,0x1f,0x06,0x00,0x03,0x1f,0x09,0x10,0x01,0x0a,0x1f,0x0a,0x10,
    0x09,0x1f,0x0e,0x04,0x00,0x01,0x0a,0x1f,0x09,0x10,0x09,0x0f,0x0e,0x02,0x10,0x0b,0x0f,0x0e,0x05,0x10,0x02,0x0d,0x0f,0x0b,
    0x20,0x40,0x07,0x1f,0x05,0x40,0x06,0x2f,0x0c,0x0d,0x1f,0x0c,0x01,0x20,0x0b,0x4f,0x07,0x0e,0x0f,0x07,0x20,0x0a,0x1f,0x0e,
    0x0c,0x2f,0x07,0x10,0x09,0x1f,0x02,0x20,0x04,0x1f,0x07,0x70,0x07,0x4f,0x09,0x0b,0x0f,0x0b,0x10,0x09,0x1f,0x02,0x20,0x04,
    0x1f,0x07,0x10,0x0c,0x1f,0x0b,0x0a,0x0d,0x0f,0x0e,0x0f,0x0a,0x30,0x04,0x2f,0x0d,0x30,0x03,0x1f,0x0e,0x1a,0x0f,0x0e,0x1f,
    0x05,0x10,0x09,0x1f,0x02,0x00,0x04,0x1f,0x06,0x10,0x0c,0x1f,0x0b,0x0a,0x0d,0x0f,0x0e,0x0f,0x0a,0x10,0x09,0x0f,0x0e,0x0b,
    0x0f,0x0d,0x0e,0x1f,0x0e,0x02,0x10,0x09,0x1f,0x02,0x10,0x02,0x0e,0x1f,0x0c,0x0b,0x0e,0x1f,0x06,0x20,0x40,0x06,0x1e,0x04,
    0x50,0x05,0x0d,0x2f,0x0e,0x09,0x01,0x30,0x01,0x09,0x0d,0x0e,0x0c,0x05,0x01,0x1e,0x06,0x30,0x08,0x0e,0x2f,0x0d,0x06,0x20,
    0x08,0x0e,0x0d,0x02,0x20,0x04,0x1e,0x06,0x80,0x06,0x0c,0x0e,0x0c,0x08,0x00,0x0a,0x0e,0x0a,0x10,0x08,0x0e,0x0d,0x02,0x20,
    0x04,0x1e,0x06,0x10,0x03,0x0c,0x2f,0x0d,0x04,0x0b,0x0e,0x09,0x40,0x0c,0x1e,0x07,0x40,0x06,0x0e,0x2f,0x0a,0x04,0x1e,0x04,
    0x10,0x08,0x0e,0x0d,0x02,0x00,0x04,0x1e,0x06,0x10,0x03,0x0c,0x2f,0x0d,0x04,0x0b,0x0e,0x09,0x10,0x08,0x0e,0x0d,0x02,0x0a,
    0x2f,0x0c,0x03,0x20,0x08,0x0e,0x0d,0x02,0x20,0x03,0x0b,0x3f,0x0d,0x05,0x30,0x50,0x11,0x80,0x03,0x05,0x04,0x02,0x80,0x01,
    0x20,0x11,0x50,0x01,0x04,0x05,0x04,0x01,0x30,0x21,0x40,0x11,0xb0,0x01,0x20,0x21,0x10,0x21,0x40,0x11,0x40,0x03,0x05,0x03,
    0x10,0x21,0x50,0x11,0x60,0x01,0x04,0x05,0x02,0x10,0x11,0x20,0x21,0x20,0x11,0x40,0x03,0x05,0x03,0x10,0x21,0x10,0x21,0x10,
    0x03,0x05,0x03,0x40,0x21,0x50,0x02,0x04,0x05,0x03,0x50,0xf0,0xf0,0xf0,0xf0,0xf0,0xf0,0xf0,0xf0,0xf0,0xf0,0xf0,0x90,0xf0,
    0xf0,0xf0,0xf0,0xf0,0xf0,0xf0,0xf0,0xf0,0xf0,0xf0,0x90,0xf0,0xf0,0xf0,0xf0,0xf0,0xf0,0xf0,0xf0,0xf0,0xf0,0xf0,0x90,0xf0,
    0xf0,0xf0,0xf0,0xf0,0xf0,0xf0,0xf0,0xf0,0xf0,0xf0,0x90,0xf0,0xf0,0xf0,0xf0,0xf0,0xf0,0xf0,0xf0,0xf0,0x20,0xf0,0xf0,0xf0,
    0xf0,0xf0,0xf0,0xf0,0xf0,0xf0,0x20,0xf0,0xf0,0xf0,0xf0,0xf0,0xf0,0xf0,0xf0,0xf0,0x20,0xf0,0xf0,0xf0,0xf0,0xf0,0xf0,0xf0,
    0xf0,0xf0,0x20,0xf0,0xf0,0xf0,0xf0,0xf0,0xf0,0xf0,0xf0,0xf0,0x20,0xf0,0xf0,0xf0,0xf0,0xf0,0xf0,0xf0,0xf0,0xf0,0x20,0x00,
    0x01,0x65,0x04,0x02,0xf0,0xf0,0xf0,0xf0,0x01,0x65,0x04,0x03,0xb0,0x03,0x07,0x09,0x0a,0x08,0x05,0x02,0xb0,0x03,0x07,0x09,
    0x0a,0x08,0x05,0x02,0x50,0x03,0xc5,0x04,0x20,0x00,0x03,0x8f,0x0c,0x05,0xf0,0xf0,0xf0,0xd0,0x03,0x8f,0x0d,0x06,0x70,0x03,
    0x0b,0x5f,0x0e,0x08,0x01,0x70,0x03,0x0b,0x5f,0x0e,0x08,0x01,0x30,0x0a,0xcf,0x0c,0x20,0x00,0x03,0xaf,0x07,0xf0,0xf0,0xf0,
    0xc0,0x03,0xaf,0x09,0x50,0x05,0x9f,0x0b,0x01,0x50,0x05,0x9f,0x0b,0x01,0x20,0x0a,0xcf,0x0c,0x20,0x00,0x03,0x2f,0x07,0x26,
    0x09,0x0e,0x2f,0x04,0xf0,0xf0,0xf0,0xb0,0x03,0x2f,0x07,0x26,0x08,0x0d,0x2f,0x04,0x30,0x03,0x3f,0x09,0x15,0x06,0x0c,0x2f,
    0x0b,0x40,0x03,0x3f,0x09,0x15,0x06,0x0c,0x2f,0x0b,0x20,0x04,0x36,0x07,0x2f,0x08,0x36,0x05,0x20,0x00,0x03,0x2f,0x01,0x30,
    0x02,0x0d,0x1f,0x0a,0xf0,0xf0,0xf0,0xb0,0x03,0x2f,0x01,0x30,0x02,0x0e,0x1f,0x08,0x30,0x0c,0x1f,0x0e,0x03,0x40,0x08,0x2f,
    0x06,0x30,0x0c,0x1f,0x0e,0x03,0x40,0x08,0x2f,0x06,0x60,0x01,0x0e,0x1f,0x03,0x70,0x00,0x03,0x2f,0x02,0x40,0x07,0x1f,0x0d,
    0x01,0x00,0x03,0x1a,0x08,0x00,0x03,0x08,0x0a,0x04,0x30,0x02,0x07,0x19,0x08,0x04,0x70,0x03,0x07,0x09,0x0a,0x08,0x05,0x01,
    0x60,0x04,0x08,0x19,0x08,0x04,0xa0,0x03,0x2f,0x02,0x40,0x0a,0x1f,0x0a,0x20,0x05,0x2f,0x04,0x60,0x0b,0x1f,0x0c,0x20,0x05,
    0x2f,0x04,0x60,0x0b,0x1f,0x0c,0x60,0x02,0x0e,0x1f,0x04,0x70,0x00,0x03,0x2f,0x02,0x40,0x05,0x1f,0x0e,0x01,0x00,0x05,0x1f,
    0x0b,0x05,0x2f,0x07,0x20,0x08,0x0e,0x4f,0x0b,0x02,0x30,0x01,0x09,0x5f,0x0d,0x04,0x30,0x03,0x0c,0x5f,0x0b,0x01,0x80,0x03,
    0x2f,0x02,0x40,0x0a,0x1f,0x08,0x20,0x09,0x1f,0x0b,0x70,0x04,0x2f,0x03,0x10,0x09,0x1f,0x0b,0x70,0x04,0x2f,0x03,0x50,0x01,
    0x0e,0x1f,0x04,0x70,0x00,0x03,0x2f,0x02,0x40,0x06,0x1f,0x0e,0x01,0x00,0x05,0x1f,0x0c,0x0d,0x2f,0x07,0x10,0x09,0x2f,0x0d,
    0x0c,0x0e,0x1f,0x0d,0x01,0x20,0x09,0x2f,0x0c,0x0a,0x0d,0x2f,0x03,0x10,0x01,0x0d,0x1f,0x0e,0x1b,0x0e,0x1f,0x0b,0x80,0x03,
    0x2f,0x01,0x30,0x03,0x0e,0x1f,0x03,0x20,0x0c,0x1f,0x07,0x80,0x0d,0x1f,0x06,0x10,0x0c,0x1f,0x07,0x80,0x0d,0x1f,0x06,0x50,
    0x01,0x0e,0x1f,0x04,0x70,0x00,0x03,0x2f,0x02,0x40,0x0b,0x1f,0x0c,0x10,0x05,0x3f,0x08,0x14,0x02,0x00,0x05,0x1f,0x0e,0x05,
    0x10,0x02,0x0c,0x1f,0x09,0x10,0x02,0x2f,0x06,0x10,0x01,0x0a,0x1f,0x08,0x10,0x06,0x1f,0x0d,0x03,0x10,0x03,0x0e,0x0f,0x0e,
    0x03,0x70,0x03,0x2f,0x07,0x25,0x08,0x0e,0x0f,0x0e,0x06,0x20,0x01,0x0e,0x1f,0x04,0x80,0x0b,0x1f,0x08,0x00,0x01,0x0e,0x1f,
    0x04,0x80,0x0b,0x1f,0x08,0x50,0x01,0x0e,0x1f,0x04,0x70,0x00,0x03,0x2f,0x03,0x21,0x03,0x0a,0x2f,0x06,0x10,0x05,0x2f,0x05,
    0x40,0x0b,0x1f,0x05,0x30,0x02,0x0e,0x0f,0x0e,0x01,0x00,0x04,0x1f,0x0e,0x30,0x01,0x05,0x02,0x20,0x08,0x1f,0x0a,0x30,0x03,
    0x04,0x01,0x80,0x03,0x8f,0x0d,0x05,0x30,0x02,0x0e,0x1f,0x04,0x80,0x0a,0x1f,0x09,0x00,0x02,0x0e,0x1f,0x04,0x80,0x0a,0x1f,
    0x09,0x50,0x01,0x0e,0x1f,0x04,0x70,0x00,0x03,0x2f,0x3e,0x3f,0x0b,0x20,0x05,0x1f,0x0d,0x40,0x01,0x0e,0x0f,0x0e,0x02,0x41,
    0x0c,0x1f,0x04,0x00,0x02,0x2f,0x0b,0x04,0x01,0x60,0x06,0x2f,0x08,0x03,0x01,0xc0,0x03,0x2f,0x4e,0x1f,0x0e,0x09,0x20,0x01,
    0x0e,0x1f,0x04,0x80,0x0a,0x1f,0x09,0x00,0x02,0x0e,0x1f,0x04,0x80,0x0a,0x1f,0x09,0x50,0x01,0x0e,0x1f,0x04,0x70,0x00,0x03,
    0x9f,0x0a,0x01,0x20,0x05,0x1f,0x0c,0x40,0x03,0x2f,0x5e,0x2f,0x05,0x10,0x08,0x3f,0x0e,0x0c,0x09,0x04,0x30,0x01,0x0c,0x3f,
    0x0d,0x0b,0x08,0x03,0x90,0x03,0x2f,0x03,0x21,0x02,0x06,0x0e,0x1f,0x09,0x10,0x01,0x0e,0x1f,0x05,0x80,0x0c,0x1f,0x07,0x00,
    0x01,0x0e,0x1f,0x05,0x80,0x0c,0x1f,0x07,0x50,0x01,0x0e,0x1f,0x04,0x70,0x00,0x03,0x2f,0x0b,0x2a,0x09,0x07,0x03,0x40,0x05,
    0x1f,0x0c,0x40,0x04,0xbf,0x06,0x20,0x07,0x0d,0x5f,0x0b,0x01,0x20,0x01,0x09,0x0e,0x5f,0x08,0x80,0x03,0x2f,0x02,0x40,0x05,
    0x2f,0x02,0x10,0x0c,0x1f,0x08,0x70,0x01,0x0e,0x1f,0x05,0x10,0x0c,0x1f,0x08,0x70,0x01,0x0e,0x1f,0x05,0x50,0x01,0x0e,0x1f,
    0x04,0x70,0x00,0x03,0x2f,0x01,0xa0,0x05,0x1f,0x0c,0x40,0x03,0x1f,0x0e,0x83,0x01,0x40,0x04,0x06,0x0a,0x0d,0x2f,0x0a,0x40,
    0x02,0x05,0x08,0x0b,0x0e,0x2f,0x05,0x70,0x03,0x2f,0x02,0x40,0x01,0x0e,0x1f,0x05,0x10,0x08,0x1f,0x0d,0x70,0x06,0x2f,0x02,
    0x10,0x08,0x1f,0x0d,0x70,0x06,0x2f,0x02,0x50,0x01,0x0e,0x1f,0x04,0x70,0x00,0x03,0x2f,0x02,0xa0,0x05,0x1f,0x0c,0x40,0x01,
    0x0e,0x1f,0x02,0xb0,0x01,0x30,0x01,0x09,0x1f,0x0e,0x01,0x20,0x01,0x30,0x02,0x0c,0x1f,0x0a,0x70,0x03,0x2f,0x02,0x40,0x01,
    0x0e,0x1f,0x05,0x10,0x03,0x2f,0x07,0x50,0x01,0x0d,0x1f,0x0a,0x20,0x03,0x2f,0x07,0x50,0x01,0x0d,0x1f,0x0a,0x60,0x01,0x0e,
    0x1f,0x04,0x70,0x00,0x03,0x2f,0x02,0xa0,0x05,0x1f,0x0c,0x50,0x0a,0x1f,0x0a,0x30,0x01,0x0b,0x0a,0x07,0x01,0x00,0x05,0x0b,
    0x0d,0x09,0x30,0x04,0x1f,0x0e,0x01,0x00,0x08,0x0b,0x0e,0x05,0x30,0x09,0x1f,0x0a,0x70,0x03,0x2f,0x01,0x30,0x02,0x0a,0x2f,
    0x03,0x20,0x0a,0x2f,0x07,0x01,0x20,0x03,0x0c,0x2f,0x03,0x30,0x0a,0x2f,0x07,0x01,0x20,0x03,0x0c,0x2f,0x03,0x60,0x01,0x0e,
    0x1f,0x04,0x70,0x00,0x03,0x1f,0x0e,0x02,0xa0,0x05,0x1f,0x0c,0x50,0x03,0x2f,0x0a,0x04,0x03,0x05,0x0c,0x1f,0x0d,0x01,0x00,
    0x05,0x2f,0x08,0x03,0x02,0x05,0x0d,0x1f,0x0a,0x10,0x0a,0x1f,0x0e,0x06,0x13,0x07,0x0e,0x1f,0x05,0x70,0x03,0x2f,0x0b,0x0a,
    0x2b,0x0e,0x2f,0x0a,0x30,0x01,0x0d,0x2f,0x0d,0x0a,0x09,0x0b,0x3f,0x07,0x40,0x01,0x0d,0x2f,0x0d,0x0a,0x09,0x0b,0x3f,0x07,
    0x70,0x01,0x0e,0x1f,0x04,0x70,0x00,0x03,0x2f,0x02,0xa0,0x05,0x1f,0x0c,0x60,0x06,0x7f,0x0e,0x03,0x20,0x09,0x7f,0x0d,0x02,
    0x10,0x01,0x0c,0x7f,0x0a,0x80,0x03,0xaf,0x0b,0x01,0x40,0x02,0x0c,0x8f,0x07,0x60,0x02,0x0c,0x8f,0x07,0x80,0x01,0x2f,0x04,
    0x70,0x00,0x03,0x2e,0x02,0xa0,0x05,0x1e,0x0c,0x70,0x04,0x0b,0x0e,0x2f,0x0e,0x0a,0x02,0x40,0x06,0x0d,0x3f,0x0e,0x09,0x02,
    0x30,0x01,0x09,0x0e,0x3f,0x0d,0x07,0x90,0x03,0x7e,0x0d,0x0b,0x06,0x80,0x07,0x0c,0x3f,0x0e,0x0a,0x04,0x90,0x07,0x0c,0x3f,
    0x0e,0x0a,0x04,0x90,0x01,0x0d,0x1e,0x03,0x70,0x10,0x21,0xc0,0x21,0x90,0x02,0x04,0x05,0x04,0x02,0x80,0x03,0x15,0x04,0x01,
    0x70,0x01,0x04,0x15,0x03,0xc0,0x71,0xd0,0x03,0x04,0x05,0x04,0x01,0xd0,0x03,0x04,0x05,0x04,0x01,0xc0,0x21,0x80,0xf0,0xf0,
    0xf0,0xf0,0xf0,0xf0,0xf0,0xf0,0xf0,0x20,0xf0,0xf0,0xf0,0xf0,0xf0,0xf0,0xf0,0xf0,0xf0,0x20,0xf0,0xf0,0xf0,0xf0,0xf0,0xf0,
    0xf0,0xf0,0xf0,0x20,0xf0,0xf0,0xf0,0xf0,0xf0,0xf0,0xf0,0xf0,0xf0,0x20,0xf0,0xf0,0xf0,0xf0,0xf0,0xf0,0xf0,0xf0,0xf0,0xf0,
    0xf0,0xf0,0xe0,0xf0,0xf0,0xf0,0xf0,0xf0,0xf0,0xf0,0xf0,0xf0,0xf0,0xf0,0xf0,0xe0,0xf0,0xf0,0xf0,0xf0,0xf0,0xf0,0xf0,0xf0,
    0xf0,0xf0,0xf0,0xf0,0xe0,0xf0,0xf0,0xf0,0xf0,0xf0,0xf0,0xf0,0xf0,0xf0,0xf0,0xf0,0xf0,0xe0,0xf0,0xf0,0xf0,0xf0,0xf0,0xf0,
    0xf0,0xf0,0xf0,0xf0,0xf0,0xf0,0xe0,0x40,0x03,0x07,0x19,0x08,0x04,0xf0,0xf0,0xf0,0x60,0x03,0x15,0x01,0xf0,0xf0,0xf0,0xf0,
    0xf0,0xf0,0xf0,0xf0,0x80,0x20,0x01,0x0a,0x5f,0x0b,0x03,0xf0,0xf0,0xf0,0x40,0x09,0x1f,0x02,0xf0,0xf0,0xf0,0xf0,0xf0,0xf0,
    0xb0,0x01,0x12,0xf0,0x90,0x10,0x01,0x0d,0x2f,0x1c,0x0e,0x1f,0x0e,0x02,0xf0,0xf0,0xf0,0x30,0x09,0x0f,0x0e,0x02,0xf0,0xf0,
    0xf0,0xf0,0xf0,0xf0,0xb0,0x07,0x1e,0x03,0xf0,0x80,0x10,0x0a,0x1f,0x0b,0x03,0x10,0x02,0x09,0x1f,0x0b,0xf0,0xf0,0xf0,0x30,
    0x09,0x0f,0x0e,0x02,0xf0,0xf0,0xf0,0xf0,0xf0,0xf0,0xb0,0x07,0x1f,0x02,0xf0,0x80,0x00,0x03,0x1f,0x0c,0x50,0x0b,0x1f,0x03,
    0x20,0x02,0x06,0x09,0x0a,0x08,0x04,0x40,0x04,0x05,0x03,0x00,0x04,0x08,0x0a,0x07,0x01,0x50,0x04,0x08,0x19,0x06,0x01,0x50,
    0x02,0x07,0x19,0x07,0x02,0x30,0x09,0x0f,0x0e,0x02,0x80,0x02,0x07,0x19,0x07,0x03,0x40,0x04,0x05,0x03,0x00,0x04,0x08,0x0a,
    0x07,0x01,0xa0,0x02,0x07,0x19,0x07,0x03,0x50,0x01,0x05,0x19,0x08,0x04,0x40,0x04,0x05,0x03,0x00,0x05,0x19,0x03,0x10,0x02,
    0x07,0x0a,0x08,0x02,0x30,0x04,0x05,0x03,0x00,0x04,0x19,0x07,0x01,0x30,0x04,0x05,0x04,0x30,0x03,0x15,0x11,0x05,0x0a,0x1f,
    0x07,0x05,0x02,0x20,0x01,0x05,0x19,0x08,0x04,0x30,0x01,0x15,0x01,0x02,0x08,0x0a,0x03,0x10,0x00,0x08,0x1f,0x05,0x50,0x04,
    0x1b,0x04,0x10,0x05,0x0e,0x4f,0x0b,0x01,0x10,0x01,0x0e,0x0f,0x09,0x07,0x3f,0x0d,0x02,0x20,0x01,0x0a,0x4f,0x0d,0x04,0x30,
    0x06,0x0e,0x3f,0x0e,0x06,0x20,0x09,0x0f,0x0e,0x02,0x70,0x06,0x0e,0x4f,0x07,0x20,0x01,0x0e,0x0f,0x09,0x07,0x3f,0x0d,0x02,
    0x80,0x06,0x0e,0x4f,0x08,0x30,0x03,0x0c,0x4f,0x0b,0x01,0x20,0x0e,0x0f,0x09,0x08,0x3f,0x02,0x04,0x3f,0x0e,0x04,0x20,0x0e,
    0x0f,0x0a,0x07,0x3f,0x0d,0x03,0x20,0x0e,0x0f,0x0c,0x30,0x09,0x1f,0x12,0x5f,0x06,0x10,0x03,0x0c,0x4f,0x09,0x20,0x04,0x1f,
    0x07,0x0d,0x1f,0x04,0x10,0x00,0x0b,0x0f,0x0e,0x01,0xa0,0x03,0x1f,0x0d,0x08,0x06,0x0b,0x1f,0x08,0x20,0x0d,0x0f,0x0d,0x0f,
    0x0b,0x09,0x0e,0x1f,0x0a,0x20,0x0a,0x1f,0x0c,0x08,0x0a,0x0e,0x0f,0x0e,0x02,0x10,0x05,0x1f,0x0c,0x17,0x0d,0x1f,0x04,0x10,
    0x09,0x0f,0x0e,0x02,0x60,0x05,0x1f,0x0e,0x18,0x0d,0x1f,0x06,0x20,0x0d,0x0f,0x0d,0x0f,0x0b,0x09,0x0e,0x1f,0x0a,0x70,0x05,
    0x1f,0x0e,0x09,0x08,0x0d,0x1f,0x06,0x10,0x01,0x0d,0x1f,0x0a,0x08,0x0b,0x1f,0x0b,0x20,0x0d,0x0f,0x0d,0x0e,0x0a,0x0b,0x1f,
    0x0c,0x1d,0x09,0x0c,0x1f,0x0c,0x20,0x0d,0x0f,0x0d,0x0f,0x0b,0x08,0x0c,0x1f,0x0d,0x01,0x00,0x01,0x0d,0x0f,0x0b,0x30,0x08,
    0x0f,0x0e,0x02,0x01,0x0b,0x0d,0x1f,0x0c,0x0b,0x04,0x00,0x01,0x0d,0x0f,0x0e,0x08,0x06,0x0a,0x1f,0x08,0x10,0x04,0x1f,0x0e,
    0x0f,0x1b,0x03,0x10,0x00,0x0c,0x0f,0x0c,0xb0,0x03,0x08,0x0b,0x03,0x20,0x0c,0x0f,0x0d,0x10,0x01,0x0d,0x1f,0x06,0x10,0x02,
    0x0e,0x0f,0x0e,0x01,0x00,0x03,0x1f,0x0b,0x20,0x05,0x1f,0x07,0x00,0x01,0x0d,0x0f,0x0c,0x01,0x10,0x01,0x0d,0x0f,0x0b,0x10,
    0x09,0x0f,0x0e,0x02,0x60,0x0d,0x0f,0x0e,0x03,0x10,0x02,0x0d,0x0f,0x0e,0x01,0x00,0x01,0x0d,0x1f,0x06,0x10,0x02,0x0e,0x0f,
    0x0e,0x01,0x60,0x0d,0x0f,0x0e,0x03,0x10,0x02,0x0e,0x0f,0x0c,0x10,0x08,0x1f,0x07,0x20,0x0a,0x1f,0x05,0x00,0x01,0x0d,0x1f,
    0x04,0x10,0x08,0x1f,0x0c,0x01,0x00,0x01,0x0c,0x1f,0x02,0x00,0x01,0x0d,0x1f,0x07,0x20,0x0a,0x1f,0x06,0x00,0x01,0x0d,0x0f,
    0x0b,0x30,0x08,0x0f,0x0e,0x02,0x10,0x07,0x1f,0x03,0x20,0x08,0x0f,0x0e,0x04,0x20,0x0a,0x0f,0x0e,0x02,0x00,0x04,0x1f,0x0e,
    0x04,0x40,0x01,0x0d,0x0f,0x0c,0xf0,0x10,0x01,0x0c,0x0f,0x0e,0x01,0x00,0x01,0x0d,0x0f,0x0c,0x30,0x0a,0x0f,0x0e,0x02,0x00,
    0x08,0x1f,0x04,0x30,0x06,0x04,0x01,0x00,0x03,0x1f,0x06,0x30,0x08,0x0f,0x0e,0x02,0x00,0x09,0x0f,0x0e,0x02,0x50,0x03,0x1f,
    0x09,0x30,0x07,0x1f,0x05,0x00,0x01,0x0d,0x0f,0x0c,0x30,0x0a,0x0f,0x0e,0x02,0x50,0x03,0x1f,0x09,0x30,0x04,0x05,0x02,0x10,
    0x0c,0x0f,0x0d,0x30,0x02,0x1f,0x0a,0x00,0x01,0x0d,0x0f,0x0b,0x20,0x03,0x1f,0x07,0x00,0x01,0x00,0x08,0x1f,0x03,0x00,0x01,
    0x0d,0x0f,0x0d,0x30,0x02,0x1f,0x0a,0x00,0x01,0x0d,0x0f,0x0b,0x30,0x08,0x0f,0x0e,0x02,0x10,0x08,0x1f,0x03,0x20,0x0c,0x0f,
    0x0b,0x30,0x03,0x1f,0x06,0x00,0x04,0x1f,0x08,0x50,0x00,0x0c,0x0f,0x0d,0xd0,0x04,0x08,0x0a,0x0c,0x0e,0x1f,0x0e,0x01,0x00,
    0x01,0x0d,0x0f,0x0b,0x30,0x08,0x0f,0x0e,0x02,0x00,0x0a,0x0f,0x0e,0x01,0x70,0x06,0x1f,0x0d,0x3c,0x0d,0x1f,0x03,0x00,0x09,
    0x0f,0x0e,0x02,0x50,0x05,0x1f,0x05,0x30,0x04,0x1f,0x07,0x00,0x01,0x0d,0x0f,0x0b,0x30,0x08,0x0f,0x0e,0x02,0x50,0x05,0x1f,
    0x05,0x70,0x01,0x0e,0x0f,0x0a,0x40,0x0d,0x0f,0x0c,0x00,0x01,0x0d,0x0f,0x0b,0x20,0x03,0x1f,0x06,0x20,0x08,0x1f,0x03,0x00,
    0x01,0x0d,0x0f,0x0b,0x40,0x0d,0x0f,0x0c,0x10,0x0d,0x0f,0x0b,0x30,0x08,0x0f,0x0e,0x02,0x10,0x07,0x1f,0x03,0x10,0x01,0x0e,
    0x0f,0x0e,0x4c,0x1f,0x08,0x00,0x04,0x1f,0x06,0x50,0x00,0x0b,0x0f,0x0e,0x02,0x60,0x21,0x00,0x01,0x0b,0x3f,0x0c,0x0d,0x0f,
    0x0e,0x01,0x00,0x01,0x0d,0x0f,0x0b,0x30,0x08,0x0f,0x0e,0x02,0x00,0x0b,0x0f,0x0d,0x01,0x70,0x06,0x7f,0x1e,0x03,0x00,0x09,
    0x0f,0x0e,0x02,0x50,0x06,0x1f,0x05,0x30,0x03,0x1f,0x08,0x00,0x01,0x0d,0x0f,0x0b,0x30,0x08,0x0f,0x0e,0x02,0x50,0x06,0x1f,
    0x05,0x70,0x02,0x0e,0x0f,0x09,0x40,0x0c,0x0f,0x0c,0x10,0x0d,0x0f,0x0b,0x20,0x03,0x1f,0x06,0x20,0x08,0x1f,0x03,0x00,0x01,
    0x0d,0x0f,0x0a,0x40,0x0c,0x0f,0x0c,0x10,0x0d,0x0f,0x0b,0x30,0x08,0x0f,0x0e,0x02,0x10,0x07,0x1f,0x03,0x10,0x02,0x0e,0x6f,
    0x1e,0x08,0x00,0x04,0x1f,0x06,0x50,0x00,0x07,0x1f,0x07,0x50,0x06,0x1e,0x06,0x00,0x09,0x1f,0x08,0x03,0x02,0x00,0x0a,0x0f,
    0x0e,0x01,0x00,0x01,0x0d,0x0f,0x0b,0x30,0x08,0x0f,0x0e,0x02,0x00,0x0a,0x0f,0x0e,0x02,0x70,0x05,0x1f,0x05,0x31,0x10,0x01,
    0x10,0x09,0x0f,0x0e,0x02,0x50,0x05,0x1f,0x06,0x30,0x04,0x1f,0x07,0x00,0x01,0x0d,0x0f,0x0b,0x30,0x08,0x0f,0x0e,0x02,0x50,
    0x05,0x1f,0x06,0x70,0x01,0x0e,0x0f,0x0b,0x30,0x01,0x0d,0x0f,0x0b,0x00,0x01,0x0d,0x0f,0x0b,0x20,0x03,0x1f,0x06,0x20,0x08,
    0x1f,0x03,0x00,0x01,0x0d,0x0f,0x0c,0x30,0x01,0x0e,0x0f,0x0b,0x00,0x01,0x0d,0x0f,0x0b,0x30,0x09,0x0f,0x0e,0x02,0x10,0x07,
    0x1f,0x03,0x10,0x01,0x0e,0x0f,0x09,0x41,0x00,0x11,0x00,0x04,0x1f,0x06,0x50,0x00,0x02,0x1f,0x0e,0x03,0x30,0x01,0x0d,0x1f,
    0x02,0x00,0x0c,0x0f,0x0b,0x30,0x0b,0x0f,0x0e,0x01,0x00,0x01,0x0d,0x0f,0x0b,0x30,0x08,0x0f,0x0e,0x02,0x00,0x07,0x1f,0x06,
    0x30,0x0b,0x0a,0x04,0x00,0x02,0x1f,0x08,0x30,0x12,0x20,0x09,0x0f,0x0e,0x02,0x50,0x02,0x1f,0x0a,0x30,0x09,0x1f,0x04,0x00,
    0x01,0x0d,0x0f,0x0b,0x30,0x08,0x0f,0x0e,0x02,0x50,0x02,0x1f,0x0a,0x30,0x08,0x0b,0x07,0x10,0x0b,0x0f,0x0e,0x01,0x20,0x04,
    0x1f,0x08,0x00,0x01,0x0d,0x0f,0x0b,0x20,0x03,0x1f,0x06,0x20,0x08,0x1f,0x03,0x00,0x01,0x0d,0x0f,0x0e,0x02,0x20,0x04,0x1f,
    0x09,0x10,0x0c,0x0f,0x0e,0x01,0x20,0x0d,0x1f,0x02,0x10,0x08,0x1f,0x02,0x20,0x0b,0x0f,0x0c,0x40,0x03,0x20,0x04,0x1f,0x06,
    0x50,0x10,0x07,0x1f,0x0e,0x07,0x13,0x06,0x0d,0x1f,0x08,0x10,0x0c,0x0f,0x0c,0x01,0x10,0x06,0x1f,0x0e,0x01,0x00,0x01,0x0d,
    0x0f,0x0b,0x30,0x08,0x0f,0x0e,0x02,0x00,0x02,0x0e,0x0f,0x0d,0x03,0x00,0x01,0x09,0x1f,0x07,0x10,0x0b,0x0f,0x0e,0x05,0x10,
    0x02,0x0d,0x0f,0x0b,0x10,0x09,0x0f,0x0e,0x02,0x60,0x0b,0x1f,0x06,0x10,0x05,0x0e,0x0f,0x0c,0x10,0x01,0x0d,0x0f,0x0b,0x30,
    0x08,0x0f,0x0e,0x02,0x60,0x0b,0x1f,0x06,0x10,0x05,0x1f,0x0c,0x10,0x06,0x1f,0x0a,0x01,0x00,0x03,0x0c,0x1f,0x03,0x00,0x01,
    0x0d,0x0f,0x0b,0x20,0x03,0x1f,0x06,0x20,0x08,0x1f,0x03,0x00,0x01,0x0d,0x1f,0x0b,0x02,0x00,0x03,0x0d,0x1f,0x04,0x10,0x0a,
    0x1f,0x0c,0x15,0x0c,0x2f,0x02,0x10,0x07,0x1f,0x08,0x03,0x02,0x00,0x06,0x1f,0x08,0x01,0x00,0x01,0x09,0x0f,0x0e,0x03,0x00,
    0x04,0x1f,0x06,0x50,0x20,0x09,0x7f,0x0a,0x20,0x07,0x1f,0x0d,0x0a,0x0c,0x0f,0x0d,0x0f,0x0e,0x01,0x00,0x01,0x0d,0x0f,0x0b,
    0x30,0x09,0x1f,0x02,0x10,0x06,0x2f,0x0c,0x0d,0x1f,0x0b,0x20,0x02,0x0e,0x1f,0x0c,0x0b,0x0e,0x1f,0x06,0x10,0x09,0x1f,0x02,
    0x60,0x02,0x0e,0x1f,0x1d,0x1f,0x0e,0x03,0x20,0x0d,0x0f,0x0b,0x30,0x09,0x1f,0x02,0x60,0x02,0x0e,0x1f,0x1d,0x1f,0x0e,0x03,
    0x20,0x0a,0x1f,0x0e,0x0c,0x2f,0x07,0x20,0x0d,0x0f,0x0b,0x20,0x03,0x1f,0x06,0x20,0x08,0x1f,0x03,0x00,0x01,0x0d,0x0f,0x0c,
    0x0e,0x0f,0x0c,0x2f,0x0a,0x20,0x03,0x0e,0x3f,0x0d,0x08,0x1f,0x02,0x10,0x02,0x3f,0x07,0x10,0x0b,0x1f,0x0d,0x0b,0x0d,0x1f,
    0x0a,0x10,0x04,0x1f,0x06,0x50,0x30,0x06,0x0c,0x3f,0x0d,0x07,0x40,0x09,0x3f,0x06,0x08,0x0e,0x0d,0x01,0x10,0x0c,0x0e,0x0a,
    0x30,0x08,0x1e,0x02,0x20,0x05,0x0d,0x2f,0x0e,0x09,0x01,0x30,0x03,0x0b,0x3f,0x0d,0x05,0x20,0x08,0x0e,0x0d,0x02,0x70,0x02,
    0x0b,0x3f,0x0b,0x03,0x30,0x0c,0x0e,0x0a,0x30,0x08,0x1e,0x02,0x70,0x02,0x0b,0x3f,0x0c,0x03,0x40,0x08,0x0e,0x2f,0x0d,0x06,
    0x30,0x0c,0x0e,0x0a,0x20,0x03,0x1e,0x06,0x20,0x07,0x1e,0x03,0x00,0x01,0x0d,0x0f,0x0a,0x03,0x0d,0x2f,0x09,0x01,0x30,0x03,
    0x0b,0x1d,0x0a,0x01,0x05,0x1e,0x02,0x20,0x04,0x0b,0x1e,0x07,0x10,0x01,0x08,0x0e,0x2f,0x0e,0x08,0x20,0x04,0x1e,0x06,0x50,
    0x50,0x03,0x04,0x05,0x03,0x70,0x02,0x05,0x04,0x01,0x00,0x21,0x20,0x21,0x30,0x21,0x50,0x03,0x05,0x04,0x02,0x70,0x02,0x04,
    0x05,0x03,0x40,0x21,0xa0,0x02,0x04,0x05,0x03,0x50,0x21,0x30,0x21,0xa0,0x02,0x04,0x05,0x03,0x70,0x01,0x04,0x05,0x03,0x01,
    0x40,0x21,0x30,0x11,0x40,0x11,0x20,0x0d,0x0f,0x0b,0x00,0x01,0x04,0x05,0x02,0x70,0x11,0x10,0x21,0x50,0x11,0x40,0x01,0x04,
    0x05,0x04,0x01,0x40,0x11,0x60,0xf0,0xf0,0xf0,0xf0,0xf0,0xf0,0xf0,0xf0,0xf0,0x70,0x0d,0x0f,0x0b,0xf0,0xf0,0xf0,0x30,0xf0,
    0xf0,0xf0,0xf0,0xf0,0xf0,0xf0,0xf0,0xf0,0x70,0x0d,0x0f,0x0b,0xf0,0xf0,0xf0,0x30,0xf0,0xf0,0xf0,0xf0,0xf0,0xf0,0xf0,0xf0,
    0xf0,0x70,0x0e,0x0f,0x0b,0xf0,0xf0,0xf0,0x30,0xf0,0xf0,0xf0,0xf0,0xf0,0xf0,0xf0,0xf0,0xf0,0x70,0x06,0x07,0x05,0xf0,0xf0,
    0xf0,0x30,0xf0,0xf0,0xf0,0xf0,0xf0,0xf0,0xf0,0xf0,0xf0,0xf0,0xf0,0x40,0xf0,0xf0,0xf0,0xf0,0xf0,0xf0,0xf0,0xf0,0xf0,0xf0,
    0xf0,0x40,0xf0,0xf0,0xf0,0xf0,0xf0,0xf0,0xf0,0xf0,0xf0,0xf0,0xf0,0x40,0xf0,0xf0,0xf0,0xf0,0xf0,0xf0,0xf0,0xf0,0xf0,0xf0,
    0xf0,0x40,0xf0,0xf0,0xf0,0xf0,0xf0,0xf0,0xf0,0xf0,0xf0,0xf0,0xf0,0x40,0xf0,0xf0,0xf0,0xf0,0xf0,0xf0,0xf0,0xf0,0xf0,0xf0,
    0xf0,0x40,0xf0,0xf0,0xf0,0xf0,0xf0,0xf0,0xf0,0xf0,0xf0,0xf0,0xf0,0x40,0xf0,0xf0,0xf0,0xf0,0xf0,0xf0,0xf0,0xf0,0x30,0x13,
    0xf0,0xf0,0xe0,0x10,0x91,0xf0,0xf0,0xf0,0xf0,0xf0,0xf0,0xf0,0x60,0x0a,0x1f,0x0a,0xf0,0xf0,0xd0,0x10,0x08,0x8e,0x0d,0x0b,
    0x08,0x03,0xf0,0xf0,0xf0,0xf0,0xf0,0xf0,0xf0,0x10,0x06,0x3f,0x05,0xf0,0xf0,0xc0,0x10,0x09,0xcf,0x0a,0x01,0xf0,0xf0,0xf0,
    0xf0,0xf0,0xf0,0xf0,0x06,0x3f,0x05,0xf0,0xf0,0xc0,0x10,0x09,0xdf,0x0c,0x01,0xf0,0xf0,0xf0,0xf0,0xf0,0xf0,0xe0,0x01,0x0b,
    0x1f,0x0b,0x01,0xf0,0xf0,0xc0,0x10,0x09,0x2f,0x0d,0x39,0x0a,0x0c,0x4f,0x09,0xf0,0xf0,0xf0,0xf0,0xf0,0xf0,0xf0,0x00,0x14,
    0xf0,0xf0,0xe0,0x10,0x09,0x2f,0x0a,0x50,0x04,0x0d,0x3f,0x03,0xf0,0xf0,0xf0,0xf0,0xf0,0xf0,0xf0,0xf0,0xf0,0xf0,0x00,0x10,
    0x09,0x2f,0x0b,0x60,0x03,0x3f,0x08,0x30,0x31,0x10,0x01,0x04,0x05,0x02,0x60,0x02,0x04,0x15,0x03,0xe0,0x02,0x04,0x05,0x04,
    0x03,0xd0,0x01,0x04,0x05,0x04,0x03,0x01,0xc0,0x03,0x04,0x05,0x04,0x03,0xc0,0x02,0x04,0x15,0x03,0x01,0x70,0x31,0x40,0x21,
    0x30,0x02,0x15,0x03,0xc0,0x01,0x04,0x05,0x04,0x01,0x20,0x31,0x40,0x10,0x09,0x2f,0x0b,0x70,0x0b,0x2f,0x0b,0x20,0x06,0x2e,
    0x09,0x00,0x07,0x0e,0x1f,0x0b,0x40,0x05,0x0b,0x0e,0x3f,0x0d,0x08,0x01,0x90,0x05,0x0b,0x0e,0x3f,0x0d,0x08,0x01,0x80,0x03,
    0x0a,0x0e,0x3f,0x0d,0x09,0x02,0x70,0x01,0x08,0x0d,0x4f,0x0d,0x08,0x01,0x70,0x06,0x0c,0x0e,0x3f,0x0e,0x0a,0x03,0x40,0x02,
    0x3e,0x02,0x20,0x06,0x2e,0x08,0x00,0x03,0x0b,0x3f,0x0d,0x06,0x80,0x02,0x09,0x0e,0x2f,0x0e,0x09,0x11,0x0d,0x2e,0x02,0x30,
    0x10,0x09,0x2f,0x0b,0x70,0x09,0x2f,0x0c,0x20,0x07,0x2f,0x08,0x06,0x1f,0x0e,0x0f,0x0b,0x20,0x01,0x0a,0x8f,0x0d,0x04,0x60,
    0x01,0x0a,0x8f,0x0d,0x04,0x60,0x06,0x8f,0x0e,0x04,0x50,0x03,0x0d,0x8f,0x0d,0x02,0x40,0x01,0x0a,0x9f,0x06,0x30,0x02,0x3f,
    0x02,0x20,0x07,0x2f,0x08,0x03,0x0e,0x6f,0x09,0x60,0x04,0x0e,0x6f,0x0b,0x01,0x0e,0x2f,0x02,0x30,0x10,0x09,0x2f,0x0b,0x70,
    0x09,0x2f,0x0c,0x20,0x07,0x2f,0x0b,0x0d,0x3f,0x0c,0x20,0x0b,0xaf,0x0e,0x03,0x50,0x0b,0xaf,0x0e,0x03,0x40,0x06,0x4f,0x1e,
    0x4f,0x03,0x30,0x01,0x0d,0x3f,0x0d,0x0c,0x0d,0x3f,0x0c,0x40,0x09,0x3f,0x0e,0x1c,0x4f,0x03,0x20,0x02,0x2f,0x0e,0x02,0x20,
    0x07,0x2f,0x09,0x0c,0x8f,0x05,0x40,0x02,0x0e,0x8f,0x09,0x0d,0x1f,0x0e,0x02,0x30,0x10,0x09,0x2f,0x0b,0x70,0x0c,0x2f,0x0a,
    0x20,0x07,0x4f,0x0e,0x09,0x17,0x06,0x10,0x07,0x3f,0x0b,0x04,0x02,0x03,0x08,0x3f,0x0d,0x01,0x30,0x07,0x3f,0x0b,0x04,0x02,
    0x03,0x07,0x0e,0x2f,0x0b,0x30,0x02,0x3f,0x0a,0x03,0x11,0x04,0x0c,0x2f,0x0d,0x30,0x07,0x2f,0x0e,0x05,0x01,0x10,0x05,0x0e,
    0x2f,0x07,0x20,0x02,0x3f,0x09,0x02,0x10,0x03,0x0b,0x2f,0x0c,0x20,0x02,0x3f,0x02,0x20,0x07,0x2f,0x0e,0x0f,0x0c,0x06,0x04,
    0x05,0x0b,0x3f,0x0c,0x40,0x0a,0x3f,0x0b,0x05,0x03,0x04,0x08,0x5f,0x02,0x30,0x10,0x09,0x2f,0x0b,0x60,0x04,0x3f,0x07,0x20,
    0x07,0x3f,0x0d,0x02,0x40,0x01,0x0e,0x2f,0x0a,0x40,0x05,0x3f,0x06,0x20,0x01,0x0e,0x2f,0x0a,0x40,0x05,0x3f,0x04,0x20,0x09,
    0x2f,0x0a,0x40,0x01,0x0d,0x2f,0x05,0x20,0x0a,0x2f,0x08,0x40,0x05,0x0e,0x0b,0x08,0x04,0x20,0x05,0x2f,0x0c,0x40,0x01,0x0d,
    0x0c,0x09,0x06,0x20,0x02,0x3f,0x02,0x20,0x07,0x3f,0x0a,0x40,0x0a,0x3f,0x02,0x20,0x03,0x3f,0x0a,0x40,0x05,0x4f,0x02,0x30,
    0x10,0x09,0x2f,0x0a,0x50,0x05,0x0e,0x3f,0x02,0x20,0x07,0x3f,0x04,0x50,0x06,0x2f,0x0e,0x02,0x50,0x0a,0x2f,0x0c,0x20,0x06,
    0x2f,0x0e,0x02,0x50,0x0a,0x0e,0x0b,0x08,0x02,0x10,0x01,0x0e,0x1f,0x0e,0x02,0x00,0x01,0x10,0x01,0x00,0x06,0x2f,0x0a,0x20,
    0x0b,0x2f,0x09,0x50,0x01,0x50,0x06,0x2f,0x0d,0x50,0x01,0x50,0x02,0x3f,0x02,0x20,0x07,0x2f,0x0e,0x02,0x40,0x02,0x3f,0x04,
    0x20,0x07,0x2f,0x0e,0x02,0x50,0x0a,0x3f,0x02,0x30,0x10,0x09,0x2f,0x0e,0x3a,0x0b,0x0d,0x4f,0x08,0x30,0x07,0x2f,0x0c,0x60,
    0x09,0x2f,0x0a,0x60,0x04,0x2f,0x0e,0x01,0x10,0x09,0x2f,0x0a,0x60,0x11,0x40,0x04,0x2f,0x0b,0x60,0x01,0x0e,0x1f,0x0d,0x20,
    0x09,0x3f,0x08,0x02,0xa0,0x04,0x3f,0x0b,0x04,0x01,0x90,0x02,0x3f,0x02,0x20,0x07,0x2f,0x0c,0x50,0x01,0x0d,0x2f,0x04,0x20,
    0x0a,0x2f,0x0a,0x60,0x05,0x3f,0x02,0x30,0x10,0x09,0xdf,0x0a,0x40,0x07,0x2f,0x0b,0x60,0x0c,0x2f,0x07,0x60,0x02,0x0e,0x2f,
    0x03,0x10,0x0c,0x2f,0x07,0xd0,0x07,0x2f,0x0d,0x7a,0x2f,0x0e,0x02,0x10,0x03,0x5f,0x0d,0x0a,0x07,0x04,0x01,0x60,0x0c,0x4f,
    0x0d,0x0b,0x08,0x05,0x02,0x50,0x02,0x3f,0x02,0x20,0x07,0x2f,0x0b,0x60,0x0d,0x2f,0x05,0x20,0x0c,0x2f,0x07,0x60,0x03,0x3f,
    0x02,0x30,0x10,0x09,0xbf,0x0e,0x08,0x50,0x07,0x2f,0x0b,0x60,0x0c,0x2f,0x06,0x60,0x01,0x0e,0x2f,0x04,0x10,0x0c,0x2f,0x06,
    0xd0,0x08,0xff,0x03,0x20,0x06,0x8f,0x0d,0x07,0x01,0x40,0x02,0x0d,0x7f,0x0e,0x0a,0x02,0x30,0x02,0x3f,0x02,0x20,0x07,0x2f,
    0x0b,0x60,0x0d,0x2f,0x05,0x20,0x0d,0x2f,0x06,0x60,0x02,0x0e,0x2f,0x02,0x30,0x10,0x09,0x2f,0x0e,0x3d,0x1c,0x0a,0x06,0x02,
    0x60,0x07,0x2f,0x0b,0x60,0x0c,0x2f,0x06,0x60,0x01,0x0e,0x2f,0x04,0x10,0x0c,0x2f,0x06,0xd0,0x08,0xff,0x03,0x30,0x03,0x0a,
    0x0e,0x7f,0x0c,0x01,0x40,0x01,0x08,0x0d,0x7f,0x0e,0x04,0x20,0x02,0x3f,0x02,0x20,0x07,0x2f,0x0b,0x60,0x0d,0x2f,0x05,0x20,
    0x0c,0x2f,0x06,0x60,0x02,0x3f,0x02,0x30,0x10,0x09,0x2f,0x0b,0xf0,0x07,0x2f,0x0b,0x60,0x0c,0x2f,0x07,0x60,0x02,0x0e,0x2f,
    0x04,0x10,0x0c,0x2f,0x07,0xd0,0x07,0x2f,0x0b,0xb3,0x01,0x50,0x01,0x04,0x07,0x0a,0x0d,0x4f,0x09,0x70,0x03,0x06,0x09,0x0c,
    0x4f,0x0e,0x01,0x10,0x02,0x3f,0x02,0x20,0x07,0x2f,0x0b,0x60,0x0d,0x2f,0x05,0x20,0x0b,0x2f,0x08,0x60,0x03,0x3f,0x02,0x30,
    0x10,0x09,0x2f,0x0b,0xf0,0x07,0x2f,0x0b,0x60,0x09,0x2f,0x0a,0x60,0x04,0x2f,0x0e,0x02,0x10,0x09,0x2f,0x0a,0x60,0x12,0x40,
    0x05,0x2f,0x0b,0xf0,0x60,0x01,0x04,0x0d,0x2f,0x0e,0x01,0xa0,0x03,0x0a,0x3f,0x05,0x10,0x02,0x3f,0x02,0x20,0x07,0x2f,0x0b,
    0x60,0x0d,0x2f,0x05,0x20,0x09,0x2f,0x0c,0x60,0x07,0x3f,0x02,0x30,0x10,0x09,0x2f,0x0b,0xf0,0x07,0x2f,0x0b,0x60,0x06,0x2f,
    0x0e,0x02,0x50,0x0a,0x2f,0x0c,0x20,0x06,0x2f,0x0e,0x02,0x50,0x0a,0x0f,0x0c,0x0a,0x04,0x10,0x02,0x3f,0x02,0x60,0x03,0x01,
    0x50,0x02,0x15,0x50,0x04,0x3f,0x02,0x20,0x02,0x04,0x06,0x01,0x50,0x0d,0x2f,0x06,0x10,0x02,0x3f,0x02,0x20,0x07,0x2f,0x0b,
    0x60,0x0d,0x2f,0x05,0x20,0x06,0x3f,0x04,0x40,0x01,0x0d,0x3f,0x02,0x30,0x10,0x09,0x2f,0x0b,0xf0,0x07,0x2f,0x0b,0x60,0x01,
    0x0e,0x2f,0x0a,0x40,0x05,0x3f,0x06,0x20,0x01,0x0e,0x2f,0x0a,0x40,0x04,0x3f,0x04,0x20,0x0a,0x2f,0x0a,0x50,0x07,0x0f,0x0d,
    0x0b,0x07,0x10,0x02,0x0d,0x2f,0x02,0x40,0x05,0x2f,0x0e,0x01,0x10,0x0a,0x0e,0x1f,0x07,0x40,0x01,0x0d,0x2f,0x05,0x10,0x02,
    0x3f,0x02,0x20,0x07,0x2f,0x0b,0x60,0x0d,0x2f,0x05,0x20,0x01,0x0e,0x2f,0x0e,0x04,0x20,0x02,0x0b,0x4f,0x02,0x30,0x10,0x09,
    0x2f,0x0b,0xf0,0x07,0x2f,0x0b,0x70,0x07,0x3f,0x0b,0x04,0x02,0x03,0x08,0x3f,0x0d,0x01,0x30,0x07,0x3f,0x0b,0x04,0x02,0x03,
    0x07,0x0e,0x2f,0x0b,0x30,0x03,0x3f,0x0b,0x04,0x11,0x03,0x08,0x3f,0x08,0x20,0x0d,0x0f,0x0e,0x0f,0x0d,0x04,0x01,0x00,0x01,
    0x05,0x0d,0x2f,0x0a,0x20,0x08,0x3f,0x07,0x01,0x00,0x01,0x03,0x0b,0x2f,0x0e,0x01,0x10,0x02,0x3f,0x02,0x20,0x07,0x2f,0x0b,
    0x60,0x0d,0x2f,0x05,0x30,0x07,0x4f,0x0c,0x0a,0x0b,0x0e,0x0f,0x0d,0x0e,0x2f,0x02,0x30,0x10,0x09,0x2f,0x0b,0xf0,0x07,0x2f,
    0x0b,0x80,0x0b,0xaf,0x0e,0x03,0x50,0x0b,0xaf,0x0e,0x03,0x40,0x07,0x4f,0x1e,0x4f,0x0b,0x30,0x04,0x4f,0x0e,0x0d,0x0e,0x3f,
    0x0e,0x03,0x20,0x01,0x0d,0x3f,0x0e,0x1d,0x4f,0x07,0x20,0x02,0x2f,0x0e,0x02,0x20,0x07,0x2f,0x0b,0x60,0x0d,0x2f,0x05,0x40,
    0x0a,0x7f,0x0e,0x04,0x0e,0x2f,0x02,0x30,0x10,0x09,0x2f,0x0b,0xf0,0x07,0x2f,0x0b,0x80,0x01,0x0a,0x8f,0x0d,0x04,0x60,0x01,
    0x0a,0x8f,0x0d,0x04,0x60,0x07,0x9f,0x0b,0x01,0x40,0x06,0x9f,0x0e,0x04,0x40,0x03,0x0d,0x9f,0x08,0x30,0x02,0x3f,0x02,0x20,
    0x07,0x2f,0x0b,0x60,0x0d,0x2f,0x05,0x50,0x07,0x0e,0x4f,0x0d,0x04,0x01,0x3f,0x02,0x30,0x10,0x08,0x2e,0x0a,0xf0,0x06,0x2e,
    0x0a,0xa0,0x05,0x0b,0x0e,0x3f,0x0d,0x08,0x01,0x90,0x05,0x0b,0x0e,0x3f,0x0d,0x08,0x01,0x80,0x03,0x09,0x0d,0x3f,0x0e,0x0c,
    0x06,0x70,0x03,0x09,0x0e,0x4f,0x0d,0x08,0x01,0x60,0x01,0x07,0x0c,0x4f,0x0e,0x0a,0x03,0x40,0x02,0x3e,0x02,0x20,0x06,0x2e,
    0x0a,0x60,0x0c,0x2e,0x04,0x60,0x02,0x06,0x09,0x0a,0x09,0x06,0x01,0x00,0x02,0x0e,0x2f,0x02,0x30,0x10,0x41,0xf0,0x00,0x31,
    0xc0,0x02,0x04,0x15,0x03,0xe0,0x02,0x04,0x05,0x04,0x03,0xd0,0x01,0x03,0x04,0x05,0x04,0x02,0xb0,0x01,0x03,0x04,0x05,0x04,
    0x02,0xc0,0x02,0x04,0x05,0x04,0x03,0x01,0x70,0x31,0x40,0x31,0x60,0x31,0xf0,0x02,0x2f,0x0e,0x01,0x30,0xf0,0xf0,0xf0,0xf0,
    0xf0,0xf0,0xf0,0xf0,0xf0,0xf0,0x10,0x12,0x60,0x04,0x2f,0x0d,0x40,0xf0,0xf0,0xf0,0xf0,0xf0,0xf0,0xf0,0xf0,0xf0,0xf0,0x04,
    0x09,0x0e,0x0d,0x01,0x50,0x0b,0x2f,0x0a,0x40,0xf0,0xf0,0xf0,0xf0,0xf0,0xf0,0xf0,0xf0,0xf0,0xe0,0x01,0x0e,0x2f,0x0d,0x06,
    0x02,0x01,0x02,0x05,0x0b,0x3f,0x04,0x40,0xf0,0xf0,0xf0,0xf0,0xf0,0xf0,0xf0,0xf0,0xf0,0xf0,0x05,0x5f,0x1e,0x4f,0x09,0x50,
    0xf0,0xf0,0xf0,0xf0,0xf0,0xf0,0xf0,0xf0,0xf0,0x30,0xf0,0xf0,0xf0,0xf0,0xf0,0xf0,0xf0,0xf0,0xf0,0x30,0xf0,0xf0,0xf0,0xf0,
    0xf0,0xf0,0xf0,0xf0,0xf0,0x30,0xf0,0xf0,0xf0,0xf0,0xf0,0xf0,0xf0,0xf0,0xf0,0x30,0xf0,0xf0,0xf0,0xf0,0xf0,0xf0,0xf0,0xf0,
    0xf0,0x30,0xf0,0xf0,0xf0,0xf0,0xf0,0xf0,0xf0,0x00,0x05,0x08,0x02,0xf0,0xf0,0x00,0x02,0x5a,0x09,0x07,0x03,0x40,0x07,0x0a,
    0x08,0xf0,0xf0,0xf0,0xf0,0xf0,0xc0,0x04,0x1f,0x0b,0xf0,0xf0,0x00,0x03,0x8f,0x09,0x01,0x20,0x0b,0x0f,0x0c,0xf0,0xf0,0xf0,
    0xf0,0xf0,0xc0,0x03,0x0e,0x0f,0x09,0x20,0x06,0x0a,0x08,0xf0,0x90,0x00,0x03,0x1f,0x0b,0x28,0x09,0x0d,0x1f,0x0a,0x20,0x0a,
    0x0f,0x0b,0xf0,0xf0,0xf0,0xf0,0xf0,0xd0,0x03,0x04,0x30,0x0a,0x0f,0x0d,0xf0,0x90,0x00,0x03,0x1f,0x06,0x30,0x01,0x0b,0x1f,
    0x03,0x10,0x0a,0x0f,0x0b,0xf0,0xf0,0xf0,0xf0,0xf0,0xf0,0x30,0x09,0x0f,0x0c,0xf0,0x90,0x00,0x03,0x1f,0x06,0x40,0x03,0x1f,
    0x08,0x10,0x0a,0x0f,0x0b,0x50,0x05,0x08,0x0a,0x08,0x05,0x70,0x04,0x08,0x0a,0x09,0x07,0x02,0x60,0x05,0x08,0x0a,0x09,0x06,
    0x01,0x60,0x05,0x08,0x0a,0x08,0x05,0xa0,0x09,0x0a,0x06,0x30,0x04,0x1a,0x02,0x30,0x09,0x0a,0x07,0x30,0x04,0x08,0x0a,0x09,
    0x07,0x02,0x30,0x01,0x09,0x0a,0x05,0x00,0x05,0x0a,0x0d,0x0f,0x0e,0x1a,0x04,0xf0,0x60,0x00,0x03,0x1f,0x06,0x40,0x01,0x0d,
    0x0f,0x09,0x10,0x0a,0x0f,0x0b,0x30,0x02,0x0b,0x4f,0x0c,0x03,0x30,0x02,0x0b,0x4f,0x0e,0x06,0x30,0x02,0x0c,0x4f,0x0d,0x03,
    0x30,0x02,0x0b,0x4f,0x0c,0x03,0x80,0x0b,0x0f,0x0d,0x30,0x0a,0x1f,0x06,0x20,0x03,0x1f,0x07,0x10,0x02,0x0b,0x4f,0x0e,0x06,
    0x20,0x01,0x1f,0x08,0x00,0x08,0x5f,0x06,0xf0,0x60,0x00,0x03,0x1f,0x06,0x40,0x01,0x0e,0x0f,0x09,0x10,0x0a,0x0f,0x0b,0x20,
    0x01,0x0d,0x0f,0x0e,0x08,0x06,0x08,0x0e,0x0f,0x0d,0x01,0x10,0x01,0x0d,0x1f,0x09,0x16,0x0c,0x1f,0x03,0x20,0x0b,0x0f,0x0e,
    0x08,0x05,0x06,0x0d,0x1f,0x02,0x10,0x01,0x0d,0x0f,0x0e,0x08,0x06,0x08,0x0e,0x0f,0x0d,0x01,0x70,0x06,0x1f,0x03,0x10,0x01,
    0x0d,0x1f,0x0a,0x20,0x07,0x0f,0x0e,0x02,0x00,0x01,0x0d,0x1f,0x09,0x16,0x0c,0x1f,0x03,0x10,0x01,0x0e,0x0f,0x07,0x00,0x03,
    0x05,0x0b,0x0f,0x0d,0x15,0x02,0xf0,0x60,0x00,0x03,0x1f,0x06,0x40,0x06,0x1f,0x06,0x10,0x0a,0x0f,0x0b,0x20,0x08,0x0f,0x0e,
    0x03,0x20,0x03,0x0e,0x0f,0x08,0x10,0x02,0x0a,0x0d,0x05,0x20,0x01,0x0d,0x0f,0x09,0x10,0x03,0x1f,0x06,0x20,0x02,0x0c,0x0a,
    0x03,0x10,0x08,0x0f,0x0e,0x03,0x20,0x03,0x0e,0x0f,0x08,0x70,0x02,0x0e,0x0f,0x06,0x10,0x03,0x0f,0x0d,0x1e,0x01,0x10,0x0a,
    0x0f,0x0c,0x10,0x02,0x0a,0x0d,0x05,0x20,0x01,0x0d,0x0f,0x09,0x10,0x01,0x0e,0x0f,0x07,0x20,0x09,0x0f,0x0c,0xf0,0x90,0x00,
    0x03,0x1f,0x07,0x21,0x02,0x06,0x0e,0x0f,0x0e,0x01,0x10,0x0a,0x0f,0x0b,0x20,0x0d,0x0f,0x07,0x40,0x08,0x0f,0x0c,0x30,0x01,
    0x40,0x0b,0x0f,0x0a,0x10,0x03,0x1f,0x07,0x80,0x0d,0x0f,0x07,0x40,0x08,0x0f,0x0c,0x80,0x0b,0x0f,0x0a,0x10,0x07,0x0f,0x08,
    0x0b,0x0f,0x03,0x00,0x01,0x0d,0x0f,0x08,0x30,0x01,0x40,0x0b,0x0f,0x0a,0x10,0x01,0x0e,0x0f,0x07,0x00,0x01,0x00,0x09,0x0f,
    0x0c,0xf0,0x90,0x00,0x03,0x1f,0x3e,0x2f,0x0e,0x04,0x20,0x0a,0x0f,0x0b,0x10,0x03,0x1f,0x08,0x45,0x09,0x0f,0x0e,0x01,0x30,
    0x01,0x03,0x05,0x06,0x09,0x0e,0x0f,0x0b,0x10,0x01,0x0d,0x1f,0x0a,0x06,0x03,0x40,0x03,0x1f,0x08,0x45,0x09,0x0f,0x0e,0x01,
    0x70,0x07,0x0f,0x0d,0x01,0x00,0x0b,0x0f,0x04,0x08,0x0f,0x07,0x00,0x04,0x1f,0x03,0x40,0x01,0x03,0x05,0x06,0x09,0x0e,0x0f,
    0x0b,0x10,0x01,0x0e,0x0f,0x07,0x20,0x09,0x0f,0x0c,0xf0,0x90,0x00,0x03,0x6f,0x0d,0x0a,0x03,0x30,0x0a,0x0f,0x0b,0x10,0x04,
    0xaf,0x02,0x10,0x03,0x0a,0x0e,0x5f,0x0b,0x20,0x03,0x0d,0x3f,0x0d,0x08,0x02,0x10,0x04,0xaf,0x02,0x70,0x03,0x1f,0x03,0x00,
    0x0e,0x0f,0x01,0x05,0x0f,0x0b,0x00,0x07,0x0f,0x0d,0x30,0x03,0x0a,0x0e,0x5f,0x0b,0x10,0x01,0x0e,0x0f,0x07,0x20,0x09,0x0f,
    0x0c,0xf0,0x90,0x00,0x03,0x1f,0x08,0x23,0x02,0x01,0x50,0x0a,0x0f,0x0b,0x10,0x04,0x1f,0x09,0x07,0x08,0x27,0x28,0x01,0x00,
    0x03,0x0e,0x1f,0x0b,0x08,0x06,0x03,0x0b,0x0f,0x0b,0x30,0x01,0x05,0x09,0x0c,0x2f,0x0d,0x02,0x00,0x04,0x1f,0x09,0x07,0x08,
    0x27,0x28,0x01,0x80,0x0d,0x0f,0x06,0x02,0x0f,0x0c,0x00,0x02,0x0f,0x0e,0x00,0x0a,0x0f,0x09,0x20,0x03,0x0e,0x1f,0x0b,0x08,
    0x06,0x03,0x0b,0x0f,0x0b,0x10,0x01,0x0e,0x0f,0x07,0x20,0x09,0x0f,0x0c,0xf0,0x90,0x00,0x03,0x1f,0x06,0xa0,0x0a,0x0f,0x0b,
    0x10,0x02,0x0e,0x0f,0x04,0x90,0x09,0x0f,0x0d,0x03,0x30,0x0b,0x0f,0x0b,0x70,0x02,0x09,0x1f,0x08,0x00,0x02,0x0e,0x0f,0x04,
    0xf0,0x10,0x09,0x0f,0x09,0x06,0x0f,0x07,0x10,0x0c,0x0f,0x04,0x0d,0x0f,0x05,0x20,0x09,0x0f,0x0d,0x03,0x30,0x0b,0x0f,0x0b,
    0x10,0x01,0x0e,0x0f,0x07,0x20,0x09,0x0f,0x0c,0xf0,0x90,0x00,0x03,0x1f,0x06,0xa0,0x0a,0x0f,0x0b,0x20,0x0c,0x0f,0x0b,0x40,
    0x04,0x05,0x02,0x10,0x0b,0x0f,0x0a,0x40,0x0d,0x0f,0x0b,0x10,0x02,0x05,0x07,0x40,0x0d,0x0f,0x0a,0x10,0x0c,0x0f,0x0b,0x40,
    0x04,0x05,0x02,0x90,0x04,0x0f,0x0c,0x0a,0x0f,0x03,0x10,0x07,0x0f,0x09,0x1e,0x01,0x20,0x0b,0x0f,0x0a,0x40,0x0d,0x0f,0x0b,
    0x10,0x01,0x0e,0x0f,0x07,0x20,0x09,0x0f,0x0c,0x50,0x01,0x50,0x01,0x50,0x01,0x40,0x00,0x03,0x1f,0x06,0xa0,0x0a,0x0f,0x0b,
    0x20,0x06,0x1f,0x07,0x01,0x10,0x04,0x0e,0x0f,0x0b,0x10,0x09,0x0f,0x0d,0x03,0x10,0x01,0x0a,0x1f,0x0b,0x10,0x06,0x1f,0x06,
    0x20,0x05,0x0e,0x0f,0x07,0x10,0x06,0x1f,0x07,0x01,0x10,0x04,0x0e,0x0f,0x0b,0x90,0x01,0x0e,0x0f,0x0e,0x0d,0x01,0x10,0x04,
    0x0f,0x0e,0x0f,0x0b,0x30,0x09,0x0f,0x0d,0x03,0x10,0x01,0x0a,0x1f,0x0b,0x10,0x01,0x0e,0x0f,0x07,0x20,0x09,0x0f,0x0e,0x02,
    0x30,0x08,0x0d,0x08,0x30,0x08,0x0d,0x08,0x30,0x08,0x0d,0x08,0x30,0x00,0x03,0x1f,0x06,0xa0,0x0a,0x0f,0x0c,0x30,0x0a,0x1f,
    0x0d,0x0a,0x0c,0x1f,0x0e,0x03,0x10,0x03,0x1f,0x0e,0x0b,0x0a,0x1e,0x0c,0x0f,0x0b,0x10,0x01,0x0c,0x1f,0x0c,0x0a,0x0c,0x1f,
    0x0d,0x01,0x20,0x0a,0x1f,0x0d,0x0a,0x0c,0x1f,0x0e,0x03,0xa0,0x0b,0x1f,0x0a,0x20,0x01,0x0d,0x1f,0x06,0x30,0x03,0x1f,0x0e,
    0x0b,0x0a,0x1e,0x0c,0x0f,0x0b,0x10,0x01,0x0e,0x0f,0x07,0x20,0x05,0x1f,0x0d,0x0b,0x05,0x00,0x03,0x2f,0x02,0x10,0x02,0x2f,
    0x02,0x10,0x02,0x2f,0x02,0x20,0x00,0x03,0x1e,0x06,0xa0,0x09,0x0e,0x0b,0x40,0x07,0x0d,0x3f,0x0b,0x03,0x30,0x05,0x0d,0x2f,
    0x0d,0x03,0x08,0x0e,0x0a,0x20,0x01,0x0a,0x0e,0x2f,0x0e,0x0a,0x02,0x40,0x07,0x0d,0x3f,0x0b,0x03,0xb0,0x06,0x1e,0x05,0x30,
    0x09,0x1e,0x02,0x40,0x05,0x0d,0x2f,0x0d,0x03,0x08,0x0e,0x0a,0x10,0x01,0x0d,0x0e,0x06,0x30,0x08,0x2f,0x09,0x00,0x01,0x0c,
    0x0f,0x0c,0x01,0x10,0x01,0x0c,0x0f,0x0c,0x01,0x10,0x01,0x0c,0x0f,0x0c,0x01,0x20,0x10,0x11,0xb0,0x21,0x50,0x01,0x03,0x05,
    0x04,0x02,0x60,0x01,0x04,0x05,0x03,0x10,0x21,0x40,0x02,0x04,0x05,0x04,0x02,0x70,0x01,0x03,0x05,0x04,0x02,0xe0,0x11,0x50,
    0x11,0x60,0x01,0x04,0x05,0x03,0x10,0x21,0x20,0x11,0x50,0x02,0x15,0x02,0x10,0x01,0x05,0x01,0x30,0x01,0x05,0x01,0x30,0x01,
    0x05,0x01,0x30,0xf0,0xf0,0xf0,0xf0,0xf0,0xf0,0xf0,0xf0,0xf0,0x30,0xf0,0xf0,0xf0,0xf0,0xf0,0xf0,0xf0,0xf0,0xf0,0x30,0xf0,
    0xf0,0xf0,0xf0,0xf0,0xf0,0xf0,0xf0,0xf0,0x30,0xf0,0xf0,0xf0,0xf0,0xf0,0xf0,0xf0,0xf0,0xf0,0x30,0xf0,0xf0,0xf0,0xf0,0xf0,
    0xf0,0xf0,0xf0,0xf0,0xf0,0xf0,0xf0,0xf0,0xc0,0xf0,0xf0,0xf0,0xf0,0xf0,0xf0,0xf0,0xf0,0xf0,0xf0,0xf0,0xf0,0xf0,0xc0,0xf0,
    0xf0,0xf0,0xf0,0xf0,0xf0,0xf0,0xf0,0xf0,0xf0,0xf0,0xf0,0xf0,0xc0,0xf0,0xf0,0xf0,0xf0,0xf0,0xf0,0xf0,0xf0,0xf0,0xf0,0xf0,
    0xf0,0xf0,0xc0,0xf0,0xf0,0xf0,0xf0,0xf0,0xf0,0xf0,0xf0,0xf0,0xf0,0xf0,0xf0,0xf0,0xc0,0x00,0x02,0x15,0x50,0x02,0x15,0x03,
    0xf0,0xf0,0xb0,0x02,0x15,0x60,0x02,0x05,0x04,0x40,0x02,0x06,0x09,0x0a,0x08,0x04,0x40,0x02,0x55,0x04,0x01,0xf0,0xf0,0xf0,
    0xf0,0xf0,0xf0,0xf0,0x04,0x05,0x02,0x90,0x00,0x05,0x1f,0x01,0x30,0x01,0x0c,0x1f,0x03,0xf0,0xf0,0xb0,0x05,0x1f,0x01,0x50,
    0x08,0x0f,0x0d,0x30,0x07,0x0e,0x4f,0x0c,0x02,0x20,0x05,0x6f,0x0d,0x07,0xf0,0xf0,0xf0,0xf0,0xf0,0x40,0x12,0xf0,0x70,0x0c,
    0x0f,0x07,0x90,0x00,0x05,0x0f,0x0e,0x01,0x30,0x0b,0x0f,0x0e,0x03,0xf0,0xf0,0xc0,0x05,0x0f,0x0e,0x01,0x50,0x07,0x0f,0x0c,
    0x20,0x07,0x1f,0x0b,0x16,0x09,0x0e,0x0f,0x0d,0x01,0x10,0x05,0x0f,0x0e,0x3a,0x0d,0x1f,0x07,0xf0,0xf0,0xf0,0xf0,0xf0,0x20,
    0x02,0x1e,0x03,0xf0,0x60,0x0b,0x0f,0x07,0x90,0x00,0x05,0x0f,0x0e,0x01,0x20,0x0a,0x1f,0x04,0xf0,0xf0,0xd0,0x05,0x0f,0x0e,
    0x01,0x50,0x07,0x0f,0x0c,0x10,0x01,0x0d,0x0f,0x09,0x30,0x03,0x1f,0x06,0x10,0x05,0x0f,0x0e,0x30,0x01,0x0a,0x0f,0x0d,0x01,
    0xf0,0xf0,0xf0,0xf0,0xf0,0x10,0x02,0x1f,0x02,0xf0,0x60,0x0b,0x0f,0x07,0x90,0x00,0x05,0x0f,0x0e,0x01,0x10,0x09,0x1f,0x05,
    0x50,0x02,0x07,0x19,0x06,0x01,0x50,0x01,0x05,0x09,0x0a,0x07,0x03,0x30,0x01,0x15,0x00,0x02,0x08,0x0a,0x08,0x03,0x90,0x05,
    0x0f,0x0e,0x01,0x50,0x07,0x0f,0x0c,0x10,0x03,0x1f,0x03,0x00,0x01,0x20,0x06,0x0a,0x05,0x10,0x05,0x0f,0x0e,0x01,0x30,0x03,
    0x1f,0x02,0x90,0x03,0x08,0x0a,0x09,0x05,0x01,0x50,0x03,0x08,0x0a,0x09,0x05,0x40,0x02,0x05,0x03,0x00,0x04,0x08,0x0a,0x07,
    0x01,0x30,0x04,0x05,0x01,0x00,0x06,0x19,0x05,0x60,0x04,0x08,0x0a,0x08,0x05,0x60,0x02,0x07,0x19,0x07,0x02,0x20,0x04,0x06,
    0x1f,0x06,0x05,0x02,0x20,0x02,0x07,0x19,0x06,0x01,0x50,0x02,0x07,0x19,0x04,0x00,0x0b,0x0f,0x07,0x90,0x00,0x05,0x0f,0x0e,
    0x01,0x00,0x07,0x1f,0x07,0x50,0x06,0x0e,0x3f,0x0e,0x04,0x30,0x02,0x0c,0x4f,0x08,0x20,0x03,0x1f,0x04,0x4f,0x08,0x80,0x05,
    0x0f,0x0e,0x01,0x50,0x07,0x0f,0x0c,0x10,0x02,0x1f,0x07,0x90,0x05,0x0f,0x0e,0x01,0x30,0x04,0x0f,0x0e,0x01,0x80,0x09,0x4f,
    0x0c,0x03,0x30,0x09,0x4f,0x0c,0x02,0x20,0x08,0x0f,0x0a,0x07,0x3f,0x0d,0x02,0x20,0x0c,0x0f,0x06,0x0b,0x3f,0x0a,0x40,0x09,
    0x4f,0x0b,0x01,0x30,0x06,0x0e,0x3f,0x0e,0x06,0x10,0x0d,0x4f,0x07,0x10,0x06,0x0e,0x3f,0x0e,0x04,0x30,0x04,0x0e,0x3f,0x07,
    0x0b,0x0f,0x07,0x90,0x00,0x05,0x0f,0x0e,0x00,0x05,0x1f,0x08,0x50,0x04,0x1f,0x09,0x14,0x0a,0x0f,0x0e,0x02,0x10,0x01,0x0d,
    0x0f,0x0b,0x05,0x04,0x07,0x1f,0x06,0x10,0x03,0x0f,0x1e,0x0b,0x05,0x04,0x0a,0x1f,0x05,0x70,0x05,0x0f,0x0e,0x01,0x50,0x07,
    0x0f,0x0c,0x20,0x0b,0x0f,0x0e,0x08,0x03,0x70,0x05,0x0f,0x0e,0x30,0x02,0x0c,0x0f,0x09,0x80,0x09,0x0f,0x0e,0x08,0x04,0x06,
    0x0d,0x0f,0x0d,0x01,0x10,0x09,0x0f,0x0e,0x08,0x04,0x06,0x0d,0x0f,0x0d,0x01,0x10,0x07,0x0f,0x0d,0x0e,0x07,0x05,0x08,0x0e,
    0x0f,0x0a,0x20,0x0c,0x0f,0x0d,0x0c,0x06,0x05,0x0b,0x1f,0x05,0x20,0x08,0x0f,0x0e,0x06,0x04,0x05,0x0d,0x0f,0x0b,0x20,0x04,
    0x1f,0x0a,0x04,0x05,0x0a,0x1f,0x04,0x00,0x06,0x09,0x1f,0x09,0x07,0x03,0x00,0x04,0x1f,0x09,0x14,0x0a,0x0f,0x0e,0x02,0x10,
    0x02,0x0e,0x0f,0x0d,0x06,0x04,0x08,0x0f,0x0e,0x0f,0x07,0x90,0x00,0x05,0x0f,0x0d,0x04,0x0e,0x0f,0x0e,0x01,0x50,0x0c,0x0f,
    0x09,0x30,0x0b,0x0f,0x09,0x10,0x07,0x0f,0x0d,0x01,0x20,0x07,0x0f,0x0d,0x01,0x00,0x03,0x1f,0x0b,0x30,0x0a,0x0f,0x0c,0x70,
    0x05,0x0f,0x0e,0x01,0x50,0x07,0x0f,0x0c,0x20,0x02,0x0c,0x2f,0x0c,0x08,0x04,0x40,0x05,0x1f,0x3a,0x1e,0x07,0x80,0x02,0x1f,
    0x06,0x20,0x02,0x1e,0x04,0x00,0x03,0x1f,0x06,0x20,0x02,0x0d,0x0f,0x07,0x10,0x07,0x1f,0x04,0x20,0x08,0x0f,0x0e,0x01,0x10,
    0x0c,0x0f,0x0d,0x30,0x0c,0x0f,0x0a,0x10,0x02,0x1f,0x04,0x20,0x03,0x0e,0x0f,0x04,0x10,0x0c,0x0f,0x0a,0x30,0x0a,0x0f,0x08,
    0x10,0x02,0x1f,0x02,0x20,0x0c,0x0f,0x09,0x30,0x0b,0x0f,0x09,0x10,0x08,0x0f,0x0d,0x02,0x20,0x07,0x1f,0x07,0x90,0x00,0x05,
    0x0f,0x0e,0x0d,0x2f,0x09,0x40,0x02,0x0f,0x0e,0x01,0x30,0x04,0x0f,0x0c,0x10,0x0b,0x0f,0x05,0x40,0x0e,0x0f,0x03,0x00,0x03,
    0x1f,0x05,0x30,0x04,0x1f,0x02,0x60,0x05,0x0f,0x0e,0x01,0x50,0x07,0x0f,0x0c,0x30,0x01,0x07,0x0c,0x3f,0x0b,0x03,0x20,0x05,
    0x6f,0x0e,0x08,0x02,0x70,0x07,0x0f,0x0d,0x40,0x02,0x01,0x10,0x07,0x0f,0x0d,0x40,0x08,0x0f,0x0c,0x10,0x07,0x0f,0x0c,0x30,
    0x03,0x1f,0x02,0x10,0x0c,0x0f,0x07,0x30,0x07,0x0f,0x0b,0x10,0x07,0x0f,0x0a,0x40,0x0a,0x0f,0x08,0x00,0x03,0x1f,0x03,0x30,
    0x01,0x02,0x20,0x03,0x1f,0x03,0x10,0x02,0x0f,0x0e,0x01,0x30,0x04,0x0f,0x0c,0x10,0x0c,0x0f,0x08,0x30,0x01,0x0e,0x0f,0x07,
    0x90,0x00,0x05,0x2f,0x08,0x06,0x1f,0x05,0x30,0x04,0x0f,0x0e,0x0b,0x3a,0x0b,0x0f,0x0e,0x01,0x00,0x0e,0x0f,0x0c,0x4a,0x0e,
    0x0f,0x05,0x00,0x03,0x1f,0x02,0x30,0x01,0x0e,0x0f,0x04,0x60,0x05,0x0f,0x0e,0x01,0x50,0x07,0x0f,0x0c,0x60,0x02,0x06,0x0a,
    0x1f,0x0e,0x02,0x10,0x05,0x0f,0x0e,0x03,0x12,0x03,0x05,0x0d,0x0f,0x0d,0x01,0x60,0x09,0x0f,0x0a,0x80,0x09,0x0f,0x0a,0x40,
    0x05,0x0f,0x0e,0x01,0x00,0x07,0x0f,0x0b,0x30,0x03,0x1f,0x02,0x10,0x0c,0x0f,0x06,0x30,0x07,0x0f,0x0b,0x10,0x09,0x0f,0x0d,
    0x4a,0x0d,0x0f,0x0a,0x00,0x05,0x0f,0x0e,0x01,0x80,0x02,0x1f,0x02,0x10,0x04,0x0f,0x0e,0x0b,0x3a,0x0b,0x0f,0x0e,0x01,0x00,
    0x0e,0x0f,0x05,0x40,0x0b,0x0f,0x07,0x90,0x00,0x05,0x1f,0x09,0x10,0x0a,0x0f,0x0e,0x02,0x20,0x05,0x7f,0x1e,0x11,0x0e,0x6f,
    0x1e,0x05,0x00,0x03,0x1f,0x02,0x30,0x01,0x0e,0x0f,0x05,0x60,0x05,0x0f,0x0e,0x01,0x50,0x07,0x0f,0x0c,0x90,0x04,0x0d,0x0f,
    0x09,0x10,0x05,0x0f,0x0e,0x01,0x30,0x01,0x0d,0x0f,0x07,0x60,0x0a,0x0f,0x09,0x80,0x0a,0x0f,0x09,0x40,0x04,0x0f,0x0e,0x01,
    0x00,0x07,0x0f,0x0b,0x30,0x03,0x1f,0x02,0x10,0x0c,0x0f,0x06,0x30,0x07,0x0f,0x0b,0x10,0x0a,0x6f,0x1e,0x0a,0x00,0x05,0x0f,
    0x0d,0x01,0x80,0x02,0x1f,0x02,0x10,0x05,0x7f,0x1e,0x11,0x0e,0x0f,0x04,0x40,0x0b,0x0f,0x07,0x90,0x00,0x05,0x0f,0x0e,0x01,
    0x10,0x01,0x0e,0x0f,0x0b,0x20,0x04,0x0f,0x0e,0x71,0x10,0x0d,0x0f,0x05,0x61,0x10,0x03,0x1f,0x03,0x30,0x02,0x1f,0x04,0x60,
    0x04,0x1f,0x02,0x50,0x09,0x0f,0x0b,0x10,0x02,0x04,0x03,0x50,0x08,0x0f,0x0b,0x10,0x05,0x0f,0x0e,0x01,0x20,0x01,0x00,0x09,
    0x0f,0x0a,0x60,0x09,0x0f,0x0a,0x80,0x09,0x0f,0x0a,0x40,0x05,0x0f,0x0d,0x01,0x00,0x07,0x0f,0x0b,0x30,0x03,0x1f,0x02,0x10,
    0x0c,0x0f,0x06,0x30,0x07,0x0f,0x0b,0x10,0x09,0x0f,0x09,0x71,0x00,0x04,0x0f,0x0e,0x02,0x80,0x02,0x1f,0x03,0x10,0x04,0x0f,
    0x0e,0x71,0x10,0x0d,0x0f,0x06,0x40,0x0c,0x0f,0x07,0x90,0x00,0x05,0x0f,0x0e,0x01,0x20,0x05,0x1f,0x06,0x10,0x02,0x0e,0x0f,
    0x03,0x40,0x01,0x20,0x0b,0x0f,0x08,0x40,0x01,0x20,0x03,0x1f,0x07,0x30,0x05,0x0f,0x0e,0x02,0x60,0x02,0x0e,0x0f,0x08,0x40,
    0x01,0x0d,0x0f,0x09,0x10,0x07,0x0f,0x0d,0x50,0x09,0x0f,0x0b,0x10,0x05,0x0f,0x0e,0x01,0x40,0x0b,0x0f,0x0a,0x60,0x06,0x0f,
    0x0e,0x01,0x30,0x07,0x06,0x02,0x00,0x06,0x0f,0x0e,0x01,0x30,0x0a,0x0f,0x0b,0x10,0x07,0x0f,0x0b,0x30,0x03,0x1f,0x02,0x10,
    0x0c,0x0f,0x06,0x30,0x07,0x0f,0x0b,0x10,0x06,0x0f,0x0c,0x40,0x01,0x20,0x01,0x0e,0x0f,0x05,0x30,0x04,0x08,0x03,0x10,0x02,
    0x1f,0x02,0x10,0x02,0x0e,0x0f,0x03,0x40,0x01,0x20,0x0b,0x0f,0x0a,0x30,0x02,0x0e,0x0f,0x07,0x30,0x01,0x40,0x00,0x05,0x0f,
    0x0e,0x01,0x30,0x09,0x0f,0x0e,0x03,0x10,0x0a,0x0f,0x0b,0x01,0x20,0x0a,0x0e,0x08,0x10,0x05,0x0f,0x0e,0x04,0x20,0x06,0x0e,
    0x0c,0x01,0x00,0x03,0x1f,0x0e,0x02,0x10,0x02,0x0d,0x0f,0x0a,0x80,0x09,0x1f,0x07,0x01,0x10,0x03,0x0b,0x1f,0x03,0x10,0x03,
    0x1f,0x09,0x02,0x20,0x06,0x0e,0x0f,0x07,0x10,0x05,0x0f,0x0e,0x02,0x21,0x03,0x08,0x1f,0x06,0x60,0x01,0x0e,0x0f,0x09,0x20,
    0x05,0x1f,0x04,0x00,0x01,0x0e,0x0f,0x09,0x20,0x05,0x0e,0x0f,0x05,0x10,0x07,0x0f,0x0b,0x30,0x03,0x1f,0x02,0x10,0x0c,0x0f,
    0x06,0x30,0x07,0x0f,0x0b,0x10,0x01,0x0e,0x0f,0x07,0x20,0x02,0x0d,0x0e,0x04,0x10,0x0a,0x0f,0x0d,0x02,0x10,0x02,0x0d,0x0f,
    0x09,0x10,0x02,0x1f,0x05,0x01,0x10,0x0a,0x0f,0x0b,0x01,0x20,0x0a,0x0e,0x08,0x10,0x06,0x1f,0x05,0x10,0x01,0x0b,0x1f,0x07,
    0x10,0x01,0x0b,0x0d,0x04,0x30,0x00,0x05,0x0f,0x0e,0x01,0x30,0x01,0x0d,0x0f,0x0c,0x10,0x02,0x0d,0x0f,0x0d,0x09,0x08,0x0c,
    0x1f,0x05,0x20,0x0a,0x1f,0x0a,0x08,0x0b,0x1f,0x09,0x10,0x03,0x0f,0x0e,0x0c,0x0f,0x0a,0x09,0x0e,0x0f,0x0e,0x03,0x80,0x01,
    0x0c,0x1f,0x0e,0x0b,0x0c,0x2f,0x07,0x30,0x08,0x1f,0x0e,0x1b,0x0d,0x1f,0x0c,0x01,0x10,0x05,0x1f,0x3e,0x2f,0x0a,0x80,0x05,
    0x1f,0x0c,0x09,0x0b,0x1f,0x0a,0x20,0x05,0x1f,0x0c,0x09,0x0b,0x1f,0x0a,0x20,0x07,0x0f,0x0b,0x30,0x03,0x1f,0x02,0x10,0x0c,
    0x0f,0x07,0x30,0x07,0x0f,0x0b,0x20,0x05,0x1f,0x0c,0x08,0x09,0x0e,0x0f,0x0d,0x02,0x10,0x02,0x0d,0x0f,0x0e,0x19,0x0e,0x0f,
    0x0d,0x02,0x20,0x0b,0x1f,0x0e,0x07,0x00,0x02,0x0d,0x0f,0x0d,0x09,0x08,0x0c,0x1f,0x05,0x20,0x0c,0x1f,0x0a,0x09,0x1d,0x0c,
    0x0f,0x07,0x10,0x05,0x1f,0x0a,0x30,0x00,0x04,0x0e,0x0d,0x01,0x40,0x04,0x1e,0x07,0x10,0x02,0x0a,0x3f,0x0c,0x05,0x40,0x08,
    0x0e,0x2f,0x0e,0x07,0x20,0x03,0x0f,0x0e,0x03,0x0a,0x2f,0x0c,0x04,0xa0,0x01,0x08,0x0d,0x3f,0x0c,0x05,0x50,0x06,0x0c,0x3f,
    0x0e,0x09,0x01,0x20,0x04,0x5e,0x0d,0x0b,0x06,0xa0,0x05,0x0d,0x2f,0x0e,0x08,0x40,0x05,0x0d,0x2f,0x0e,0x08,0x30,0x07,0x0e,
    0x0a,0x30,0x02,0x1e,0x02,0x10,0x0b,0x0e,0x06,0x30,0x07,0x0e,0x0a,0x30,0x05,0x0c,0x3f,0x0a,0x02,0x30,0x02,0x0b,0x3f,0x0b,
    0x02,0x30,0x02,0x0a,0x0d,0x0e,0x08,0x10,0x02,0x0a,0x3f,0x0c,0x05,0x30,0x01,0x0a,0x2f,0x0d,0x03,0x09,0x0e,0x06,0x10,0x01,
    0x0b,0x0d,0x04,0x30,0x10,0x11,0x60,0x21,0x30,0x02,0x04,0x05,0x03,0x70,0x01,0x04,0x05,0x04,0x01,0x30,0x03,0x1f,0x02,0x00,
    0x03,0x05,0x03,0xe0,0x01,0x03,0x05,0x04,0x02,0x90,0x03,0x04,0x05,0x03,0x01,0x50,0x61,0xe0,0x03,0x05,0x04,0x01,0x70,0x03,
    0x05,0x04,0x01,0x50,0x11,0x40,0x11,0x20,0x11,0x50,0x11,0x50,0x03,0x05,0x04,0x02,0x70,0x02,0x14,0x02,0x70,0x11,0x40,0x02,
    0x04,0x05,0x03,0x70,0x03,0x05,0x04,0x01,0x00,0x11,0xa0,0xf0,0xf0,0x60,0x03,0x1f,0x02,0xf0,0xf0,0xf0,0xf0,0xf0,0xf0,0xf0,
    0xf0,0xf0,0xf0,0xf0,0x10,0xf0,0xf0,0x60,0x03,0x1f,0x02,0xf0,0xf0,0xf0,0xf0,0xf0,0xf0,0xf0,0xf0,0xf0,0xf0,0xf0,0x10,0xf0,
    0xf0,0x60,0x03,0x1f,0x02,0xf0,0xf0,0xf0,0xf0,0xf0,0xf0,0xf0,0xf0,0xf0,0xf0,0xf0,0x10,0xf0,0xf0,0x60,0x01,0x16,0x01,0xf0,
    0xf0,0xf0,0xf0,0xf0,0xf0,0xf0,0xf0,0xf0,0xf0,0xf0,0x10,0xf0,0xf0,0xf0,0xf0,0xf0,0xf0,0xf0,0xf0,0xf0,0xf0,0xf0,0x20,0xf0,
    0xf0,0xf0,0xf0,0xf0,0xf0,0xf0,0xf0,0xf0,0xf0,0xf0,0x20,0xf0,0xf0,0xf0,0xf0,0xf0,0xf0,0xf0,0xf0,0xf0,0xf0,0xf0,0x20,0xf0,
    0xf0,0xf0,0xf0,0xf0,0xf0,0xf0,0xf0,0xf0,0xf0,0xf0,0x20,0xf0,0xf0,0xf0,0xf0,0xf0,0xf0,0xf0,0xf0,0xf0,0xf0,0xf0,0x20,0xf0,
    0xf0,0xf0,0xf0,0xf0,0xf0,0xf0,0xf0,0xf0,0xf0,0xf0,0x20,0xf0,0xf0,0xf0,0xf0,0xf0,0xf0,0xf0,0xf0,0xf0,0xf0,0xf0,0x20,0xf0,
    0xf0,0xf0,0xf0,0xf0,0xf0,0xf0,0xf0,0xf0,0xf0,0xf0,0x20,0xf0,0xf0,0xf0,0xf0,0xf0,0xf0,0xf0,0xf0,0xf0,0xf0,0xf0,0x20,0xf0,
    0xf0,0xf0,0xf0,0xf0,0xf0,0xf0,0xf0,0xf0,0xf0,0xf0,0x20,0x90,0x05,0x4a,0x09,0x01,0xf0,0xf0,0xf0,0xf0,0xf0,0xf0,0xf0,0xf0,
    0xf0,0x60,0x07,0x3a,0x02,0x30,0x90,0x0d,0x5f,0x04,0xf0,0xf0,0xf0,0xf0,0xf0,0xf0,0xf0,0xf0,0xf0,0x60,0x0a,0x3f,0x03,0x30,
    0x80,0x03,0x6f,0x0a,0xf0,0xf0,0xf0,0xf0,0xf0,0xf0,0x50,0x01,0x08,0x29,0x07,0xf0,0xf0,0xa0,0x0a,0x3f,0x03,0x30,0x80,0x08,
    0x6f,0x0e,0x01,0xf0,0xf0,0xf0,0xf0,0xf0,0xf0,0x40,0x01,0x3f,0x0c,0xf0,0xf0,0xa0,0x0a,0x3f,0x03,0x30,0x80,0x0d,0x2f,0x0d,
    0x3f,0x05,0xf0,0xf0,0xf0,0xf0,0xf0,0xf0,0x40,0x01,0x0e,0x2f,0x0c,0xf0,0xf0,0xa0,0x0a,0x3f,0x03,0x30,0x70,0x04,0x3f,0x06,
    0x0d,0x2f,0x0a,0xf0,0xf0,0xf0,0xf0,0xf0,0xf0,0x40,0x01,0x0e,0x2f,0x0c,0xf0,0xf0,0xa0,0x0a,0x3f,0x03,0x30,0x70,0x09,0x3f,
    0x01,0x0a,0x2f,0x0e,0x02,0xf0,0x00,0x21,0xf0,0x30,0x11,0xf0,0x20,0x21,0xf0,0x50,0x11,0xc0,0x0e,0x2f,0x0b,0xe0,0x11,0xf0,
    0x20,0x11,0x40,0x0a,0x3f,0x03,0x30,0x60,0x01,0x0d,0x2f,0x0c,0x00,0x06,0x3f,0x06,0xd0,0x04,0x09,0x0c,0x0d,0x0e,0x0d,0x0c,
    0x09,0x04,0xc0,0x02,0x07,0x0b,0x0d,0x1e,0x0d,0x0a,0x06,0x01,0xb0,0x02,0x07,0x0b,0x0d,0x0e,0x0d,0x0c,0x09,0x05,0x80,0x08,
    0x2a,0x09,0x01,0x00,0x01,0x07,0x0c,0x0d,0x0e,0x0d,0x0a,0x05,0x60,0x09,0x1a,0x3f,0x0e,0x2a,0x08,0x60,0x01,0x06,0x0a,0x0d,
    0x1e,0x0d,0x0a,0x06,0x01,0xb0,0x03,0x08,0x0c,0x1e,0x0c,0x09,0x03,0x10,0x0a,0x3f,0x03,0x30,0x60,0x04,0x3f,0x08,0x00,0x03,
    0x3f,0x0b,0xb0,0x02,0x0b,0x8f,0x0c,0x03,0x90,0x08,0x0e,0x7f,0x0d,0x06,0x90,0x08,0x8f,0x0c,0x04,0x60,0x0c,0x2f,0x0e,0x00,
    0x03,0x0d,0x6f,0x0b,0x02,0x30,0x01,0x0e,0x9f,0x0d,0x50,0x05,0x0d,0x7f,0x0e,0x07,0x90,0x08,0x7f,0x07,0x00,0x0a,0x3f,0x03,
    0x30,0x60,0x09,0x3f,0x04,0x10,0x0c,0x3f,0x02,0x90,0x04,0x0e,0xbf,0x05,0x60,0x01,0x0b,0xbf,0x09,0x60,0x01,0x0b,0xbf,0x06,
    0x50,0x0b,0x2f,0x0d,0x02,0x0d,0x8f,0x0d,0x02,0x20,0x01,0x0e,0x9f,0x0c,0x40,0x07,0xbf,0x0a,0x70,0x09,0x9f,0x05,0x09,0x3f,
    0x03,0x30,0x50,0x01,0x0e,0x2f,0x0e,0x01,0x10,0x08,0x3f,0x07,0x80,0x02,0x0e,0x4f,0x0e,0x0d,0x0e,0x5f,0x03,0x50,0x0b,0x5f,
    0x1e,0x5f,0x07,0x50,0x0b,0x4f,0x0d,0x1c,0x5f,0x04,0x40,0x0b,0x2f,0x0d,0x0b,0x2f,0x1e,0x5f,0x0b,0x20,0x01,0x0d,0x9f,0x0c,
    0x30,0x06,0x4f,0x0e,0x1c,0x0e,0x4f,0x08,0x50,0x06,0x6f,0x0e,0x2f,0x0d,0x0c,0x3f,0x03,0x30,0x50,0x05,0x3f,0x0a,0x20,0x04,
    0x3f,0x0c,0x80,0x0b,0x3f,0x0e,0x06,0x02,0x11,0x05,0x0d,0x3f,0x0b,0x40,0x07,0x4f,0x09,0x03,0x11,0x03,0x0a,0x3f,0x0e,0x02,
    0x30,0x06,0x3f,0x0d,0x05,0x01,0x10,0x02,0x09,0x3f,0x0d,0x40,0x0b,0x5f,0x09,0x03,0x11,0x05,0x0c,0x4f,0x06,0x20,0x12,0x03,
    0x0e,0x2f,0x0c,0x32,0x20,0x02,0x0e,0x3f,0x08,0x02,0x10,0x01,0x06,0x0e,0x3f,0x03,0x30,0x01,0x0e,0x3f,0x0e,0x07,0x02,0x01,
    0x02,0x07,0x0e,0x5f,0x03,0x30,0x50,0x0a,0x3f,0x06,0x20,0x01,0x0d,0x3f,0x03,0x60,0x04,0x3f,0x0e,0x03,0x40,0x01,0x0d,0x3f,
    0x04,0x20,0x01,0x0d,0x3f,0x07,0x50,0x09,0x3f,0x09,0x20,0x01,0x0d,0x2f,0x0e,0x02,0x50,0x09,0x3f,0x05,0x30,0x0b,0x4f,0x08,
    0x50,0x0b,0x3f,0x0c,0x40,0x01,0x0e,0x2f,0x0c,0x60,0x09,0x3f,0x06,0x50,0x05,0x3f,0x0a,0x30,0x07,0x3f,0x0e,0x03,0x40,0x03,
    0x0e,0x4f,0x03,0x30,0x40,0x01,0x0e,0x3f,0x02,0x30,0x09,0x3f,0x08,0x60,0x0a,0x3f,0x07,0x60,0x05,0x1f,0x0d,0x0b,0x04,0x20,
    0x06,0x3f,0x0c,0x60,0x01,0x0e,0x0f,0x0e,0x0b,0x07,0x20,0x05,0x3f,0x06,0x00,0x01,0x40,0x01,0x0e,0x2f,0x0a,0x30,0x0b,0x3f,
    0x0c,0x60,0x02,0x0e,0x3f,0x03,0x30,0x01,0x0e,0x2f,0x0c,0x50,0x01,0x0e,0x2f,0x0b,0x00,0x01,0x30,0x01,0x00,0x0a,0x2f,0x0e,
    0x01,0x20,0x0c,0x3f,0x07,0x60,0x07,0x4f,0x03,0x30,0x40,0x06,0x3f,0x0b,0x40,0x04,0x3f,0x0d,0x01,0x40,0x01,0x0e,0x2f,0x0e,
    0x01,0x60,0x01,0x05,0x02,0x50,0x0a,0x3f,0x06,0x70,0x14,0x01,0x40,0x09,0x2f,0x0e,0x80,0x0a,0x2f,0x0d,0x01,0x20,0x0b,0x3f,
    0x06,0x70,0x0a,0x3f,0x06,0x30,0x01,0x0e,0x2f,0x0c,0x50,0x04,0x3f,0x04,0x70,0x04,0x3f,0x04,0x10,0x01,0x0e,0x2f,0x0e,0x01,
    0x60,0x01,0x0e,0x3f,0x03,0x30,0x40,0x0b,0x3f,0x06,0x50,0x0d,0x3f,0x04,0x40,0x03,0x3f,0x0b,0xf0,0x00,0x0c,0x3f,0x02,0xf0,
    0x0c,0x2f,0x0d,0x85,0x0a,0x3f,0x02,0x20,0x0b,0x3f,0x03,0x70,0x06,0x3f,0x09,0x30,0x01,0x0e,0x2f,0x0c,0x50,0x08,0x3f,0x07,
    0x75,0x07,0x3f,0x06,0x10,0x03,0x3f,0x0c,0x80,0x0b,0x3f,0x03,0x30,0x30,0x02,0x0e,0x3f,0x03,0x51,0x09,0x3f,0x09,0x40,0x05,
    0x3f,0x0a,0xf0,0x01,0x0e,0x2f,0x0e,0x01,0xe0,0x01,0x0e,0xff,0x1f,0x03,0x20,0x0b,0x2f,0x0e,0x01,0x70,0x04,0x3f,0x0a,0x30,
    0x01,0x0e,0x2f,0x0c,0x50,0x09,0xff,0x1f,0x08,0x10,0x05,0x3f,0x0a,0x80,0x09,0x3f,0x03,0x30,0x30,0x06,0x4f,0x7e,0x3f,0x0e,
    0x01,0x30,0x05,0x3f,0x09,0xf0,0x01,0x0e,0x2f,0x0d,0xf0,0x01,0x0e,0xff,0x1f,0x04,0x20,0x0b,0x2f,0x0e,0x01,0x70,0x04,0x3f,
    0x0b,0x30,0x01,0x0e,0x2f,0x0c,0x50,0x0a,0xff,0x1f,0x08,0x10,0x05,0x3f,0x09,0x80,0x09,0x3f,0x03,0x30,0x30,0x0b,0xff,0x1f,
    0x05,0x30,0x05,0x3f,0x09,0xf0,0x01,0x0e,0x2f,0x0d,0x01,0xe0,0x01,0x0e,0x3f,0xcd,0x0e,0x03,0x20,0x0b,0x2f,0x0e,0x01,0x70,
    0x04,0x3f,0x0b,0x30,0x01,0x0e,0x2f,0x0c,0x50,0x0a,0x3f,0x0e,0x0d,0x0e,0x9d,0x0e,0x08,0x10,0x05,0x3f,0x09,0x80,0x09,0x3f,
    0x03,0x30,0x20,0x02,0xff,0x2f,0x0a,0x30,0x04,0x3f,0x0b,0xf0,0x00,0x0d,0x2f,0x0e,0x02,0xf0,0x0d,0x2f,0x0c,0xd1,0x30,0x0b,
    0x3f,0x02,0x70,0x06,0x3f,0x0a,0x30,0x01,0x0e,0x2f,0x0c,0x50,0x09,0x3f,0x04,0xc1,0x20,0x04,0x3f,0x0b,0x80,0x0b,0x3f,0x03,
    0x30,0x20,0x07,0x4f,0x9e,0x3f,0x0e,0x02,0x20,0x02,0x0e,0x2f,0x0d,0x01,0x70,0x03,0x01,0x50,0x0b,0x3f,0x04,0x70,0x02,0x01,
    0x50,0x0b,0x2f,0x0e,0x01,0xf0,0x00,0x0b,0x3f,0x05,0x70,0x09,0x3f,0x07,0x30,0x01,0x0e,0x2f,0x0c,0x50,0x06,0x3f,0x05,0xf0,
    0x02,0x3f,0x0e,0x01,0x60,0x01,0x0d,0x3f,0x03,0x30,0x20,0x0c,0x3f,0x07,0x91,0x0d,0x3f,0x06,0x30,0x0c,0x3f,0x05,0x60,0x03,
    0x0f,0x0d,0x0b,0x08,0x03,0x20,0x07,0x3f,0x0a,0x70,0x0c,0x0e,0x0c,0x09,0x05,0x20,0x08,0x3f,0x05,0x70,0x11,0x60,0x0b,0x3f,
    0x0a,0x60,0x01,0x0d,0x3f,0x04,0x30,0x01,0x0e,0x2f,0x0c,0x50,0x03,0x3f,0x0a,0x80,0x01,0x60,0x0d,0x3f,0x05,0x60,0x05,0x4f,
    0x03,0x30,0x10,0x03,0x4f,0x02,0x90,0x08,0x3f,0x0b,0x30,0x07,0x3f,0x0c,0x01,0x50,0x0a,0x3f,0x05,0x20,0x02,0x4f,0x04,0x50,
    0x06,0x3f,0x0b,0x20,0x03,0x3f,0x0c,0x70,0x0c,0x0d,0x0a,0x07,0x04,0x30,0x0b,0x4f,0x04,0x50,0x08,0x3f,0x0e,0x01,0x30,0x01,
    0x0e,0x2f,0x0c,0x60,0x0c,0x3f,0x03,0x60,0x08,0x0e,0x0b,0x09,0x05,0x01,0x20,0x09,0x3f,0x0d,0x01,0x40,0x01,0x0c,0x4f,0x03,
    0x30,0x10,0x08,0x3f,0x0c,0xa0,0x03,0x4f,0x02,0x20,0x01,0x0e,0x3f,0x0b,0x02,0x20,0x01,0x09,0x3f,0x0d,0x01,0x30,0x09,0x3f,
    0x0e,0x04,0x30,0x05,0x0e,0x3f,0x04,0x30,0x0a,0x3f,0x0b,0x02,0x30,0x01,0x0a,0x3f,0x0a,0x30,0x0b,0x4f,0x0e,0x05,0x20,0x01,
    0x08,0x4f,0x08,0x40,0x01,0x0d,0x2f,0x0e,0x03,0x50,0x05,0x3f,0x0e,0x04,0x40,0x06,0x4f,0x01,0x20,0x03,0x4f,0x0b,0x03,0x20,
    0x02,0x0b,0x5f,0x03,0x30,0x10,0x0c,0x3f,0x07,0xb0,0x0d,0x3f,0x07,0x30,0x05,0x4f,0x0e,0x0b,0x09,0x0a,0x0d,0x4f,0x06,0x40,
    0x02,0x0e,0x4f,0x0c,0x19,0x0c,0x4f,0x0a,0x40,0x02,0x0e,0x3f,0x0e,0x0a,0x17,0x09,0x0e,0x3f,0x0e,0x02,0x30,0x0b,0x2f,0x1e,
    0x1f,0x0c,0x1a,0x0d,0x4f,0x0e,0x01,0x50,0x0b,0x3f,0x0e,0x09,0x0a,0x08,0x30,0x0a,0x4f,0x0b,0x08,0x07,0x08,0x0c,0x4f,0x06,
    0x40,0x09,0x5f,0x0b,0x0a,0x0b,0x2f,0x0d,0x3f,0x03,0x30,0x00,0x03,0x4f,0x03,0xb0,0x08,0x3f,0x0c,0x40,0x08,0xcf,0x09,0x60,
    0x04,0x0e,0xbf,0x0c,0x01,0x50,0x04,0x0e,0xcf,0x06,0x40,0x0b,0x2f,0x0e,0x06,0xaf,0x05,0x60,0x06,0x6f,0x0d,0x30,0x01,0x0c,
    0xcf,0x0a,0x50,0x01,0x0c,0x9f,0x18,0x3f,0x03,0x30,0x00,0x08,0x3f,0x0c,0xc0,0x03,0x4f,0x03,0x40,0x06,0x0e,0x9f,0x07,0x80,
    0x03,0x0c,0x9f,0x0b,0x01,0x70,0x03,0x0d,0x9f,0x0e,0x05,0x50,0x0b,0x2f,0x0e,0x01,0x07,0x7f,0x0e,0x05,0x80,0x0a,0x6f,0x02,
    0x30,0x01,0x0a,0xaf,0x08,0x70,0x02,0x0c,0x7f,0x0c,0x00,0x08,0x3f,0x03,0x30,0x00,0x0c,0x3e,0x07,0xd0,0x0c,0x3e,0x08,0x50,
    0x02,0x08,0x0d,0x4f,0x0d,0x09,0x03,0xa0,0x01,0x06,0x0c,0x0e,0x3f,0x0e,0x0b,0x05,0xa0,0x01,0x06,0x0c,0x0e,0x3f,0x0e,0x0c,
    0x07,0x01,0x60,0x0b,0x2f,0x0e,0x02,0x00,0x05,0x0c,0x3f,0x0e,0x09,0x02,0xa0,0x07,0x0d,0x4f,0x04,0x50,0x04,0x0a,0x0e,0x4f,
    0x0d,0x09,0x03,0x90,0x01,0x07,0x0d,0x3f,0x0d,0x08,0x01,0x00,0x08,0x3e,0x03,0x30,0x00,0x41,0xe0,0x51,0x80,0x03,0x04,0x05,
    0x04,0x03,0x01,0xf0,0x02,0x04,0x15,0x03,0x01,0xf0,0x02,0x04,0x15,0x04,0x02,0x90,0x0b,0x2f,0x0e,0x01,0x20,0x03,0x04,0x05,
    0x04,0x01,0xe0,0x03,0x15,0x04,0x02,0x80,0x01,0x03,0x15,0x04,0x03,0x01,0xe0,0x03,0x15,0x03,0x01,0x30,0x31,0x40,0xf0,0xf0,
    0xf0,0xf0,0xf0,0xf0,0x0b,0x2f,0x0e,0x01,0xf0,0xf0,0xf0,0xf0,0xc0,0xf0,0xf0,0xf0,0xf0,0xf0,0xf0,0x0b,0x2f,0x0e,0x01,0xf0,
    0xf0,0xf0,0xf0,0xc0,0xf0,0xf0,0xf0,0xf0,0xf0,0xf0,0x0b,0x2f,0x0e,0x01,0xf0,0xf0,0xf0,0xf0,0xc0,0xf0,0xf0,0xf0,0xf0,0xf0,
    0xf0,0x0b,0x2f,0x0e,0x01,0xf0,0xf0,0xf0,0xf0,0xc0,0xf0,0xf0,0xf0,0xf0,0xf0,0xf0,0xf0,0xf0,0xf0,0xf0,0xf0,0x60,0xf0,0xf0,
    0xf0,0xf0,0xf0,0xf0,0xf0,0xf0,0xf0,0xf0,0xf0,0x60,0xf0,0xf0,0xf0,0xf0,0xf0,0xf0,0xf0,0xf0,0xf0,0xf0,0xf0,0x60,0xf0,0xf0,
    0xf0,0xf0,0xf0,0xf0,0xf0,0xf0,0xf0,0xf0,0xf0,0x60,0xf0,0xf0,0xf0,0xf0,0xf0,0xf0,0xf0,0xf0,0xf0,0xf0,0xf0,0x60,0x50,0x02,
    0x04,0x05,0x04,0x01,0xf0,0xf0,0x70,0x02,0x09,0x06,0xf0,0xf0,0xf0,0xf0,0xf0,0xf0,0xf0,0xf0,0x00,0x30,0x03,0x0a,0x0e,0x2f,
    0x0e,0x0a,0x02,0xf0,0xf0,0x50,0x0a,0x1f,0x03,0xf0,0xf0,0xf0,0xf0,0xf0,0xf0,0xf0,0xf0,0x20,0x05,0x2f,0x0e,0x0d,0x0e,0x1f,
    0x0e,0x04,0xf0,0xd0,0x05,0x0c,0x0b,0x01,0x20,0x06,0x0e,0x0c,0x02,0xf0,0xf0,0xf0,0xf0,0xf0,0xf0,0xf0,0xf0,0x10,0x03,0x1f,
    0x0d,0x05,0x21,0x06,0x0e,0x0f,0x0e,0x01,0xf0,0xc0,0x06,0x0f,0x0e,0x01,0x30,0x02,0xf0,0xf0,0xf0,0xf0,0xf0,0xf0,0xf0,0xf0,
    0x10,0x10,0x0c,0x0f,0x0d,0x02,0x40,0x03,0x0e,0x0f,0x08,0x60,0x01,0x70,0x11,0x20,0x11,0x40,0x01,0x06,0x0f,0x0e,0x02,0x01,
    0x20,0x11,0x20,0x21,0x20,0x01,0x60,0x11,0x40,0x21,0x60,0x01,0xf0,0x10,0x01,0x70,0x11,0x20,0x11,0xa0,0x11,0x60,0x21,0x50,
    0x01,0x70,0x11,0x40,0x21,0x20,0x11,0x00,0x01,0x14,0x20,0x00,0x03,0x1f,0x06,0x60,0x09,0x0f,0x0c,0x30,0x02,0x09,0x0c,0x0e,
    0x0d,0x0a,0x04,0x30,0x02,0x1e,0x02,0x03,0x0b,0x0e,0x0d,0x0a,0x03,0x10,0x02,0x0e,0x2f,0x1e,0x06,0x00,0x06,0x0e,0x0d,0x01,
    0x10,0x0a,0x0e,0x07,0x01,0x09,0x0d,0x0e,0x0c,0x06,0x30,0x06,0x0e,0x0c,0x01,0x30,0x0a,0x0e,0x09,0x30,0x02,0x09,0x0d,0x0e,
    0x0d,0x09,0x03,0xb0,0x02,0x09,0x0c,0x0e,0x0d,0x0a,0x04,0x30,0x02,0x1e,0x02,0x03,0x0b,0x0e,0x0d,0x0a,0x03,0x70,0x01,0x0d,
    0x0e,0x08,0x40,0x03,0x1e,0x04,0x20,0x04,0x0a,0x0d,0x0e,0x0c,0x08,0x02,0x30,0x06,0x0e,0x0c,0x01,0x30,0x0a,0x0e,0x09,0x10,
    0x06,0x0e,0x0b,0x03,0x0d,0x1f,0x01,0x10,0x00,0x07,0x0f,0x0e,0x01,0x60,0x01,0x12,0x20,0x04,0x0e,0x1f,0x0e,0x2f,0x07,0x20,
    0x02,0x1f,0x07,0x4f,0x0e,0x03,0x00,0x02,0x0d,0x0e,0x1f,0x0d,0x0e,0x05,0x00,0x06,0x0f,0x0e,0x01,0x10,0x0b,0x0f,0x08,0x0c,
    0x4f,0x06,0x20,0x06,0x0f,0x0e,0x01,0x30,0x0b,0x0f,0x0a,0x20,0x04,0x0e,0x1f,0x0e,0x2f,0x05,0x90,0x04,0x0e,0x1f,0x0e,0x2f,
    0x07,0x20,0x02,0x1f,0x07,0x4f,0x0e,0x02,0x70,0x09,0x0f,0x0d,0x40,0x08,0x0f,0x0d,0x01,0x10,0x08,0x2f,0x0e,0x1f,0x0e,0x03,
    0x20,0x06,0x0f,0x0e,0x01,0x30,0x0b,0x0f,0x0a,0x10,0x06,0x0f,0x1d,0x0f,0x0d,0x0c,0x01,0x10,0x00,0x0a,0x0f,0x0b,0xc0,0x01,
    0x0e,0x0f,0x0c,0x04,0x01,0x03,0x0a,0x1f,0x04,0x10,0x02,0x2f,0x08,0x12,0x07,0x1f,0x0a,0x20,0x06,0x0f,0x0e,0x11,0x10,0x06,
    0x0f,0x0d,0x01,0x10,0x0b,0x0f,0x0e,0x0b,0x03,0x02,0x05,0x0d,0x0f,0x0e,0x01,0x10,0x06,0x0f,0x0d,0x01,0x30,0x0a,0x0f,0x0a,
    0x10,0x01,0x0e,0x0f,0x0a,0x03,0x01,0x02,0x0a,0x0f,0x0e,0x02,0x70,0x01,0x0e,0x0f,0x0c,0x04,0x01,0x03,0x0a,0x1f,0x04,0x10,
    0x02,0x2f,0x08,0x12,0x07,0x1f,0x0a,0x70,0x04,0x1f,0x04,0x20,0x01,0x0d,0x0f,0x08,0x10,0x05,0x1f,0x09,0x02,0x01,0x04,0x0d,
    0x0f,0x0d,0x01,0x10,0x06,0x0f,0x0d,0x01,0x30,0x0a,0x0f,0x0a,0x10,0x06,0x1f,0x0c,0x03,0x40,0x00,0x0b,0x0f,0x0a,0xc0,0x07,
    0x0f,0x0e,0x02,0x30,0x0b,0x0f,0x0b,0x10,0x02,0x0e,0x0f,0x0a,0x30,0x0a,0x0f,0x0d,0x20,0x05,0x0f,0x0e,0x01,0x20,0x06,0x0f,
    0x0d,0x01,0x10,0x0b,0x0f,0x0d,0x01,0x20,0x05,0x1f,0x04,0x10,0x06,0x0f,0x0d,0x01,0x30,0x0a,0x0f,0x0a,0x10,0x07,0x0f,0x0c,
    0x40,0x0c,0x0f,0x08,0x70,0x07,0x0f,0x0e,0x02,0x30,0x0b,0x0f,0x0b,0x10,0x02,0x0e,0x0f,0x0a,0x30,0x0a,0x0f,0x0d,0x80,0x0c,
    0x0f,0x09,0x20,0x04,0x1f,0x03,0x10,0x0c,0x0f,0x0b,0x30,0x03,0x0e,0x0f,0x07,0x10,0x06,0x0f,0x0d,0x01,0x30,0x0a,0x0f,0x0a,
    0x10,0x06,0x1f,0x03,0x50,0x00,0x0b,0x0f,0x0a,0xc0,0x0b,0x0f,0x0a,0x40,0x05,0x0f,0x0e,0x02,0x00,0x02,0x0e,0x0f,0x05,0x30,
    0x06,0x0f,0x0d,0x01,0x10,0x06,0x0f,0x0e,0x01,0x20,0x06,0x0f,0x0d,0x01,0x10,0x0b,0x0f,0x0a,0x30,0x02,0x0e,0x0f,0x05,0x10,
    0x06,0x0f,0x0d,0x01,0x30,0x0a,0x0f,0x0a,0x10,0x0b,0x0f,0x08,0x41,0x08,0x0f,0x0b,0x70,0x0b,0x0f,0x0a,0x40,0x05,0x0f,0x0e,
    0x02,0x00,0x02,0x0e,0x0f,0x05,0x30,0x06,0x0f,0x0d,0x01,0x70,0x07,0x0f,0x0d,0x01,0x10,0x09,0x0f,0x0b,0x10,0x02,0x1f,0x05,
    0x40,0x0a,0x0f,0x0b,0x10,0x06,0x0f,0x0d,0x01,0x30,0x0a,0x0f,0x0a,0x10,0x06,0x0f,0x0d,0x01,0x50,0x00,0x0a,0x0f,0x0b,0xc0,
    0x0d,0x0f,0x07,0x40,0x03,0x1f,0x04,0x00,0x02,0x0e,0x0f,0x04,0x30,0x06,0x0f,0x0e,0x01,0x10,0x05,0x0f,0x0e,0x01,0x20,0x06,
    0x0f,0x0d,0x01,0x10,0x0b,0x0f,0x09,0x30,0x02,0x0e,0x0f,0x05,0x10,0x06,0x0f,0x0d,0x01,0x30,0x0a,0x0f,0x0a,0x00,0x01,0x0d,
    0x8f,0x0d,0x70,0x0d,0x0f,0x07,0x40,0x03,0x1f,0x04,0x00,0x02,0x0e,0x0f,0x04,0x30,0x06,0x0f,0x0e,0x01,0x70,0x02,0x0e,0x0f,
    0x04,0x00,0x01,0x0e,0x0f,0x06,0x10,0x04,0x1f,0x03,0x40,0x08,0x0f,0x0c,0x10,0x06,0x0f,0x0d,0x01,0x30,0x0a,0x0f,0x0a,0x10,
    0x06,0x0f,0x0d,0x01,0x50,0x00,0x07,0x0f,0x0e,0x01,0x60,0x01,0x03,0x02,0x00,0x01,0x0d,0x0f,0x07,0x40,0x03,0x1f,0x04,0x00,
    0x02,0x0e,0x0f,0x04,0x30,0x06,0x0f,0x0e,0x01,0x10,0x05,0x0f,0x0e,0x01,0x20,0x06,0x0f,0x0d,0x01,0x10,0x0b,0x0f,0x09,0x30,
    0x02,0x0e,0x0f,0x05,0x10,0x06,0x0f,0x0d,0x01,0x30,0x0a,0x0f,0x0a,0x00,0x01,0x0d,0x0f,0x0d,0x0b,0x0c,0x4b,0x0a,0x60,0x01,
    0x0d,0x0f,0x07,0x40,0x03,0x1f,0x04,0x00,0x02,0x0e,0x0f,0x04,0x30,0x06,0x0f,0x0e,0x01,0x80,0x0b,0x0f,0x09,0x00,0x05,0x0f,
    0x0e,0x01,0x10,0x04,0x1f,0x02,0x40,0x07,0x0f,0x0d,0x01,0x00,0x06,0x0f,0x0d,0x01,0x30,0x0a,0x0f,0x0a,0x10,0x06,0x0f,0x0d,
    0x01,0x50,0x00,0x03,0x1f,0x06,0x60,0x09,0x0f,0x0c,0x10,0x0c,0x0f,0x08,0x40,0x04,0x1f,0x03,0x00,0x02,0x0e,0x0f,0x04,0x30,
    0x06,0x0f,0x0e,0x01,0x10,0x05,0x0f,0x0e,0x01,0x20,0x06,0x0f,0x0d,0x01,0x10,0x0b,0x0f,0x09,0x30,0x02,0x0e,0x0f,0x05,0x10,
    0x06,0x0f,0x0e,0x01,0x30,0x0b,0x0f,0x0a,0x10,0x0c,0x0f,0x07,0xf0,0x0c,0x0f,0x08,0x40,0x04,0x1f,0x03,0x00,0x02,0x0e,0x0f,
    0x04,0x30,0x06,0x0f,0x0e,0x01,0x80,0x05,0x0f,0x0d,0x00,0x0a,0x0f,0x09,0x20,0x03,0x1f,0x04,0x40,0x09,0x0f,0x0b,0x10,0x06,
    0x0f,0x0e,0x01,0x30,0x0b,0x0f,0x0a,0x10,0x06,0x0f,0x0d,0x01,0x50,0x10,0x0c,0x0f,0x0d,0x02,0x40,0x03,0x0e,0x0f,0x08,0x10,
    0x09,0x0f,0x0d,0x40,0x09,0x0f,0x0d,0x10,0x02,0x0e,0x0f,0x04,0x30,0x06,0x0f,0x0e,0x01,0x10,0x05,0x0f,0x0e,0x30,0x06,0x0f,
    0x0d,0x01,0x10,0x0b,0x0f,0x09,0x30,0x02,0x0e,0x0f,0x05,0x10,0x05,0x1f,0x04,0x20,0x02,0x0e,0x0f,0x0a,0x10,0x09,0x0f,0x0b,
    0x40,0x03,0x02,0x80,0x09,0x0f,0x0d,0x40,0x09,0x0f,0x0d,0x10,0x02,0x0e,0x0f,0x04,0x30,0x06,0x0f,0x0e,0x01,0x80,0x01,0x0e,
    0x0f,0x04,0x0d,0x0f,0x04,0x20,0x01,0x0d,0x0f,0x08,0x40,0x0d,0x0f,0x08,0x10,0x05,0x1f,0x04,0x20,0x02,0x0e,0x0f,0x0a,0x10,
    0x06,0x0f,0x0d,0x01,0x50,0x10,0x03,0x1f,0x0d,0x05,0x21,0x06,0x0e,0x0f,0x0e,0x01,0x10,0x03,0x1f,0x09,0x01,0x10,0x05,0x0e,
    0x0f,0x07,0x10,0x02,0x0e,0x0f,0x04,0x30,0x06,0x0f,0x0d,0x01,0x10,0x05,0x1f,0x05,0x11,0x00,0x06,0x0f,0x0d,0x01,0x10,0x0b,
    0x0f,0x09,0x30,0x02,0x0e,0x0f,0x05,0x10,0x02,0x1f,0x0c,0x04,0x02,0x04,0x0c,0x0e,0x0f,0x0a,0x10,0x03,0x1f,0x07,0x20,0x03,
    0x0d,0x0f,0x08,0x70,0x03,0x1f,0x09,0x01,0x10,0x05,0x0e,0x0f,0x07,0x10,0x02,0x0e,0x0f,0x04,0x30,0x06,0x0f,0x0d,0x01,0x90,
    0x09,0x0f,0x0b,0x0f,0x0d,0x40,0x08,0x0f,0x0e,0x05,0x10,0x01,0x09,0x1f,0x03,0x10,0x02,0x1f,0x0c,0x04,0x02,0x04,0x0c,0x0e,
    0x0f,0x0a,0x10,0x06,0x0f,0x0d,0x01,0x50,0x20,0x05,0x2f,0x0e,0x0d,0x0e,0x1f,0x0e,0x04,0x30,0x08,0x1f,0x0d,0x0a,0x0c,0x1f,
    0x0b,0x20,0x02,0x1f,0x04,0x30,0x06,0x0f,0x0e,0x01,0x10,0x01,0x0d,0x2f,0x07,0x00,0x06,0x0f,0x0e,0x01,0x10,0x0b,0x0f,0x09,
    0x30,0x02,0x0e,0x0f,0x05,0x20,0x08,0x4f,0x0b,0x09,0x0f,0x0a,0x20,0x08,0x1f,0x0c,0x1a,0x1f,0x0e,0x02,0x80,0x08,0x1f,0x0d,
    0x0a,0x0c,0x1f,0x0b,0x20,0x02,0x1f,0x04,0x30,0x06,0x0f,0x0e,0x01,0x90,0x04,0x2f,0x08,0x40,0x01,0x0c,0x1f,0x0b,0x0a,0x0d,
    0x1f,0x07,0x30,0x08,0x4f,0x0b,0x09,0x0f,0x0a,0x10,0x06,0x0f,0x0e,0x01,0x50,0x30,0x03,0x0a,0x0e,0x2f,0x0e,0x09,0x02,0x50,
    0x06,0x0d,0x2f,0x0e,0x09,0x01,0x20,0x02,0x0d,0x0e,0x04,0x30,0x05,0x0e,0x0d,0x01,0x20,0x03,0x0a,0x0d,0x0e,0x08,0x00,0x06,
    0x0e,0x0c,0x01,0x10,0x0a,0x0e,0x09,0x30,0x01,0x0d,0x0e,0x04,0x30,0x06,0x0c,0x0e,0x0d,0x08,0x00,0x08,0x0e,0x09,0x30,0x06,
    0x0d,0x3f,0x0b,0x02,0xa0,0x06,0x0d,0x2f,0x0e,0x09,0x01,0x20,0x02,0x0d,0x0e,0x04,0x30,0x05,0x0e,0x0d,0x01,0xa0,0x0c,0x1f,
    0x02,0x50,0x01,0x09,0x0e,0x2f,0x0d,0x06,0x50,0x06,0x0c,0x0e,0x0d,0x08,0x00,0x08,0x0e,0x09,0x10,0x06,0x0e,0x0c,0x01,0x50,
    0x50,0x02,0x04,0x05,0x04,0x01,0x80,0x01,0x03,0x05,0x04,0x01,0x50,0x11,0x50,0x11,0x50,0x11,0x20,0x11,0x20,0x21,0x40,0x11,
    0x60,0x01,0x20,0x21,0x50,0x03,0x05,0x04,0x02,0xd0,0x01,0x03,0x05,0x04,0x01,0x50,0x11,0x50,0x11,0xb0,0x0a,0x0f,0x0b,0x80,
    0x02,0x04,0x05,0x03,0x90,0x01,0x20,0x21,0x20,0x11,0x60,0xf0,0xf0,0xf0,0xf0,0xf0,0xf0,0xf0,0xf0,0x80,0x01,0x0e,0x0f,0x05,
    0xf0,0xf0,0x90,0xf0,0xf0,0xf0,0xf0,0xf0,0xf0,0xf0,0xf0,0x60,0x05,0x06,0x0b,0x0f,0x0d,0x01,0xf0,0xf0,0x90,0xf0,0xf0,0xf0,
    0xf0,0xf0,0xf0,0xf0,0xf0,0x50,0x01,0x2f,0x0e,0x04,0xf0,0xf0,0xa0,0xf0,0xf0,0xf0,0xf0,0xf0,0xf0,0xf0,0xf0,0x50,0x02,0x09,
    0x0a,0x08,0x03,0xf0,0xf0,0xb0,0xf0,0xf0,0xf0,0xf0,0xf0,0xf0,0xc0,0xf0,0xf0,0xf0,0xf0,0xf0,0xf0,0xc0,0xf0,0xf0,0xf0,0xf0,
    0xf0,0xf0,0xc0,0xf0,0xf0,0xf0,0xf0,0xf0,0xf0,0xc0,0xf0,0xf0,0xf0,0xf0,0xf0,0xf0,0xc0,0xf0,0xf0,0xf0,0xf0,0xf0,0xf0,0xc0,
    0xf0,0xf0,0xf0,0xf0,0xf0,0xf0,0xc0,0xf0,0xf0,0xf0,0xf0,0x90,0x08,0x0d,0x08,0xf0,0xf0,0xf0,0xf0,0xf0,0xf0,0x90,0x0b,0x0f,
    0x0a,0xf0,0xf0,0x50,0x11,0xa0,0x01,0x70,0x11,0x10,0x03,0x05,0x02,0x20,0x01,0x04,0x05,0x02,0x40,0x21,0x20,0x01,0x60,0x11,
    0x40,0x21,0x00,0x11,0x0a,0x0f,0x0a,0x11,0x50,0x11,0x60,0x21,0x00,0x02,0x05,0x02,0x70,0x20,0x02,0x09,0x0c,0x0e,0x0d,0x0a,
    0x04,0x50,0x04,0x0a,0x0d,0x0e,0x0c,0x08,0x02,0x30,0x06,0x0e,0x0b,0x02,0x0c,0x1f,0x0e,0x05,0x00,0x06,0x0e,0x1f,0x0e,0x08,
    0x30,0x0a,0x0e,0x07,0x01,0x09,0x0d,0x0e,0x0b,0x06,0x30,0x06,0x0e,0x0c,0x01,0x30,0x0a,0x0e,0x09,0x00,0x07,0x0e,0x2f,0x1e,
    0x02,0x20,0x05,0x0a,0x0d,0x0e,0x0c,0x08,0x01,0x30,0x0a,0x0e,0x07,0x06,0x0e,0x0f,0x0b,0x70,0x10,0x04,0x0e,0x1f,0x0e,0x2f,
    0x07,0x30,0x08,0x2f,0x0e,0x1f,0x0e,0x03,0x20,0x06,0x0f,0x1c,0x0e,0x0b,0x0e,0x0f,0x0e,0x06,0x0f,0x0d,0x0b,0x0e,0x1f,0x06,
    0x20,0x0b,0x0f,0x09,0x0b,0x0f,0x0e,0x2f,0x09,0x20,0x06,0x0f,0x0e,0x01,0x30,0x0b,0x0f,0x0a,0x00,0x06,0x1e,0x0f,0x0e,0x1d,
    0x01,0x10,0x08,0x2f,0x0e,0x1f,0x0d,0x02,0x20,0x0b,0x0f,0x0b,0x0f,0x0e,0x0d,0x09,0x70,0x00,0x01,0x0e,0x0f,0x0c,0x04,0x01,
    0x03,0x0a,0x1f,0x04,0x10,0x05,0x1f,0x09,0x02,0x01,0x04,0x0d,0x0f,0x0d,0x01,0x10,0x06,0x1f,0x0a,0x01,0x00,0x02,0x0d,0x1f,
    0x09,0x10,0x02,0x0d,0x0f,0x0c,0x20,0x0b,0x1f,0x0d,0x04,0x01,0x03,0x0a,0x1f,0x06,0x10,0x06,0x0f,0x0d,0x01,0x30,0x0a,0x0f,
    0x0a,0x00,0x11,0x0a,0x0f,0x0a,0x00,0x01,0x10,0x05,0x1f,0x07,0x02,0x01,0x04,0x0d,0x0f,0x0b,0x20,0x0b,0x1f,0x09,0x01,0x90,
    0x00,0x07,0x0f,0x0e,0x02,0x30,0x0b,0x0c,0x05,0x10,0x0c,0x0f,0x0b,0x30,0x03,0x0e,0x0f,0x07,0x10,0x06,0x0f,0x0e,0x02,0x20,
    0x07,0x0f,0x0e,0x01,0x20,0x07,0x0f,0x0d,0x01,0x10,0x0b,0x1f,0x03,0x30,0x0c,0x0f,0x0c,0x10,0x06,0x0f,0x0d,0x01,0x30,0x0a,
    0x0f,0x0a,0x20,0x0a,0x0f,0x0a,0x30,0x0c,0x0f,0x08,0x30,0x03,0x1f,0x03,0x10,0x0b,0x0f,0x0c,0xb0,0x00,0x0b,0x0f,0x0a,0x80,
    0x02,0x1f,0x05,0x40,0x0a,0x0f,0x0b,0x10,0x06,0x0f,0x0d,0x01,0x20,0x06,0x0f,0x0d,0x01,0x20,0x06,0x0f,0x0d,0x01,0x10,0x0b,
    0x0f,0x0b,0x40,0x06,0x0f,0x0e,0x02,0x00,0x06,0x0f,0x0d,0x01,0x30,0x0a,0x0f,0x0a,0x20,0x0a,0x0f,0x0a,0x20,0x02,0x1f,0x03,
    0x41,0x0c,0x0f,0x07,0x10,0x0b,0x0f,0x09,0xb0,0x01,0x0d,0x0f,0x07,0x80,0x04,0x1f,0x03,0x40,0x08,0x0f,0x0c,0x10,0x06,0x0f,
    0x0d,0x01,0x20,0x06,0x0f,0x0d,0x01,0x20,0x06,0x0f,0x0d,0x01,0x10,0x0b,0x0f,0x09,0x40,0x04,0x1f,0x04,0x00,0x06,0x0f,0x0d,
    0x01,0x30,0x0a,0x0f,0x0a,0x20,0x0a,0x0f,0x0a,0x20,0x04,0x9f,0x09,0x10,0x0b,0x0f,0x09,0xb0,0x01,0x0d,0x0f,0x07,0x80,0x04,
    0x1f,0x02,0x40,0x07,0x0f,0x0d,0x01,0x00,0x06,0x0f,0x0d,0x01,0x20,0x06,0x0f,0x0d,0x01,0x20,0x06,0x0f,0x0d,0x01,0x10,0x0b,
    0x0f,0x09,0x40,0x03,0x1f,0x04,0x00,0x06,0x0f,0x0d,0x01,0x30,0x0a,0x0f,0x0a,0x20,0x0a,0x0f,0x0a,0x20,0x04,0x1f,0x0c,0x6b,
    0x07,0x10,0x0b,0x0f,0x09,0xb0,0x00,0x0c,0x0f,0x08,0x80,0x03,0x1f,0x04,0x40,0x09,0x0f,0x0b,0x10,0x06,0x0f,0x0d,0x01,0x20,
    0x06,0x0f,0x0d,0x01,0x20,0x06,0x0f,0x0d,0x01,0x10,0x0b,0x0f,0x0a,0x40,0x05,0x1f,0x03,0x00,0x06,0x0f,0x0e,0x01,0x30,0x0b,
    0x0f,0x0a,0x20,0x0a,0x0f,0x0a,0x20,0x03,0x1f,0x02,0x90,0x0b,0x0f,0x09,0xb0,0x00,0x09,0x0f,0x0d,0x40,0x08,0x09,0x04,0x00,
    0x01,0x0d,0x0f,0x08,0x40,0x0d,0x0f,0x08,0x10,0x06,0x0f,0x0d,0x01,0x20,0x06,0x0f,0x0d,0x01,0x20,0x06,0x0f,0x0d,0x01,0x10,
    0x0b,0x0f,0x0e,0x01,0x30,0x0a,0x0f,0x0d,0x01,0x00,0x05,0x1f,0x04,0x20,0x02,0x0e,0x0f,0x0a,0x20,0x0a,0x0f,0x0a,0x20,0x01,
    0x0d,0x0f,0x07,0x40,0x04,0x01,0x20,0x0b,0x0f,0x09,0x40,0x12,0x40,0x00,0x03,0x1f,0x09,0x01,0x10,0x05,0x1f,0x07,0x10,0x08,
    0x0f,0x0e,0x05,0x10,0x01,0x09,0x1f,0x03,0x10,0x06,0x0f,0x0d,0x01,0x20,0x06,0x0f,0x0d,0x01,0x20,0x06,0x0f,0x0d,0x01,0x10,
    0x0b,0x1f,0x0a,0x01,0x10,0x06,0x1f,0x08,0x10,0x02,0x1f,0x0c,0x04,0x02,0x04,0x0c,0x0e,0x0f,0x0a,0x20,0x0a,0x0f,0x0c,0x02,
    0x01,0x10,0x08,0x0f,0x0e,0x04,0x20,0x06,0x1f,0x03,0x10,0x0b,0x0f,0x09,0x30,0x04,0x1e,0x04,0x30,0x10,0x08,0x1f,0x0d,0x0a,
    0x0c,0x1f,0x0b,0x20,0x01,0x0c,0x1f,0x0b,0x0a,0x0d,0x1f,0x07,0x20,0x06,0x0f,0x0e,0x01,0x20,0x06,0x0f,0x0d,0x01,0x20,0x06,
    0x0f,0x0d,0x01,0x10,0x0b,0x0f,0x0b,0x1e,0x0a,0x0c,0x1f,0x0d,0x01,0x20,0x08,0x4f,0x0b,0x09,0x0f,0x0a,0x20,0x04,0x2f,0x0e,
    0x03,0x00,0x01,0x0c,0x1f,0x0b,0x0a,0x0c,0x1f,0x0a,0x20,0x0b,0x0f,0x09,0x30,0x09,0x1f,0x09,0x30,0x20,0x06,0x0d,0x2f,0x0e,
    0x09,0x01,0x30,0x01,0x09,0x0e,0x2f,0x0d,0x06,0x30,0x06,0x0e,0x0c,0x01,0x20,0x05,0x0e,0x0c,0x30,0x06,0x0e,0x0c,0x01,0x10,
    0x0b,0x0f,0x08,0x03,0x0e,0x2f,0x0b,0x02,0x40,0x06,0x0c,0x0e,0x0d,0x08,0x00,0x08,0x0e,0x09,0x30,0x06,0x0c,0x1e,0x04,0x10,
    0x01,0x09,0x0e,0x2f,0x0e,0x08,0x30,0x0a,0x0e,0x09,0x30,0x03,0x1d,0x03,0x30,0x30,0x01,0x03,0x05,0x04,0x01,0x70,0x02,0x04,
    0x05,0x03,0x60,0x11,0x40,0x11,0x40,0x11,0x20,0x0b,0x0f,0x09,0x00,0x01,0x04,0x05,0x03,0x80,0x01,0x20,0x21,0x50,0x11,0x40,
    0x01,0x04,0x05,0x04,0x01,0x40,0x21,0xb0,0xf0,0xf0,0xe0,0x0b,0x0f,0x09,0xf0,0xf0,0xf0,0xa0,0xf0,0xf0,0xe0,0x0b,0x0f,0x09,
    0xf0,0xf0,0xf0,0xa0,0xf0,0xf0,0xe0,0x0b,0x0f,0x0a,0xf0,0xf0,0xf0,0xa0,0xf0,0xf0,0xe0,0x07,0x0a,0x06,0xf0,0xf0,0xf0,0xa0,
    0xf0,0xf0,0xf0,0xf0,0xf0,0xf0,0xf0,0xf0,0xf0,0xf0,0xf0,0xf0,0xf0,0xf0,0xf0,0xf0,0xf0,0xf0,0xf0,0xf0,0xf0,0xf0,0xf0,0xf0,
    0xf0,0xf0,0xf0,0xf0,0xf0,0xf0,0xf0,0xf0,0xf0,0xf0,0xf0,0xf0,0xf0,0xf0,0xf0,0xf0,0xf0,0xf0,0xf0,0xf0,0xf0,0xf0,0xf0,0xf0,
    0xf0,0xf0,0xf0,0xf0,0xf0,0xf0,0xf0,0xf0,0xf0,0xf0,0xf0,0xf0,0xf0,0xf0,0xf0,0xf0,0xf0,0xf0,0xf0,0xf0,0xf0,0xf0,0xf0,0xf0,
    0xf0,0xf0,0xf0,0xf0,0xf0,0xf0,0xf0,0xf0,0xf0,0xf0,0xf0,0xf0,0xf0,0xf0,0xf0,0xf0,0xf0,0xf0,0xf0,0xf0,0xf0,0xf0,0xf0,0xf0,
    0xf0,0xf0,0xf0,0x90,0x04,0x07,0x09,0x0a,0x09,0x08,0x06,0x02,0xf0,0xf0,0xf0,0xf0,0xf0,0xe0,0x01,0x35,0x02,0x30,0x03,0x35,
    0xf0,0xf0,0x60,0x04,0x25,0x04,0x30,0x60,0x01,0x07,0x0d,0x7f,0x0b,0x05,0xf0,0xf0,0xf0,0xf0,0xf0,0xc0,0x04,0x3f,0x05,0x30,
    0x09,0x3f,0x01,0xf0,0xf0,0x50,0x0d,0x2f,0x0b,0x30,0x50,0x04,0x0d,0xbf,0x0a,0x01,0xf0,0xf0,0xf0,0xf0,0xf0,0xa0,0x04,0x3f,
    0x05,0x30,0x09,0x0f,0x0e,0x0f,0x0e,0x01,0xf0,0xf0,0x50,0x0c,0x0f,0x0e,0x0f,0x0a,0x30,0x40,0x06,0xef,0x0d,0x02,0xf0,0xf0,
    0xf0,0xf0,0xf0,0x90,0x04,0x3f,0x05,0x30,0x09,0x2f,0x0e,0x01,0xf0,0xf0,0x50,0x0c,0x2f,0x0b,0x30,0x30,0x04,0x5f,0x0d,0x0a,
    0x19,0x0b,0x0e,0x4f,0x0c,0xf0,0xf0,0xf0,0xf0,0xf0,0x90,0x04,0x3f,0x05,0x30,0x09,0x2f,0x0e,0x01,0xf0,0xf0,0x50,0x0c,0x2f,
    0x0b,0x30,0x20,0x01,0x0e,0x3f,0x0e,0x06,0x01,0x30,0x02,0x08,0x4f,0x07,0xf0,0xf0,0xf0,0xf0,0xf0,0x80,0x04,0x3f,0x05,0x30,
    0x09,0x2f,0x0e,0x01,0xf0,0xf0,0x50,0x0c,0x2f,0x0b,0x30,0x20,0x08,0x3f,0x0d,0x03,0x70,0x06,0x3f,0x0e,0x01,0xa0,0x11,0xf0,
    0x40,0x11,0xf0,0x10,0x11,0xf0,0x20,0x11,0xa0,0x04,0x3f,0x05,0x30,0x09,0x2f,0x0e,0x01,0xa0,0x11,0xf0,0x10,0x11,0x40,0x0c,
    0x2f,0x0b,0x30,0x10,0x01,0x0e,0x3f,0x04,0x90,0x09,0x3f,0x05,0x60,0x03,0x07,0x0b,0x0d,0x1e,0x0d,0x0a,0x06,0x01,0x60,0x03,
    0x3a,0x01,0x00,0x01,0x07,0x0b,0x1e,0x0c,0x09,0x04,0xb0,0x04,0x09,0x0c,0x1e,0x0d,0x0b,0x07,0x02,0xb0,0x05,0x0a,0x0c,0x1e,
    0x0d,0x0a,0x06,0x01,0x60,0x04,0x3f,0x05,0x30,0x09,0x2f,0x0e,0x01,0x70,0x05,0x0a,0x0c,0x1e,0x0d,0x0a,0x06,0x01,0xa0,0x01,
    0x07,0x0b,0x0d,0x0e,0x0d,0x0a,0x03,0x10,0x0c,0x2f,0x0b,0x30,0x10,0x06,0x3f,0x0a,0xa0,0x03,0x3f,0x0a,0x40,0x01,0x09,0x8f,
    0x0e,0x06,0x50,0x04,0x3f,0x12,0x0c,0x6f,0x08,0x80,0x03,0x0b,0x7f,0x0e,0x08,0x80,0x03,0x0b,0x7f,0x0d,0x06,0x50,0x04,0x3f,
    0x05,0x30,0x09,0x2f,0x0e,0x01,0x50,0x03,0x0b,0x7f,0x0d,0x06,0x80,0x04,0x0d,0x6f,0x07,0x00,0x0c,0x2f,0x0b,0x30,0x10,0x0a,
    0x3f,0x03,0xb0,0x06,0x07,0x06,0x07,0x05,0x30,0x01,0x0b,0xbf,0x07,0x40,0x04,0x2f,0x0e,0x03,0x0c,0x8f,0x08,0x60,0x04,0x0e,
    0xaf,0x0b,0x60,0x04,0x0e,0xaf,0x08,0x40,0x04,0x3f,0x05,0x30,0x09,0x2f,0x0e,0x01,0x40,0x04,0x0e,0xaf,0x08,0x60,0x05,0x9f,
    0x05,0x0b,0x2f,0x0b,0x30,0x10,0x0d,0x2f,0x0d,0xf0,0x50,0x09,0x0f,0x0e,0x1f,0x0e,0x0a,0x18,0x0c,0x4f,0x02,0x30,0x04,0x2f,
    0x0e,0x0b,0x1f,0x0e,0x0d,0x0e,0x5f,0x02,0x40,0x02,0x0e,0x4f,0x0c,0x0b,0x0d,0x4f,0x09,0x40,0x02,0x0e,0x3f,0x0d,0x0a,0x09,
    0x0b,0x4f,0x05,0x30,0x04,0x3f,0x05,0x30,0x09,0x2f,0x0e,0x01,0x30,0x02,0x0e,0x3f,0x0d,0x0a,0x09,0x0b,0x4f,0x05,0x40,0x02,
    0x0e,0x4f,0x0d,0x0b,0x0d,0x1f,0x1e,0x2f,0x0b,0x30,0x00,0x01,0x0e,0x2f,0x0b,0xf0,0x40,0x03,0x3f,0x0c,0x02,0x30,0x07,0x3f,
    0x08,0x30,0x04,0x4f,0x0e,0x06,0x21,0x06,0x0e,0x3f,0x08,0x40,0x0b,0x3f,0x0b,0x02,0x20,0x05,0x0e,0x3f,0x03,0x30,0x0b,0x3f,
    0x06,0x30,0x04,0x0d,0x2f,0x0e,0x01,0x20,0x04,0x3f,0x05,0x30,0x09,0x2f,0x0e,0x01,0x30,0x0b,0x3f,0x06,0x30,0x04,0x0d,0x2f,
    0x0e,0x01,0x30,0x09,0x3f,0x0e,0x05,0x01,0x10,0x04,0x0c,0x4f,0x0b,0x30,0x00,0x03,0x3f,0x09,0xf0,0x40,0x02,0x05,0x08,0x0b,
    0x0d,0x02,0x50,0x0c,0x2f,0x0c,0x30,0x04,0x4f,0x04,0x40,0x05,0x3f,0x0b,0x30,0x03,0x3f,0x0c,0x50,0x04,0x3f,0x09,0x20,0x03,
    0x3f,0x06,0x50,0x03,0x3f,0x06,0x20,0x04,0x3f,0x05,0x30,0x09,0x2f,0x0e,0x01,0x20,0x03,0x3f,0x06,0x50,0x03,0x3f,0x06,0x20,
    0x01,0x0e,0x3f,0x03,0x40,0x02,0x0d,0x3f,0x0b,0x30,0x00,0x03,0x3f,0x08,0xf0,0xf0,0x00,0x0a,0x2f,0x0d,0x30,0x04,0x3f,0x0a,
    0x60,0x0d,0x2f,0x0c,0x30,0x09,0x3f,0x04,0x60,0x0a,0x0d,0x0a,0x07,0x03,0x20,0x09,0x2f,0x0d,0x70,0x0b,0x2f,0x0b,0x20,0x04,
    0x3f,0x05,0x30,0x09,0x2f,0x0e,0x01,0x20,0x09,0x2f,0x0d,0x70,0x0b,0x2f,0x0b,0x20,0x05,0x3f,0x09,0x60,0x07,0x3f,0x0b,0x30,
    0x00,0x03,0x3f,0x08,0xf0,0xe0,0x01,0x04,0x0d,0x2f,0x0d,0x30,0x04,0x3f,0x06,0x60,0x0a,0x2f,0x0d,0x01,0x20,0x0c,0x2f,0x0d,
    0x70,0x01,0x60,0x0c,0x2f,0x08,0x70,0x06,0x2f,0x0d,0x20,0x04,0x3f,0x05,0x30,0x09,0x2f,0x0e,0x01,0x20,0x0c,0x2f,0x08,0x70,
    0x06,0x2f,0x0d,0x20,0x08,0x3f,0x04,0x60,0x02,0x3f,0x0b,0x30,0x00,0x02,0x3f,0x09,0xf0,0x80,0x01,0x04,0x06,0x09,0x0a,0x0b,
    0x0d,0x4f,0x0d,0x30,0x04,0x3f,0x05,0x60,0x0a,0x2f,0x0d,0x01,0x10,0x01,0x0e,0x2f,0x0a,0xe0,0x01,0x0e,0x2f,0x0d,0x7b,0x0d,
    0x2f,0x0e,0x02,0x10,0x04,0x3f,0x05,0x30,0x09,0x2f,0x0e,0x01,0x10,0x01,0x0e,0x2f,0x0d,0x7b,0x0d,0x2f,0x0e,0x02,0x10,0x0a,
    0x2f,0x0e,0x01,0x70,0x0d,0x2f,0x0b,0x30,0x00,0x01,0x0e,0x2f,0x0b,0xf0,0x60,0x03,0x0a,0x0e,0xaf,0x0d,0x30,0x04,0x3f,0x05,
    0x60,0x0a,0x2f,0x0d,0x01,0x10,0x02,0x3f,0x09,0xe0,0x02,0x0e,0xff,0x0e,0x02,0x10,0x04,0x3f,0x05,0x30,0x09,0x2f,0x0e,0x01,
    0x10,0x02,0x0e,0xff,0x0e,0x02,0x10,0x0b,0x2f,0x0d,0x01,0x70,0x0b,0x2f,0x0b,0x30,0x10,0x0c,0x2f,0x0e,0x01,0xf0,0x40,0x06,
    0x8f,0x0c,0x0d,0x2f,0x0d,0x30,0x04,0x3f,0x05,0x60,0x0a,0x2f,0x0d,0x01,0x10,0x02,0x3f,0x09,0xe0,0x02,0xff,0x1f,0x03,0x10,
    0x04,0x3f,0x05,0x30,0x09,0x2f,0x0e,0x01,0x10,0x02,0xff,0x1f,0x03,0x10,0x0b,0x2f,0x0d,0x80,0x0b,0x2f,0x0b,0x30,0x10,0x09,
    0x3f,0x05,0xa0,0x01,0x0a,0x2b,0x08,0x20,0x04,0x4f,0x0d,0x09,0x07,0x05,0x03,0x00,0x09,0x2f,0x0d,0x30,0x04,0x3f,0x05,0x60,
    0x0a,0x2f,0x0d,0x01,0x10,0x01,0x0e,0x2f,0x0a,0xe0,0x01,0x0e,0x2f,0x0a,0xc5,0x01,0x10,0x04,0x3f,0x05,0x30,0x09,0x2f,0x0e,
    0x01,0x10,0x01,0x0e,0x2f,0x0a,0xc5,0x01,0x10,0x0a,0x2f,0x0e,0x01,0x70,0x0c,0x2f,0x0b,0x30,0x10,0x04,0x3f,0x0b,0xa0,0x04,
    0x3f,0x09,0x20,0x0a,0x3f,0x06,0x50,0x09,0x2f,0x0d,0x30,0x04,0x3f,0x05,0x60,0x0a,0x2f,0x0d,0x01,0x20,0x0d,0x2f,0x0c,0xf0,
    0x0d,0x2f,0x08,0xf0,0x04,0x3f,0x05,0x30,0x09,0x2f,0x0e,0x01,0x20,0x0d,0x2f,0x08,0xf0,0x09,0x3f,0x03,0x60,0x01,0x0e,0x2f,
    0x0b,0x30,0x20,0x0d,0x3f,0x07,0x90,0x0c,0x3f,0x04,0x20,0x0d,0x2f,0x09,0x60,0x0a,0x2f,0x0d,0x30,0x04,0x3f,0x05,0x60,0x0a,
    0x2f,0x0d,0x01,0x20,0x0a,0x3f,0x02,0x60,0x07,0x0b,0x07,0x04,0x01,0x20,0x0a,0x2f,0x0c,0xf0,0x04,0x3f,0x05,0x30,0x09,0x2f,
    0x0e,0x01,0x20,0x0a,0x2f,0x0c,0xf0,0x06,0x3f,0x07,0x60,0x05,0x3f,0x0b,0x30,0x20,0x06,0x4f,0x06,0x60,0x01,0x0a,0x3f,0x0c,
    0x20,0x01,0x0e,0x2f,0x06,0x50,0x01,0x0e,0x2f,0x0d,0x30,0x04,0x3f,0x05,0x60,0x0a,0x2f,0x0d,0x01,0x20,0x05,0x3f,0x09,0x50,
    0x01,0x0e,0x2f,0x0a,0x20,0x06,0x3f,0x05,0x60,0x07,0x0a,0x06,0x04,0x01,0x20,0x04,0x3f,0x05,0x30,0x09,0x2f,0x0e,0x01,0x20,
    0x06,0x3f,0x05,0x60,0x07,0x0a,0x06,0x04,0x01,0x20,0x02,0x3f,0x0d,0x01,0x50,0x0c,0x3f,0x0b,0x30,0x30,0x0b,0x4f,0x0a,0x04,
    0x01,0x10,0x02,0x06,0x0c,0x4f,0x04,0x30,0x0d,0x2f,0x0b,0x50,0x0a,0x3f,0x0d,0x30,0x04,0x3f,0x05,0x60,0x0a,0x2f,0x0d,0x01,
    0x20,0x01,0x0d,0x3f,0x07,0x30,0x01,0x0b,0x3f,0x05,0x20,0x01,0x0d,0x2f,0x0e,0x03,0x40,0x05,0x3f,0x09,0x20,0x04,0x3f,0x05,
    0x30,0x09,0x2f,0x0e,0x01,0x20,0x01,0x0d,0x2f,0x0e,0x03,0x40,0x05,0x3f,0x09,0x30,0x0b,0x3f,0x0b,0x01,0x20,0x01,0x09,0x4f,
    0x0b,0x30,0x30,0x02,0x0d,0x5f,0x0e,0x1d,0x0e,0x5f,0x07,0x40,0x0a,0x3f,0x0a,0x04,0x12,0x05,0x0c,0x4f,0x0d,0x30,0x04,0x3f,
    0x05,0x60,0x0a,0x2f,0x0d,0x01,0x30,0x05,0x4f,0x0b,0x07,0x06,0x08,0x0d,0x3f,0x0c,0x40,0x05,0x4f,0x09,0x05,0x04,0x06,0x0a,
    0x4f,0x03,0x20,0x04,0x3f,0x05,0x30,0x09,0x2f,0x0e,0x01,0x30,0x05,0x4f,0x09,0x05,0x04,0x06,0x0a,0x4f,0x03,0x30,0x04,0x4f,
    0x0d,0x09,0x07,0x08,0x0d,0x1f,0x0e,0x2f,0x0b,0x30,0x40,0x02,0x0d,0xdf,0x08,0x50,0x03,0x9f,0x0e,0x0b,0x2f,0x0d,0x30,0x04,
    0x3f,0x05,0x60,0x0a,0x2f,0x0d,0x01,0x40,0x08,0xbf,0x0e,0x02,0x50,0x08,0xcf,0x07,0x30,0x04,0x3f,0x05,0x30,0x09,0x2f,0x0e,
    0x01,0x40,0x08,0xcf,0x07,0x50,0x08,0x9f,0x08,0x0a,0x2f,0x0b,0x30,0x50,0x01,0x09,0xaf,0x0d,0x05,0x70,0x06,0x8f,0x05,0x06,
    0x2f,0x0d,0x30,0x04,0x3f,0x05,0x60,0x0a,0x2f,0x0d,0x01,0x50,0x07,0x0e,0x8f,0x0c,0x03,0x70,0x07,0x9f,0x0e,0x07,0x40,0x04,
    0x3f,0x05,0x30,0x09,0x2f,0x0e,0x01,0x50,0x07,0x9f,0x0e,0x07,0x70,0x09,0x7f,0x0b,0x00,0x0b,0x2f,0x0b,0x30,0x70,0x03,0x09,
    0x0d,0x4f,0x0e,0x0b,0x06,0x01,0x90,0x04,0x0b,0x0e,0x3f,0x0b,0x04,0x00,0x07,0x2e,0x0c,0x30,0x04,0x3e,0x05,0x60,0x09,0x2e,
    0x0c,0x70,0x02,0x09,0x0d,0x4f,0x0c,0x07,0x01,0x90,0x02,0x09,0x0d,0x4f,0x0d,0x09,0x02,0x50,0x04,0x3e,0x05,0x30,0x08,0x2e,
    0x0d,0x01,0x60,0x02,0x09,0x0d,0x4f,0x0d,0x09,0x02,0x90,0x05,0x0c,0x3f,0x0e,0x08,0x01,0x00,0x0b,0x2e,0x0a,0x30,0xa0,0x02,
    0x04,0x15,0x04,0x02,0xe0,0x02,0x04,0x05,0x04,0x02,0x30,0x31,0x40,0x31,0x70,0x41,0x90,0x01,0x03,0x15,0x04,0x02,0xe0,0x01,
    0x03,0x04,0x05,0x04,0x03,0x90,0x31,0x40,0x41,0x90,0x01,0x03,0x04,0x05,0x04,0x03,0xe0,0x02,0x04,0x05,0x04,0x01,0x20,0x41,
    0x30,0xf0,0xf0,0xf0,0xf0,0xf0,0xf0,0xf0,0xf0,0xf0,0xf0,0xf0,0xf0,0xf0,0xf0,0xf0,0xf0,0xf0,0xf0,0xf0,0xf0,0xf0,0xf0,0xf0,
    0xf0,0xf0,0xf0,0xf0,0xf0,0xf0,0xf0,0xf0,0xf0,0xf0,0xf0,0xf0,0xf0,0xf0,0xf0,0xf0,0xf0,0xf0,0xf0,0xf0,0xf0,0xf0,0xf0,0xf0,
    0xf0,0xf0,0xf0,0xf0,0xf0,0xf0,0xf0,0xf0,0xa0,0xf0,0xf0,0xf0,0xf0,0xf0,0xf0,0xf0,0xf0,0xf0,0xf0,0xf0,0xa0,0xf0,0xf0,0xf0,
    0xf0,0xf0,0xf0,0xf0,0xf0,0xf0,0xf0,0xf0,0xa0,0xf0,0xf0,0xf0,0xf0,0xf0,0xf0,0xf0,0xf0,0xf0,0xf0,0xf0,0xa0,0xf0,0xf0,0xf0,
    0xf0,0xf0,0xf0,0xf0,0xf0,0xf0,0xf0,0xf0,0xa0,0x10,0x61,0xf0,0xf0,0xf0,0xf0,0xf0,0xf0,0xf0,0xf0,0xf0,0xf0,0x40,0x11,0xa0,
    0x00,0x03,0x5e,0x0d,0x0b,0x06,0xf0,0xf0,0xf0,0xf0,0xf0,0xf0,0xf0,0xf0,0xf0,0xf0,0x10,0x01,0x0d,0x0e,0x05,0x90,0x00,0x04,
    0x8f,0x0a,0xf0,0xf0,0xf0,0xf0,0x30,0x08,0x0d,0x08,0xf0,0x50,0x05,0x0c,0x0b,0x01,0xf0,0xf0,0xf0,0xf0,0x01,0x0e,0x0f,0x05,
    0x90,0x00,0x04,0x1f,0x05,0x22,0x04,0x0a,0x1f,0x07,0xf0,0xf0,0xf0,0xf0,0x20,0x0b,0x0f,0x0a,0xf0,0x50,0x06,0x0f,0x0e,0x01,
    0xf0,0xf0,0xf0,0xf0,0x01,0x0e,0x0f,0x05,0x90,0x00,0x04,0x1f,0x03,0x40,0x0c,0x0f,0x0c,0x60,0x01,0xa0,0x11,0x20,0x11,0x20,
    0x11,0x50,0x11,0x60,0x11,0xa0,0x11,0x30,0x11,0x0a,0x0f,0x0a,0x11,0xb0,0x11,0x40,0x01,0x06,0x0f,0x0e,0x02,0x01,0x60,0x01,
    0x70,0x11,0x20,0x11,0x60,0x11,0x20,0x01,0xa0,0x11,0xa0,0x01,0x10,0x01,0x0e,0x0f,0x05,0x90,0x00,0x04,0x1f,0x04,0x40,0x07,
    0x0f,0x0e,0x01,0x20,0x02,0x09,0x0d,0x0e,0x0d,0x09,0x03,0x50,0x04,0x0b,0x0d,0x0e,0x0b,0x13,0x0e,0x0d,0x01,0x00,0x02,0x0d,
    0x0e,0x04,0x30,0x05,0x0e,0x0d,0x01,0x30,0x05,0x0a,0x0d,0x0e,0x0c,0x08,0x01,0x40,0x02,0x09,0x0d,0x1e,0x0b,0x05,0x10,0x07,
    0x0e,0x2f,0x1e,0x02,0x70,0x01,0x07,0x0c,0x1e,0x0c,0x07,0x01,0x00,0x02,0x0e,0x2f,0x1e,0x06,0x20,0x02,0x09,0x0c,0x0e,0x0d,
    0x0a,0x04,0x30,0x02,0x1e,0x13,0x0b,0x0e,0x0d,0x0a,0x04,0x30,0x06,0x0e,0x0c,0x00,0x06,0x0d,0x0e,0x0c,0x08,0x01,0x40,0x01,
    0x07,0x0c,0x1e,0x0b,0x06,0x50,0x02,0x09,0x0d,0x0e,0x0c,0x06,0x01,0x0e,0x0f,0x05,0x90,0x00,0x04,0x1f,0x04,0x40,0x07,0x0f,
    0x0e,0x01,0x10,0x04,0x0e,0x1f,0x0e,0x2f,0x05,0x30,0x06,0x2f,0x0e,0x0f,0x0e,0x08,0x0f,0x0e,0x01,0x00,0x02,0x1f,0x04,0x30,
    0x06,0x0f,0x0e,0x01,0x20,0x08,0x2f,0x0e,0x1f,0x0d,0x02,0x20,0x03,0x0e,0x1f,0x0d,0x0e,0x1f,0x07,0x00,0x06,0x1e,0x0f,0x0e,
    0x1d,0x01,0x60,0x01,0x0b,0x1f,0x0e,0x0d,0x1f,0x0b,0x00,0x02,0x0d,0x0e,0x1f,0x0d,0x0e,0x05,0x10,0x04,0x0e,0x1f,0x0e,0x2f,
    0x07,0x20,0x02,0x1f,0x07,0x1f,0x0e,0x2f,0x05,0x20,0x06,0x0f,0x0c,0x08,0x4f,0x0d,0x02,0x20,0x01,0x0c,0x1f,0x1e,0x1f,0x09,
    0x30,0x02,0x0d,0x4f,0x08,0x0d,0x0f,0x05,0x90,0x00,0x04,0x1f,0x03,0x40,0x0b,0x0f,0x0c,0x10,0x01,0x0e,0x0f,0x0a,0x03,0x01,
    0x02,0x0a,0x0f,0x0e,0x02,0x10,0x02,0x1f,0x0c,0x04,0x01,0x03,0x0b,0x1f,0x0e,0x01,0x00,0x02,0x0e,0x0f,0x04,0x30,0x06,0x0f,
    0x0e,0x01,0x10,0x05,0x1f,0x07,0x02,0x01,0x04,0x0d,0x0f,0x0b,0x20,0x0b,0x0f,0x0c,0x03,0x11,0x08,0x0f,0x0e,0x02,0x00,0x01,
    0x0a,0x0f,0x0a,0x00,0x01,0x70,0x06,0x0f,0x0e,0x05,0x11,0x05,0x0e,0x0f,0x05,0x10,0x06,0x0f,0x0e,0x11,0x10,0x01,0x0e,0x0f,
    0x0c,0x04,0x01,0x03,0x0a,0x1f,0x04,0x10,0x02,0x2f,0x0a,0x03,0x01,0x04,0x0d,0x0f,0x0e,0x02,0x10,0x06,0x0f,0x0e,0x0f,0x07,
    0x12,0x07,0x0e,0x0f,0x0a,0x20,0x0a,0x0f,0x0d,0x05,0x11,0x06,0x1f,0x06,0x20,0x0b,0x0f,0x0e,0x06,0x12,0x08,0x2f,0x05,0x90,
    0x00,0x04,0x1f,0x05,0x22,0x04,0x0a,0x1f,0x07,0x10,0x07,0x0f,0x0c,0x40,0x0c,0x0f,0x08,0x10,0x08,0x0f,0x0e,0x02,0x30,0x0d,
    0x0f,0x0e,0x01,0x00,0x02,0x0e,0x0f,0x04,0x30,0x06,0x0f,0x0e,0x01,0x10,0x0c,0x0f,0x08,0x30,0x03,0x1f,0x03,0x00,0x01,0x0d,
    0x0f,0x07,0x30,0x05,0x03,0x20,0x0a,0x0f,0x0a,0x90,0x09,0x0f,0x0c,0x30,0x14,0x01,0x10,0x05,0x0f,0x0e,0x01,0x20,0x07,0x0f,
    0x0e,0x02,0x30,0x0b,0x0f,0x0b,0x10,0x02,0x0e,0x0f,0x0c,0x30,0x03,0x0e,0x0f,0x07,0x10,0x06,0x1f,0x08,0x30,0x07,0x1f,0x03,
    0x00,0x03,0x1f,0x03,0x30,0x08,0x0f,0x0d,0x10,0x04,0x1f,0x06,0x30,0x09,0x1f,0x05,0x90,0x00,0x04,0x8f,0x0b,0x20,0x0b,0x0f,
    0x08,0x41,0x08,0x0f,0x0b,0x10,0x0c,0x0f,0x0a,0x40,0x08,0x0f,0x0e,0x01,0x00,0x02,0x0e,0x0f,0x04,0x30,0x06,0x0f,0x0e,0x01,
    0x00,0x02,0x1f,0x03,0x41,0x0c,0x0f,0x07,0x10,0x0c,0x0f,0x0d,0x05,0x01,0x60,0x0a,0x0f,0x0a,0x90,0x07,0x0f,0x0e,0x07,0x02,
    0x60,0x06,0x0f,0x0e,0x01,0x20,0x0b,0x0f,0x0a,0x40,0x05,0x0f,0x0e,0x02,0x00,0x02,0x0e,0x0f,0x06,0x40,0x0b,0x0f,0x0b,0x10,
    0x06,0x0f,0x0e,0x02,0x30,0x01,0x0e,0x0f,0x06,0x00,0x07,0x0f,0x0c,0x41,0x04,0x1f,0x03,0x00,0x07,0x0f,0x0e,0x01,0x30,0x03,
    0x1f,0x05,0x90,0x00,0x04,0x1f,0x2e,0x2f,0x07,0x20,0x01,0x0d,0x8f,0x0d,0x10,0x0d,0x0f,0x07,0x40,0x05,0x0f,0x0e,0x01,0x00,
    0x02,0x0e,0x0f,0x04,0x30,0x06,0x0f,0x0e,0x01,0x00,0x04,0x9f,0x09,0x10,0x04,0x0e,0x1f,0x0e,0x0b,0x08,0x03,0x30,0x0a,0x0f,
    0x0a,0x90,0x01,0x0c,0x2f,0x0c,0x09,0x05,0x30,0x05,0x0f,0x0e,0x01,0x20,0x0d,0x0f,0x07,0x40,0x03,0x1f,0x04,0x00,0x02,0x0e,
    0x0f,0x04,0x40,0x08,0x0f,0x0c,0x10,0x06,0x0f,0x0d,0x01,0x40,0x0c,0x0f,0x08,0x00,0x09,0x9f,0x04,0x00,0x09,0x0f,0x0c,0x40,
    0x01,0x0e,0x0f,0x05,0x90,0x00,0x04,0x1f,0x04,0x11,0x03,0x0e,0x0f,0x08,0x20,0x01,0x0d,0x0f,0x0d,0x0b,0x0c,0x4b,0x0a,0x00,
    0x01,0x0d,0x0f,0x07,0x40,0x05,0x0f,0x0e,0x01,0x00,0x02,0x0e,0x0f,0x04,0x30,0x06,0x0f,0x0e,0x01,0x00,0x04,0x1f,0x0c,0x6b,
    0x07,0x20,0x03,0x09,0x0c,0x3f,0x08,0x20,0x0a,0x0f,0x0a,0xa0,0x01,0x07,0x0b,0x0e,0x2f,0x0c,0x02,0x10,0x05,0x0f,0x0e,0x01,
    0x10,0x01,0x0d,0x0f,0x07,0x40,0x03,0x1f,0x04,0x00,0x02,0x0e,0x0f,0x04,0x40,0x08,0x0f,0x0c,0x10,0x06,0x0f,0x0d,0x50,0x0c,
    0x0f,0x08,0x00,0x09,0x0f,0x0e,0x4b,0x0c,0x1b,0x03,0x00,0x09,0x0f,0x0b,0x40,0x01,0x0e,0x0f,0x05,0x90,0x00,0x04,0x1f,0x03,
    0x20,0x08,0x1f,0x03,0x20,0x0c,0x0f,0x07,0x90,0x0c,0x0f,0x09,0x40,0x07,0x0f,0x0e,0x01,0x00,0x02,0x0e,0x0f,0x04,0x30,0x06,
    0x0f,0x0e,0x01,0x00,0x03,0x1f,0x02,0xd0,0x02,0x05,0x0c,0x1f,0x04,0x10,0x0a,0x0f,0x0a,0xd0,0x01,0x04,0x09,0x1f,0x09,0x10,
    0x05,0x0f,0x0e,0x01,0x20,0x0c,0x0f,0x08,0x40,0x04,0x1f,0x03,0x00,0x02,0x0e,0x0f,0x06,0x40,0x0a,0x0f,0x0b,0x10,0x06,0x0f,
    0x0e,0x01,0x30,0x01,0x0e,0x0f,0x07,0x00,0x08,0x0f,0x0c,0x90,0x08,0x0f,0x0d,0x40,0x02,0x1f,0x05,0x90,0x00,0x04,0x1f,0x04,
    0x20,0x01,0x0e,0x0f,0x0b,0x20,0x09,0x0f,0x0b,0x40,0x03,0x02,0x20,0x0a,0x0f,0x0d,0x40,0x0b,0x0f,0x0e,0x01,0x00,0x01,0x0e,
    0x0f,0x08,0x30,0x0b,0x0f,0x0e,0x01,0x00,0x01,0x0d,0x0f,0x07,0x40,0x04,0x01,0x20,0x02,0x05,0x30,0x01,0x0e,0x0f,0x08,0x10,
    0x0a,0x0f,0x0a,0x90,0x01,0x04,0x02,0x30,0x0a,0x0f,0x0c,0x10,0x06,0x0f,0x0e,0x30,0x09,0x0f,0x0d,0x40,0x09,0x0f,0x0d,0x10,
    0x02,0x0e,0x0f,0x0a,0x30,0x01,0x0d,0x0f,0x09,0x10,0x06,0x1f,0x05,0x30,0x05,0x1f,0x04,0x00,0x04,0x0f,0x0e,0x02,0x30,0x01,
    0x03,0x01,0x10,0x05,0x1f,0x04,0x30,0x06,0x1f,0x05,0x20,0x01,0x02,0x40,0x00,0x04,0x1f,0x04,0x30,0x07,0x1f,0x04,0x10,0x03,
    0x1f,0x07,0x20,0x03,0x0d,0x0f,0x08,0x10,0x04,0x1f,0x09,0x01,0x10,0x07,0x1f,0x0e,0x01,0x10,0x0b,0x0f,0x0e,0x06,0x02,0x03,
    0x09,0x1f,0x0e,0x01,0x10,0x08,0x0f,0x0e,0x04,0x20,0x06,0x1f,0x03,0x00,0x02,0x1f,0x07,0x20,0x04,0x0e,0x0f,0x06,0x10,0x0a,
    0x0f,0x0c,0x02,0x01,0x70,0x0b,0x0f,0x0b,0x01,0x10,0x01,0x0c,0x0f,0x0a,0x10,0x05,0x1f,0x05,0x11,0x00,0x03,0x1f,0x09,0x01,
    0x10,0x05,0x0e,0x0f,0x07,0x10,0x02,0x2f,0x06,0x10,0x01,0x0a,0x1f,0x03,0x10,0x06,0x1f,0x0e,0x03,0x10,0x03,0x0d,0x0f,0x0d,
    0x20,0x0c,0x0f,0x0b,0x02,0x10,0x01,0x0a,0x0f,0x0c,0x10,0x01,0x0d,0x0f,0x0c,0x02,0x10,0x03,0x0e,0x1f,0x05,0x10,0x01,0x0c,
    0x0f,0x08,0x30,0x00,0x04,0x1f,0x04,0x30,0x01,0x0d,0x0f,0x0c,0x20,0x08,0x1f,0x0c,0x1a,0x1f,0x0e,0x02,0x20,0x0a,0x1f,0x0d,
    0x0a,0x0c,0x0f,0x0b,0x0f,0x0e,0x01,0x10,0x04,0x5f,0x07,0x0f,0x0e,0x01,0x10,0x01,0x0c,0x1f,0x0b,0x0a,0x0c,0x1f,0x0a,0x20,
    0x0a,0x1f,0x0b,0x09,0x0a,0x1f,0x0c,0x01,0x10,0x04,0x2f,0x0e,0x02,0x60,0x05,0x1f,0x0d,0x19,0x0d,0x1f,0x04,0x10,0x01,0x0d,
    0x2f,0x07,0x10,0x08,0x1f,0x0d,0x0a,0x0c,0x1f,0x0b,0x20,0x02,0x1f,0x0b,0x0f,0x0c,0x0a,0x0d,0x1f,0x09,0x20,0x06,0x0f,0x0d,
    0x0c,0x0f,0x1b,0x0e,0x1f,0x04,0x20,0x03,0x0e,0x0f,0x0e,0x1a,0x0d,0x1f,0x06,0x20,0x05,0x1f,0x0e,0x0a,0x0b,0x0f,0x0b,0x0d,
    0x0f,0x05,0x10,0x03,0x1f,0x0d,0x30,0x00,0x03,0x1e,0x03,0x40,0x06,0x1e,0x05,0x20,0x06,0x0d,0x3f,0x0b,0x02,0x40,0x09,0x0e,
    0x2f,0x06,0x04,0x0f,0x0e,0x01,0x20,0x04,0x0b,0x0d,0x0e,0x0b,0x02,0x03,0x0e,0x0d,0x01,0x20,0x01,0x09,0x0e,0x2f,0x0e,0x08,
    0x40,0x08,0x0e,0x2f,0x0e,0x0a,0x01,0x30,0x06,0x0c,0x1e,0x04,0x70,0x05,0x0d,0x3f,0x0c,0x04,0x30,0x03,0x0a,0x0d,0x0e,0x08,
    0x20,0x06,0x0d,0x2f,0x0e,0x09,0x01,0x20,0x02,0x0e,0x0f,0x04,0x07,0x2f,0x0e,0x08,0x30,0x06,0x0f,0x0d,0x02,0x0b,0x2f,0x0d,
    0x05,0x40,0x03,0x0b,0x3f,0x0c,0x05,0x40,0x05,0x0d,0x2f,0x0a,0x01,0x0c,0x0e,0x05,0x10,0x01,0x0a,0x0d,0x06,0x30,0x10,0x11,
    0x60,0x21,0x40,0x03,0x05,0x04,0x02,0x70,0x02,0x14,0x02,0x00,0x05,0x0f,0x0e,0x01,0x40,0x11,0x20,0x11,0x50,0x01,0x04,0x05,
    0x04,0x01,0x60,0x01,0x04,0x05,0x04,0x02,0x70,0x11,0xa0,0x03,0x05,0x04,0x03,0x70,0x11,0x40,0x01,0x03,0x05,0x04,0x01,0x40,
    0x02,0x0e,0x0f,0x04,0x00,0x02,0x05,0x04,0x02,0x40,0x06,0x0f,0x0d,0x10,0x03,0x05,0x04,0x80,0x02,0x04,0x05,0x03,0x70,0x01,
    0x04,0x05,0x03,0x10,0x11,0x40,0x01,0x40,0xf0,0xf0,0x30,0x05,0x0f,0x0e,0x01,0xf0,0xf0,0xf0,0xf0,0xf0,0x40,0x02,0x0e,0x0f,
    0x04,0x90,0x06,0x0f,0x0d,0x01,0xf0,0xf0,0xb0,0xf0,0xf0,0x30,0x05,0x0f,0x0e,0x01,0xf0,0xf0,0xf0,0xf0,0xf0,0x40,0x02,0x0e,
    0x0f,0x04,0x90,0x06,0x0f,0x0d,0x01,0xf0,0xf0,0xb0,0xf0,0xf0,0x30,0x05,0x1f,0x01,0xf0,0xf0,0xf0,0xf0,0xf0,0x40,0x02,0x1f,
    0x05,0x90,0x06,0x0f,0x0e,0x01,0xf0,0xf0,0xb0,0xf0,0xf0,0x30,0x03,0x0a,0x09,0x01,0xf0,0xf0,0xf0,0xf0,0xf0,0x40,0x01,0x09,
    0x0a,0x03,0x90,0x04,0x0a,0x08,0xf0,0xf0,0xc0,0xf0,0xf0,0xf0,0xf0,0xf0,0xf0,0xf0,0xf0,0xf0,0xf0,0xf0,0xf0,0xb0,0xf0,0xf0,
    0xf0,0xf0,0xf0,0xf0,0xf0,0xf0,0xf0,0xf0,0xf0,0xf0,0xb0,0xf0,0xf0,0xf0,0xf0,0xf0,0xf0,0xf0,0xf0,0xf0,0xf0,0xf0,0xf0,0xb0,
    0xf0,0xf0,0xf0,0xf0,0xf0,0xf0,0xf0,0xf0,0xf0,0xf0,0xf0,0xf0,0xb0,0xf0,0xf0,0xf0,0xf0,0xf0,0xf0,0xf0,0xf0,0xf0,0xf0,0xf0,
    0xf0,0xb0,0x40,0x02,0x04,0x05,0x03,0x01,0xf0,0xf0,0xf0,0xf0,0xf0,0x60,0x07,0x09,0x01,0xf0,0xf0,0xf0,0xf0,0xf0,0xf0,0x70,
    0x20,0x04,0x0b,0x3f,0x0d,0x08,0x01,0xf0,0xf0,0xf0,0xf0,0xf0,0x30,0x05,0x1f,0x08,0xf0,0xf0,0xf0,0xf0,0xf0,0xf0,0x70,0x10,
    0x05,0x2f,0x1c,0x0e,0x1f,0x0b,0x30,0x08,0x0d,0x08,0xf0,0x90,0x08,0x0d,0x08,0xf0,0xf0,0xf0,0x02,0x0d,0x0e,0x05,0xf0,0x40,
    0x05,0x0c,0x0b,0x01,0xf0,0xf0,0xb0,0x08,0x0d,0x08,0xf0,0xf0,0x00,0x01,0x0e,0x0f,0x0c,0x03,0x10,0x01,0x07,0x1f,0x07,0x20,
    0x0b,0x0f,0x0a,0xf0,0x90,0x0b,0x0f,0x0a,0xf0,0xf0,0xf0,0x00,0x11,0xf0,0x50,0x06,0x0f,0x0e,0x01,0xf0,0xf0,0xb0,0x0b,0x0f,
    0x0a,0xf0,0xf0,0x00,0x05,0x1f,0x03,0x40,0x0a,0x0f,0x0b,0x00,0x11,0x0a,0x0f,0x0a,0x11,0x50,0x11,0x60,0x11,0x10,0x03,0x05,
    0x01,0x00,0x01,0x0a,0x0f,0x0a,0x11,0xb0,0x11,0x90,0x11,0x20,0x11,0x60,0x11,0x60,0x11,0x20,0x21,0x20,0x01,0xa0,0x01,0x06,
    0x0f,0x0e,0x02,0x01,0x60,0x01,0xd0,0x11,0x10,0x03,0x05,0x01,0x40,0x11,0x40,0x11,0x0a,0x0f,0x0a,0x11,0x10,0x21,0x00,0x02,
    0x05,0x02,0x00,0x21,0x50,0x21,0x70,0x00,0x06,0x0f,0x0e,0x01,0x40,0x01,0x03,0x02,0x00,0x07,0x0e,0x2f,0x1e,0x02,0x10,0x02,
    0x08,0x0c,0x1e,0x0b,0x06,0x30,0x02,0x1e,0x03,0x0a,0x1f,0x05,0x06,0x0e,0x2f,0x1e,0x02,0x70,0x02,0x08,0x0c,0x1e,0x0b,0x06,
    0x50,0x04,0x0a,0x0d,0x0e,0x0b,0x13,0x0e,0x0d,0x01,0x20,0x02,0x08,0x0c,0x1e,0x0b,0x06,0x30,0x02,0x1e,0x04,0x10,0x0a,0x0e,
    0x07,0x01,0x09,0x0d,0x0e,0x0c,0x06,0x70,0x02,0x0e,0x2f,0x1e,0x06,0x20,0x02,0x09,0x0c,0x0e,0x0d,0x0a,0x04,0x90,0x02,0x1e,
    0x03,0x0a,0x1f,0x06,0x10,0x01,0x07,0x0c,0x1e,0x0b,0x06,0x20,0x07,0x0e,0x2f,0x1e,0x02,0x00,0x0a,0x0e,0x07,0x06,0x0e,0x0f,
    0x0b,0x00,0x09,0x0e,0x0c,0x50,0x0c,0x0e,0x09,0x70,0x00,0x04,0x1f,0x09,0x01,0x70,0x06,0x1e,0x0f,0x0e,0x1d,0x02,0x00,0x03,
    0x0e,0x1f,0x1e,0x1f,0x0a,0x20,0x02,0x1f,0x0c,0x0f,0x1d,0x04,0x05,0x1e,0x0f,0x0e,0x1d,0x01,0x60,0x03,0x0e,0x1f,0x1e,0x1f,
    0x0a,0x30,0x06,0x2f,0x0e,0x1f,0x08,0x1f,0x01,0x10,0x03,0x0e,0x1f,0x1e,0x1f,0x0a,0x20,0x02,0x1f,0x04,0x10,0x0b,0x0f,0x08,
    0x0c,0x4f,0x06,0x60,0x02,0x0d,0x0e,0x1f,0x0d,0x0e,0x05,0x10,0x04,0x0e,0x1f,0x0e,0x2f,0x07,0x80,0x02,0x1f,0x0c,0x0f,0x1d,
    0x05,0x00,0x01,0x0c,0x1f,0x1e,0x1f,0x09,0x10,0x06,0x1e,0x0f,0x0e,0x1d,0x02,0x00,0x0b,0x0f,0x0b,0x0f,0x0e,0x0d,0x09,0x00,
    0x05,0x1f,0x04,0x30,0x04,0x1f,0x04,0x70,0x10,0x0b,0x1f,0x0d,0x08,0x04,0x01,0x50,0x01,0x0a,0x0f,0x0a,0x00,0x01,0x10,0x0c,
    0x0f,0x0c,0x04,0x11,0x07,0x1f,0x04,0x10,0x02,0x0e,0x1f,0x05,0x01,0x20,0x01,0x0a,0x0f,0x0a,0x00,0x01,0x70,0x0c,0x0f,0x0c,
    0x04,0x11,0x07,0x1f,0x04,0x10,0x02,0x1f,0x0c,0x04,0x01,0x03,0x0b,0x1f,0x0e,0x01,0x10,0x0c,0x0f,0x0c,0x04,0x11,0x07,0x1f,
    0x04,0x10,0x02,0x0e,0x0f,0x04,0x10,0x0b,0x0f,0x0e,0x0b,0x03,0x02,0x05,0x0d,0x0f,0x0e,0x01,0x70,0x06,0x0f,0x0e,0x11,0x10,
    0x01,0x0e,0x0f,0x0c,0x04,0x01,0x03,0x0a,0x1f,0x04,0x70,0x02,0x0e,0x1f,0x05,0x01,0x20,0x0a,0x0f,0x0d,0x05,0x11,0x06,0x1f,
    0x06,0x00,0x11,0x0a,0x0f,0x0a,0x00,0x01,0x10,0x0b,0x1f,0x09,0x01,0x30,0x0d,0x0f,0x09,0x30,0x09,0x0f,0x0c,0x80,0x10,0x01,
    0x0a,0x3f,0x0d,0x09,0x04,0x40,0x0a,0x0f,0x0a,0x30,0x03,0x06,0x03,0x30,0x0c,0x0f,0x08,0x10,0x02,0x0e,0x0f,0x08,0x50,0x0a,
    0x0f,0x0a,0x90,0x03,0x06,0x03,0x30,0x0c,0x0f,0x08,0x10,0x08,0x0f,0x0e,0x02,0x30,0x0d,0x0f,0x0e,0x01,0x10,0x03,0x06,0x03,
    0x30,0x0c,0x0f,0x08,0x10,0x02,0x0e,0x0f,0x04,0x10,0x0b,0x0f,0x0d,0x01,0x20,0x05,0x1f,0x04,0x70,0x05,0x0f,0x0e,0x01,0x20,
    0x07,0x0f,0x0e,0x02,0x30,0x0b,0x0f,0x0b,0x70,0x02,0x0e,0x0f,0x08,0x30,0x03,0x1f,0x03,0x30,0x08,0x0f,0x0d,0x20,0x0a,0x0f,
    0x0a,0x30,0x0b,0x0f,0x0c,0x50,0x08,0x0f,0x0d,0x01,0x10,0x01,0x0d,0x0f,0x07,0x80,0x30,0x03,0x08,0x0c,0x3f,0x08,0x30,0x0a,
    0x0f,0x0a,0x80,0x01,0x04,0x0d,0x0f,0x08,0x10,0x02,0x0e,0x0f,0x04,0x50,0x0a,0x0f,0x0a,0xe0,0x01,0x04,0x0d,0x0f,0x08,0x10,
    0x0c,0x0f,0x0a,0x40,0x07,0x0f,0x0e,0x01,0x60,0x01,0x04,0x0d,0x0f,0x08,0x10,0x02,0x0e,0x0f,0x04,0x10,0x0b,0x0f,0x0a,0x30,
    0x02,0x0e,0x0f,0x05,0x70,0x06,0x0f,0x0e,0x01,0x20,0x0b,0x0f,0x0a,0x40,0x05,0x0f,0x0e,0x02,0x60,0x02,0x0e,0x0f,0x04,0x30,
    0x07,0x0f,0x0c,0x41,0x04,0x1f,0x02,0x10,0x0a,0x0f,0x0a,0x30,0x0b,0x0f,0x09,0x50,0x03,0x1f,0x04,0x10,0x05,0x0f,0x0e,0x02,
    0x80,0x60,0x02,0x06,0x0c,0x1f,0x07,0x20,0x0a,0x0f,0x0a,0x40,0x04,0x08,0x0b,0x0e,0x3f,0x09,0x10,0x02,0x0e,0x0f,0x04,0x50,
    0x0a,0x0f,0x0a,0xa0,0x04,0x08,0x0b,0x0e,0x3f,0x09,0x00,0x01,0x0d,0x0f,0x07,0x40,0x05,0x0f,0x0e,0x01,0x20,0x04,0x08,0x0b,
    0x0e,0x3f,0x09,0x10,0x02,0x0e,0x0f,0x04,0x10,0x0b,0x0f,0x09,0x30,0x02,0x0e,0x0f,0x05,0x70,0x05,0x0f,0x0e,0x01,0x20,0x0d,
    0x0f,0x07,0x40,0x03,0x1f,0x03,0x60,0x02,0x0e,0x0f,0x04,0x30,0x09,0x9f,0x04,0x10,0x0a,0x0f,0x0a,0x30,0x0b,0x0f,0x09,0x60,
    0x0b,0x0f,0x09,0x10,0x09,0x0f,0x0b,0x90,0x90,0x0b,0x0f,0x0d,0x20,0x0a,0x0f,0x0a,0x30,0x08,0x2f,0x0c,0x0a,0x07,0x0c,0x0f,
    0x08,0x10,0x02,0x0e,0x0f,0x04,0x50,0x0a,0x0f,0x0a,0x90,0x08,0x2f,0x0c,0x0a,0x07,0x0c,0x0f,0x08,0x00,0x01,0x0d,0x0f,0x07,
    0x40,0x05,0x0f,0x0e,0x01,0x10,0x08,0x2f,0x0c,0x0a,0x07,0x0c,0x0f,0x08,0x10,0x02,0x0e,0x0f,0x04,0x10,0x0b,0x0f,0x09,0x30,
    0x02,0x0e,0x0f,0x05,0x70,0x05,0x0f,0x0e,0x01,0x10,0x01,0x0d,0x0f,0x07,0x40,0x03,0x1f,0x04,0x60,0x02,0x0e,0x0f,0x04,0x30,
    0x09,0x0f,0x0e,0x4b,0x0c,0x1b,0x03,0x10,0x0a,0x0f,0x0a,0x30,0x0b,0x0f,0x09,0x60,0x06,0x0f,0x0d,0x11,0x0e,0x0f,0x05,0x90,
    0x00,0x05,0x06,0x04,0x30,0x01,0x00,0x05,0x0f,0x0e,0x02,0x10,0x0a,0x0f,0x0a,0x20,0x04,0x1f,0x07,0x01,0x20,0x0b,0x0f,0x08,
    0x10,0x02,0x0e,0x0f,0x04,0x50,0x0a,0x0f,0x0a,0x80,0x04,0x1f,0x07,0x01,0x20,0x0b,0x0f,0x08,0x10,0x0c,0x0f,0x09,0x40,0x07,
    0x0f,0x0e,0x02,0x00,0x04,0x1f,0x07,0x01,0x20,0x0b,0x0f,0x08,0x10,0x02,0x0e,0x0f,0x04,0x10,0x0b,0x0f,0x09,0x30,0x02,0x0e,
    0x0f,0x05,0x70,0x05,0x0f,0x0e,0x01,0x20,0x0c,0x0f,0x08,0x40,0x04,0x1f,0x02,0x60,0x02,0x0e,0x0f,0x04,0x30,0x08,0x0f,0x0c,
    0xa0,0x0a,0x0f,0x0a,0x30,0x0b,0x0f,0x09,0x60,0x01,0x0e,0x0f,0x03,0x04,0x0f,0x0e,0x01,0x90,0x00,0x0b,0x0f,0x0d,0x50,0x09,
    0x0f,0x0e,0x01,0x10,0x0a,0x0f,0x0a,0x20,0x06,0x0f,0x0d,0x40,0x0d,0x0f,0x08,0x10,0x02,0x0e,0x0f,0x04,0x50,0x0a,0x0f,0x0a,
    0x80,0x06,0x0f,0x0d,0x40,0x0d,0x0f,0x08,0x10,0x09,0x0f,0x0e,0x01,0x30,0x0c,0x0f,0x0e,0x02,0x00,0x06,0x0f,0x0d,0x40,0x0d,
    0x0f,0x08,0x10,0x02,0x0e,0x0f,0x04,0x10,0x0b,0x0f,0x09,0x30,0x02,0x0e,0x0f,0x05,0x70,0x05,0x0f,0x0e,0x30,0x09,0x0f,0x0d,
    0x40,0x09,0x0f,0x0d,0x70,0x02,0x0e,0x0f,0x04,0x30,0x04,0x0f,0x0e,0x02,0x30,0x01,0x03,0x01,0x20,0x0a,0x0f,0x0a,0x30,0x0b,
    0x0f,0x09,0x70,0x09,0x0f,0x07,0x08,0x0f,0x09,0x40,0x02,0x01,0x30,0x00,0x05,0x1f,0x0a,0x02,0x10,0x01,0x07,0x0e,0x0f,0x0a,
    0x20,0x0a,0x0f,0x0c,0x02,0x01,0x00,0x05,0x0f,0x0e,0x04,0x10,0x01,0x09,0x1f,0x09,0x10,0x02,0x0e,0x0f,0x04,0x50,0x0a,0x0f,
    0x0c,0x02,0x01,0x60,0x05,0x0f,0x0e,0x04,0x10,0x01,0x09,0x1f,0x09,0x10,0x03,0x1f,0x0b,0x03,0x01,0x03,0x0a,0x1f,0x0e,0x02,
    0x00,0x05,0x0f,0x0e,0x04,0x10,0x01,0x09,0x1f,0x09,0x10,0x02,0x0e,0x0f,0x04,0x10,0x0b,0x0f,0x09,0x30,0x02,0x0e,0x0f,0x05,
    0x70,0x05,0x1f,0x05,0x11,0x00,0x03,0x1f,0x09,0x01,0x10,0x05,0x0e,0x0f,0x07,0x70,0x02,0x0e,0x0f,0x04,0x40,0x0c,0x0f,0x0b,
    0x02,0x10,0x01,0x0a,0x0f,0x0c,0x20,0x0a,0x0f,0x0c,0x02,0x01,0x10,0x0b,0x0f,0x09,0x70,0x04,0x0f,0x1d,0x0f,0x03,0x30,0x08,
    0x0f,0x0c,0x01,0x20,0x10,0x0a,0x2f,0x1c,0x0e,0x1f,0x0d,0x02,0x20,0x04,0x2f,0x0e,0x02,0x01,0x0d,0x1f,0x0b,0x0a,0x1e,0x0c,
    0x0f,0x09,0x10,0x02,0x1f,0x04,0x50,0x04,0x2f,0x0e,0x02,0x50,0x01,0x0d,0x1f,0x0b,0x0a,0x1e,0x0c,0x0f,0x09,0x20,0x07,0x2f,
    0x0e,0x0f,0x0e,0x08,0x0f,0x0e,0x01,0x00,0x01,0x0d,0x1f,0x0b,0x0a,0x1e,0x0c,0x0f,0x09,0x10,0x02,0x1f,0x04,0x10,0x0b,0x0f,
    0x09,0x30,0x02,0x0e,0x0f,0x05,0x70,0x01,0x0d,0x2f,0x07,0x10,0x08,0x1f,0x0d,0x0a,0x0c,0x1f,0x0b,0x80,0x02,0x1f,0x04,0x40,
    0x03,0x0e,0x0f,0x0e,0x1a,0x0d,0x1f,0x06,0x20,0x04,0x2f,0x0e,0x03,0x00,0x0b,0x0f,0x09,0x80,0x0d,0x1f,0x0c,0x40,0x0d,0x1f,
    0x03,0x20,0x20,0x07,0x0d,0x3f,0x0e,0x09,0x01,0x40,0x06,0x0c,0x1e,0x04,0x00,0x03,0x0b,0x2f,0x0c,0x03,0x09,0x0e,0x08,0x10,
    0x02,0x0d,0x0e,0x04,0x60,0x06,0x0c,0x1e,0x04,0x60,0x02,0x0b,0x2f,0x0c,0x03,0x09,0x0e,0x08,0x30,0x05,0x0a,0x0d,0x0e,0x0b,
    0x02,0x04,0x0f,0x0e,0x01,0x10,0x02,0x0b,0x2f,0x0c,0x03,0x09,0x0e,0x08,0x10,0x02,0x0d,0x0e,0x04,0x10,0x0a,0x0e,0x09,0x30,
    0x01,0x0d,0x0e,0x04,0x80,0x03,0x0a,0x0d,0x0e,0x08,0x20,0x06,0x0d,0x2f,0x0e,0x09,0x01,0x80,0x02,0x0d,0x0e,0x04,0x50,0x03,
    0x0b,0x3f,0x0c,0x05,0x40,0x06,0x0c,0x1e,0x04,0x00,0x0a,0x0e,0x09,0x80,0x07,0x1f,0x07,0x40,0x06,0x0d,0x0a,0x01,0x20,0x40,
    0x03,0x04,0x05,0x04,0x01,0x80,0x11,0x30,0x02,0x04,0x02,0x10,0x21,0x20,0x11,0x90,0x11,0x90,0x02,0x04,0x02,0x10,0x21,0x50,
    0x11,0x10,0x05,0x0f,0x0e,0x01,0x30,0x02,0x04,0x02,0x10,0x21,0x20,0x11,0x20,0x21,0x40,0x11,0xb0,0x11,0x40,0x01,0x03,0x05,
    0x04,0x01,0xb0,0x11,0x80,0x02,0x04,0x05,0x03,0x80,0x11,0x10,0x21,0x80,0x06,0x0f,0x0e,0x02,0x50,0x01,0x40,0xf0,0xf0,0xf0,
    0xf0,0x50,0x01,0x05,0x08,0x40,0x09,0x0f,0x0d,0xf0,0xf0,0xf0,0xf0,0xf0,0xf0,0xa0,0x0b,0x0f,0x0a,0xc0,0xf0,0xf0,0xf0,0xf0,
    0x50,0x03,0x1f,0x0b,0x06,0x04,0x05,0x0a,0x1f,0x06,0xf0,0xf0,0xf0,0xf0,0xf0,0xf0,0x70,0x03,0x05,0x08,0x1f,0x04,0xc0,0xf0,
    0xf0,0xf0,0xf0,0x60,0x05,0x0d,0x4f,0x0e,0x08,0xf0,0xf0,0xf0,0xf0,0xf0,0xf0,0x80,0x0a,0x2f,0x08,0xd0,0xf0,0xf0,0xf0,0xf0,
    0x70,0x02,0x06,0x09,0x1a,0x07,0x03,0xf0,0xf0,0xf0,0xf0,0xf0,0xf0,0x90,0x07,0x0a,0x09,0x05,0xe0,0xf0,0xf0,0xf0,0xf0,0xf0,
    0xf0,0xf0,0xf0,0xf0,0xf0,0xf0,0xf0,0xf0,0x10,0xf0,0xf0,0xf0,0xf0,0xf0,0xf0,0xf0,0xf0,0xf0,0xf0,0xf0,0xf0,0xf0,0x10,0xf0,
    0xf0,0xf0,0xf0,0xf0,0xf0,0xf0,0xf0,0xf0,0xf0,0xf0,0xf0,0xf0,0x10,0xf0,0xf0,0xf0,0xf0,0xf0,0xf0,0xf0,0xf0,0xf0,0xf0,0xf0,
    0xf0,0xf0,0x10,0xf0,0xf0,0xf0,0xf0,0xf0,0xf0,0xf0,0xf0,0xf0,0xf0,0xf0,0xf0,0xf0,0x10,0xf0,0xf0,0xf0,0xf0,0xf0,0xf0,0xf0,
    0xf0,0xf0,0xf0,0xf0,0xf0,0xf0,0x10,0xf0,0xf0,0xf0,0xf0,0xf0,0xf0,0xf0,0xf0,0xf0,0xf0,0xf0,0xf0,0xf0,0x10,0xf0,0x80,0x13,
    0xf0,0xf0,0xf0,0xf0,0xf0,0xf0,0xf0,0x90,0x02,0x04,0x01,0xf0,0xf0,0xf0,0x90,0x00,0xf1,0x21,0x30,0x0a,0x1f,0x0a,0xf0,0xf0,
    0xf0,0xf0,0xf0,0xf0,0xf0,0x70,0x06,0x0e,0x0f,0x0d,0x02,0xf0,0xf0,0xf0,0x31,0x40,0x00,0x09,0xfe,0x1e,0x06,0x10,0x06,0x3f,
    0x05,0xf0,0xf0,0xf0,0xf0,0xf0,0xf0,0xf0,0x50,0x01,0x0e,0x2f,0x0a,0xf0,0xf0,0xe0,0x02,0x2e,0x0d,0x01,0x30,0x00,0x0a,0xff,
    0x1f,0x07,0x10,0x06,0x3f,0x05,0xf0,0xf0,0xf0,0xf0,0xf0,0xf0,0xf0,0x50,0x02,0x1f,0x0e,0x0f,0x0a,0xf0,0xf0,0xe0,0x03,0x3f,
    0x01,0x30,0x00,0x0a,0xff,0x1f,0x07,0x10,0x01,0x0b,0x1f,0x0b,0x01,0xf0,0xf0,0xf0,0xf0,0xf0,0xf0,0xf0,0x60,0x07,0x1f,0x0d,
    0x03,0xf0,0xf0,0xe0,0x03,0x2f,0x0e,0x01,0x30,0x00,0x06,0x0a,0x29,0x0a,0x09,0x0b,0x3f,0x0a,0x49,0x0a,0x04,0x30,0x14,0xf0,
    0xf0,0xf0,0xf0,0xf0,0xf0,0xf0,0x90,0x03,0x05,0x01,0xf0,0xf0,0xf0,0x03,0x2f,0x0e,0x01,0x30,0x70,0x03,0x2f,0x0e,0x01,0xf0,
    0xf0,0xf0,0xf0,0xf0,0xf0,0xf0,0xf0,0xf0,0xf0,0xf0,0x90,0x03,0x2f,0x0e,0x01,0x30,0x70,0x04,0x2f,0x0e,0x02,0x90,0x31,0x40,
    0x21,0x30,0x03,0x05,0x04,0x01,0x50,0x02,0x15,0x03,0xc0,0x01,0x04,0x05,0x04,0x03,0x01,0xf0,0x50,0x01,0x04,0x05,0x04,0x03,
    0x01,0x60,0x31,0x70,0x41,0x20,0x31,0x20,0x02,0x04,0x05,0x04,0x01,0x70,0x31,0x40,0x31,0x20,0x03,0x05,0x03,0x60,0x01,0x04,
    0x05,0x04,0x03,0x01,0xc0,0x01,0x04,0x05,0x04,0x01,0x10,0x03,0x2f,0x0e,0x01,0x30,0x70,0x04,0x2f,0x0e,0x01,0x80,0x02,0x3e,
    0x02,0x20,0x06,0x2e,0x07,0x00,0x04,0x0c,0x2f,0x0d,0x06,0x20,0x04,0x0b,0x3f,0x0c,0x05,0x80,0x03,0x0a,0x0e,0x3f,0x0d,0x09,
    0x02,0xf0,0x10,0x03,0x0a,0x0e,0x3f,0x0d,0x09,0x02,0x30,0x01,0x0b,0x2e,0x0a,0x50,0x07,0x2e,0x0d,0x02,0x10,0x02,0x2e,0x0d,
    0x00,0x01,0x09,0x0e,0x2f,0x0e,0x09,0x02,0x50,0x0b,0x2e,0x06,0x20,0x02,0x2e,0x0d,0x00,0x04,0x0c,0x2f,0x02,0x30,0x03,0x0a,
    0x0e,0x3f,0x0d,0x09,0x02,0x80,0x02,0x09,0x0e,0x2f,0x0e,0x08,0x00,0x02,0x2f,0x0e,0x01,0x30,0x70,0x04,0x2f,0x0e,0x01,0x80,
    0x02,0x3f,0x02,0x20,0x07,0x2f,0x07,0x04,0x6f,0x05,0x00,0x06,0x7f,0x06,0x60,0x06,0x8f,0x0e,0x04,0xf0,0x06,0x8f,0x0e,0x04,
    0x30,0x04,0x3f,0x05,0x30,0x02,0x0e,0x2f,0x06,0x20,0x02,0x2f,0x0e,0x01,0x0b,0x6f,0x0d,0x03,0x40,0x0c,0x2f,0x06,0x20,0x02,
    0x2f,0x0d,0x03,0x0e,0x3f,0x02,0x20,0x06,0x8f,0x0e,0x04,0x60,0x04,0x0e,0x6f,0x0a,0x02,0x2f,0x0e,0x01,0x30,0x70,0x04,0x2f,
    0x0e,0x01,0x80,0x02,0x2f,0x0e,0x02,0x20,0x07,0x2f,0x0a,0x0d,0x6f,0x0d,0x03,0x0e,0x7f,0x0e,0x02,0x40,0x06,0x4f,0x1e,0x4f,
    0x03,0xd0,0x06,0x4f,0x1e,0x4f,0x03,0x30,0x09,0x2f,0x0d,0x01,0x20,0x0b,0x2f,0x0b,0x30,0x02,0x2f,0x0d,0x09,0x8f,0x0d,0x01,
    0x30,0x0b,0x2f,0x06,0x20,0x02,0x2f,0x0d,0x0b,0x4f,0x03,0x10,0x06,0x4f,0x1e,0x4f,0x03,0x40,0x02,0x0e,0x8f,0x0a,0x0e,0x1f,
    0x0e,0x01,0x30,0x70,0x04,0x2f,0x0e,0x01,0x80,0x02,0x3f,0x02,0x20,0x07,0x4f,0x0a,0x05,0x04,0x09,0x3f,0x0d,0x0f,0x0c,0x06,
    0x04,0x06,0x0c,0x3f,0x07,0x30,0x02,0x3f,0x0a,0x03,0x11,0x04,0x0c,0x2f,0x0d,0xc0,0x02,0x3f,0x0a,0x03,0x11,0x04,0x0c,0x2f,
    0x0d,0x30,0x01,0x0d,0x2f,0x08,0x10,0x04,0x2f,0x0e,0x02,0x30,0x02,0x5f,0x08,0x04,0x03,0x05,0x0c,0x3f,0x09,0x30,0x0b,0x2f,
    0x06,0x20,0x02,0x5f,0x0b,0x17,0x08,0x02,0x00,0x03,0x3f,0x0a,0x03,0x11,0x04,0x0c,0x2f,0x0d,0x40,0x0a,0x3f,0x0b,0x05,0x03,
    0x04,0x09,0x4f,0x0e,0x01,0x30,0x70,0x04,0x2f,0x0e,0x01,0x80,0x02,0x3f,0x02,0x20,0x07,0x3f,0x08,0x30,0x06,0x3f,0x0d,0x01,
    0x20,0x01,0x0d,0x2f,0x0a,0x30,0x09,0x2f,0x0a,0x40,0x01,0x0d,0x2f,0x05,0xb0,0x09,0x2f,0x0a,0x40,0x01,0x0d,0x2f,0x05,0x30,
    0x05,0x2f,0x0e,0x02,0x00,0x0c,0x2f,0x07,0x40,0x02,0x4f,0x05,0x40,0x0b,0x2f,0x0e,0x02,0x20,0x0b,0x2f,0x06,0x20,0x02,0x4f,
    0x06,0x50,0x09,0x2f,0x0a,0x40,0x01,0x0d,0x2f,0x05,0x20,0x02,0x3f,0x0a,0x40,0x06,0x3f,0x0e,0x01,0x30,0x70,0x04,0x2f,0x0e,
    0x01,0x80,0x02,0x3f,0x02,0x20,0x07,0x2f,0x0e,0x01,0x40,0x0e,0x2f,0x06,0x40,0x07,0x2f,0x0c,0x20,0x01,0x0e,0x1f,0x0e,0x02,
    0x00,0x01,0x10,0x01,0x00,0x06,0x2f,0x0a,0xa0,0x01,0x0e,0x1f,0x0e,0x02,0x00,0x01,0x10,0x01,0x00,0x06,0x2f,0x0a,0x40,0x0a,
    0x2f,0x08,0x05,0x2f,0x0c,0x50,0x02,0x3f,0x0a,0x50,0x03,0x3f,0x06,0x20,0x0b,0x2f,0x06,0x20,0x02,0x3f,0x08,0x50,0x01,0x0e,
    0x1f,0x0e,0x02,0x00,0x01,0x10,0x01,0x00,0x06,0x2f,0x0a,0x20,0x07,0x2f,0x0e,0x02,0x50,0x0b,0x2f,0x0e,0x01,0x30,0x70,0x04,
    0x2f,0x0e,0x01,0x80,0x02,0x3f,0x02,0x20,0x07,0x2f,0x0b,0x50,0x0c,0x2f,0x04,0x40,0x06,0x2f,0x0c,0x20,0x04,0x2f,0x0b,0x60,
    0x01,0x0e,0x1f,0x0d,0xa0,0x04,0x2f,0x0b,0x60,0x01,0x0e,0x1f,0x0d,0x40,0x01,0x0e,0x1f,0x0e,0x0d,0x2f,0x03,0x50,0x02,0x3f,
    0x05,0x60,0x0c,0x2f,0x09,0x20,0x0b,0x2f,0x06,0x20,0x02,0x3f,0x03,0x50,0x04,0x2f,0x0b,0x60,0x01,0x0e,0x1f,0x0d,0x20,0x0a,
    0x2f,0x0a,0x60,0x06,0x2f,0x0e,0x01,0x30,0x70,0x04,0x2f,0x0e,0x01,0x80,0x02,0x3f,0x02,0x20,0x07,0x2f,0x0b,0x50,0x0c,0x2f,
    0x04,0x40,0x06,0x2f,0x0c,0x20,0x07,0x2f,0x0d,0x7a,0x2f,0x0e,0x02,0x90,0x07,0x2f,0x0d,0x7a,0x2f,0x0e,0x02,0x40,0x06,0x5f,
    0x08,0x60,0x02,0x3f,0x02,0x60,0x09,0x2f,0x0b,0x20,0x0b,0x2f,0x06,0x20,0x02,0x3f,0x02,0x50,0x07,0x2f,0x0d,0x7a,0x2f,0x0e,
    0x02,0x10,0x0c,0x2f,0x07,0x60,0x03,0x2f,0x0e,0x01,0x30,0x70,0x04,0x2f,0x0e,0x01,0x80,0x02,0x3f,0x02,0x20,0x07,0x2f,0x0b,
    0x50,0x0c,0x2f,0x04,0x40,0x06,0x2f,0x0c,0x20,0x08,0xff,0x03,0x90,0x08,0xff,0x03,0x50,0x0b,0x3f,0x0d,0x70,0x02,0x2f,0x0e,
    0x01,0x60,0x07,0x2f,0x0c,0x20,0x0b,0x2f,0x06,0x20,0x02,0x3f,0x02,0x50,0x08,0xff,0x03,0x10,0x0c,0x2f,0x06,0x60,0x02,0x2f,
    0x0e,0x01,0x30,0x70,0x04,0x2f,0x0e,0x01,0x80,0x02,0x3f,0x02,0x20,0x07,0x2f,0x0b,0x50,0x0c,0x2f,0x04,0x40,0x06,0x2f,0x0c,
    0x20,0x08,0xff,0x03,0x90,0x08,0xff,0x03,0x40,0x02,0x0d,0x3f,0x0e,0x02,0x60,0x02,0x2f,0x0e,0x01,0x60,0x07,0x2f,0x0c,0x20,
    0x0b,0x2f,0x06,0x20,0x02,0x3f,0x02,0x50,0x08,0xff,0x03,0x10,0x0c,0x2f,0x06,0x60,0x02,0x2f,0x0e,0x01,0x30,0x70,0x04,0x2f,
    0x0e,0x01,0x80,0x02,0x3f,0x02,0x20,0x07,0x2f,0x0b,0x50,0x0c,0x2f,0x04,0x40,0x06,0x2f,0x0c,0x20,0x07,0x2f,0x0b,0xb3,0x01,
    0x90,0x07,0x2f,0x0b,0xb3,0x01,0x40,0x0a,0x5f,0x0b,0x60,0x02,0x3f,0x02,0x60,0x09,0x2f,0x0b,0x20,0x0b,0x2f,0x06,0x20,0x02,
    0x3f,0x02,0x50,0x07,0x2f,0x0b,0xb3,0x01,0x10,0x0c,0x2f,0x08,0x60,0x03,0x2f,0x0e,0x01,0x30,0x70,0x04,0x2f,0x0e,0x01,0x80,
    0x02,0x3f,0x02,0x20,0x07,0x2f,0x0b,0x50,0x0c,0x2f,0x04,0x40,0x06,0x2f,0x0c,0x20,0x05,0x2f,0x0b,0xf0,0x60,0x05,0x2f,0x0b,
    0xf0,0x00,0x05,0x2f,0x1b,0x2f,0x06,0x50,0x02,0x3f,0x05,0x60,0x0c,0x2f,0x09,0x20,0x0b,0x2f,0x06,0x20,0x02,0x3f,0x02,0x50,
    0x05,0x2f,0x0b,0xe0,0x0a,0x2f,0x0b,0x60,0x06,0x2f,0x0e,0x01,0x30,0x70,0x04,0x2f,0x0e,0x01,0x80,0x02,0x3f,0x02,0x20,0x07,
    0x2f,0x0b,0x50,0x0c,0x2f,0x04,0x40,0x06,0x2f,0x0c,0x20,0x02,0x3f,0x02,0x60,0x03,0x01,0xc0,0x02,0x3f,0x02,0x60,0x03,0x01,
    0x50,0x01,0x0e,0x2f,0x13,0x2f,0x0e,0x02,0x40,0x02,0x3f,0x0a,0x50,0x03,0x3f,0x06,0x20,0x0b,0x2f,0x06,0x20,0x02,0x3f,0x02,
    0x50,0x02,0x3f,0x02,0x60,0x03,0x01,0x40,0x07,0x2f,0x0e,0x02,0x50,0x0b,0x2f,0x0e,0x01,0x30,0x70,0x04,0x2f,0x0e,0x01,0x80,
    0x02,0x3f,0x02,0x20,0x07,0x2f,0x0b,0x50,0x0c,0x2f,0x04,0x40,0x06,0x2f,0x0c,0x30,0x0a,0x2f,0x0a,0x50,0x07,0x0f,0x0d,0x0b,
    0x07,0xb0,0x0a,0x2f,0x0a,0x50,0x07,0x0f,0x0d,0x0b,0x07,0x30,0x09,0x2f,0x0b,0x10,0x0a,0x2f,0x0a,0x40,0x02,0x4f,0x05,0x30,
    0x01,0x0b,0x2f,0x0e,0x02,0x20,0x0b,0x2f,0x06,0x20,0x02,0x3f,0x02,0x60,0x0a,0x2f,0x0a,0x50,0x07,0x0f,0x0d,0x0b,0x07,0x20,
    0x02,0x3f,0x0b,0x40,0x06,0x3f,0x0e,0x01,0x30,0x70,0x04,0x2f,0x0e,0x01,0x80,0x02,0x3f,0x02,0x20,0x07,0x2f,0x0b,0x50,0x0c,
    0x2f,0x04,0x40,0x06,0x2f,0x0c,0x30,0x03,0x3f,0x0b,0x04,0x11,0x03,0x08,0x3f,0x08,0xb0,0x03,0x3f,0x0b,0x04,0x11,0x03,0x08,
    0x3f,0x08,0x20,0x04,0x3f,0x03,0x10,0x02,0x0e,0x2f,0x05,0x30,0x02,0x5f,0x08,0x04,0x03,0x05,0x0c,0x3f,0x09,0x30,0x0b,0x2f,
    0x06,0x20,0x02,0x3f,0x02,0x60,0x03,0x3f,0x0b,0x04,0x11,0x03,0x08,0x3f,0x08,0x30,0x0a,0x3f,0x0b,0x05,0x03,0x04,0x09,0x4f,
    0x0e,0x01,0x30,0x70,0x04,0x2f,0x0e,0x01,0x80,0x02,0x2f,0x0e,0x02,0x20,0x07,0x2f,0x0b,0x50,0x0c,0x2f,0x04,0x40,0x06,0x2f,
    0x0c,0x40,0x07,0x4f,0x1e,0x4f,0x0b,0xd0,0x07,0x4f,0x1e,0x4f,0x0b,0x20,0x01,0x0d,0x2f,0x08,0x30,0x07,0x2f,0x0e,0x01,0x20,
    0x02,0x2f,0x0e,0x0b,0x8f,0x0d,0x01,0x30,0x0b,0x2f,0x06,0x20,0x02,0x2f,0x0e,0x02,0x70,0x07,0x4f,0x1e,0x4f,0x0b,0x40,0x02,
    0x0e,0x8f,0x09,0x0e,0x1f,0x0e,0x01,0x30,0x70,0x04,0x3f,0x01,0x80,0x02,0x3f,0x02,0x20,0x07,0x2f,0x0b,0x50,0x0d,0x2f,0x04,
    0x40,0x06,0x2f,0x0c,0x50,0x07,0x9f,0x0b,0x01,0xe0,0x07,0x9f,0x0b,0x01,0x20,0x09,0x2f,0x0d,0x01,0x40,0x0d,0x2f,0x0a,0x20,
    0x02,0x2f,0x0e,0x02,0x0b,0x6f,0x0d,0x03,0x40,0x0c,0x2f,0x06,0x20,0x02,0x3f,0x02,0x80,0x07,0x9f,0x0b,0x01,0x50,0x04,0x0e,
    0x6f,0x0a,0x01,0x3f,0x01,0x30,0x70,0x04,0x2e,0x0d,0x01,0x80,0x02,0x3e,0x02,0x20,0x06,0x2e,0x0a,0x50,0x0c,0x2e,0x04,0x40,
    0x05,0x2e,0x0b,0x60,0x03,0x09,0x0d,0x3f,0x0e,0x0c,0x06,0xf0,0x10,0x03,0x09,0x0d,0x3f,0x0e,0x0c,0x06,0x30,0x03,0x3e,0x05,
    0x50,0x04,0x3e,0x04,0x10,0x02,0x3f,0x02,0x01,0x09,0x0e,0x2f,0x0e,0x09,0x02,0x50,0x0b,0x2e,0x06,0x20,0x02,0x3e,0x02,0x90,
    0x03,0x09,0x0d,0x3f,0x0e,0x0c,0x06,0x80,0x02,0x09,0x0e,0x2f,0x0e,0x08,0x00,0x01,0x2e,0x0d,0x01,0x30,0x80,0x31,0xa0,0x31,
    0x40,0x31,0x50,0x31,0x60,0x31,0x80,0x01,0x03,0x04,0x05,0x04,0x02,0xf0,0x50,0x01,0x03,0x04,0x05,0x04,0x02,0x50,0x41,0x70,
    0x41,0x10,0x02,0x3f,0x02,0x10,0x02,0x04,0x05,0x04,0x01,0x70,0x31,0x40,0x31,0xc0,0x01,0x03,0x04,0x05,0x04,0x02,0xc0,0x01,
    0x04,0x05,0x04,0x01,0x20,0x31,0x40,0xf0,0xf0,0xf0,0xf0,0xf0,0xf0,0xf0,0xe0,0x02,0x3f,0x02,0xf0,0xf0,0xf0,0xf0,0xc0,0xf0,
    0xf0,0xf0,0xf0,0xf0,0xf0,0xf0,0xe0,0x02,0x3f,0x02,0xf0,0xf0,0xf0,0xf0,0xc0,0xf0,0xf0,0xf0,0xf0,0xf0,0xf0,0xf0,0xe0,0x02,
    0x3f,0x02,0xf0,0xf0,0xf0,0xf0,0xc0,0xf0,0xf0,0xf0,0xf0,0xf0,0xf0,0xf0,0xe0,0x02,0x3f,0x02,0xf0,0xf0,0xf0,0xf0,0xc0,0xf0,
    0xf0,0xf0,0xf0,0xf0,0xf0,0xf0,0xf0,0xf0,0xf0,0xf0,0xf0,0x70,0xf0,0xf0,0xf0,0xf0,0xf0,0xf0,0xf0,0xf0,0xf0,0xf0,0xf0,0xf0,
    0x70,0xf0,0xf0,0xf0,0xf0,0xf0,0xf0,0xf0,0xf0,0xf0,0xf0,0xf0,0xf0,0x70,0xf0,0xf0,0xf0,0xf0,0xf0,0xf0,0xf0,0xf0,0xf0,0xf0,
    0xf0,0xf0,0x70,0xf0,0xf0,0xf0,0xf0,0xf0,0xf0,0xf0,0xf0,0xf0,0xf0,0xf0,0xf0,0x70,0x10,0x61,0xf0,0xf0,0xf0,0xf0,0xf0,0xb0,
    0x07,0x09,0x01,0xf0,0xf0,0xa0,0x11,0xf0,0xf0,0xf0,0x20,0x00,0x03,0x5e,0x0d,0x0b,0x06,0xf0,0xf0,0xf0,0xf0,0xf0,0x80,0x05,
    0x1f,0x08,0xf0,0xf0,0x90,0x01,0x0d,0x0e,0x05,0xf0,0xf0,0xf0,0x10,0x00,0x04,0x8f,0x0a,0xf0,0xf0,0xf0,0xf0,0x30,0x08,0x0d,
    0x08,0x90,0x01,0x1c,0x04,0x20,0x02,0x0d,0x0e,0x05,0xf0,0xf0,0x90,0x01,0x0e,0x0f,0x05,0xf0,0xf0,0x20,0x08,0x0d,0x08,0xb0,
    0x00,0x04,0x1f,0x05,0x22,0x04,0x0a,0x1f,0x07,0xf0,0xf0,0xf0,0xf0,0x20,0x0b,0x0f,0x0a,0x90,0x01,0x1f,0x05,0x30,0x11,0xf0,
    0xf0,0xa0,0x01,0x0e,0x0f,0x05,0xf0,0xf0,0x20,0x0b,0x0f,0x0a,0xb0,0x00,0x04,0x1f,0x03,0x40,0x0c,0x0f,0x0c,0x60,0x01,0xa0,
    0x11,0x20,0x11,0x20,0x11,0x50,0x11,0x60,0x11,0xa0,0x11,0x30,0x11,0x0a,0x0f,0x0a,0x11,0x60,0x01,0x02,0x0e,0x0f,0x05,0x11,
    0x10,0x11,0x30,0x11,0x10,0x03,0x05,0x02,0x20,0x01,0x04,0x05,0x02,0x80,0x11,0xa0,0x01,0x10,0x01,0x0e,0x0f,0x05,0xc0,0x01,
    0x70,0x11,0x40,0x21,0x00,0x11,0x0a,0x0f,0x0a,0x11,0x90,0x00,0x04,0x1f,0x04,0x40,0x07,0x0f,0x0e,0x01,0x20,0x02,0x09,0x0d,
    0x0e,0x0d,0x09,0x03,0x50,0x04,0x0b,0x0d,0x0e,0x0b,0x13,0x0e,0x0d,0x01,0x00,0x02,0x0d,0x0e,0x04,0x30,0x05,0x0e,0x0d,0x01,
    0x30,0x05,0x0a,0x0d,0x0e,0x0c,0x08,0x01,0x40,0x02,0x09,0x0d,0x1e,0x0b,0x05,0x10,0x07,0x0e,0x2f,0x1e,0x02,0x50,0x0b,0x0e,
    0x1f,0x1e,0x0a,0x00,0x02,0x1e,0x04,0x10,0x06,0x0e,0x0b,0x02,0x0c,0x1f,0x0e,0x05,0x00,0x06,0x0e,0x1f,0x0e,0x08,0x40,0x01,
    0x07,0x0c,0x1e,0x0b,0x06,0x50,0x02,0x09,0x0d,0x0e,0x0c,0x06,0x01,0x0e,0x0f,0x05,0x90,0x04,0x0a,0x0d,0x0e,0x0c,0x08,0x02,
    0x30,0x06,0x0e,0x0c,0x01,0x30,0x0a,0x0e,0x09,0x00,0x07,0x0e,0x2f,0x1e,0x02,0x80,0x00,0x04,0x1f,0x04,0x40,0x07,0x0f,0x0e,
    0x01,0x10,0x04,0x0e,0x1f,0x0e,0x2f,0x05,0x30,0x06,0x2f,0x0e,0x0f,0x0e,0x08,0x0f,0x0e,0x01,0x00,0x02,0x1f,0x04,0x30,0x06,
    0x0f,0x0e,0x01,0x20,0x08,0x2f,0x0e,0x1f,0x0d,0x02,0x20,0x03,0x0e,0x1f,0x0d,0x0e,0x1f,0x07,0x00,0x06,0x1e,0x0f,0x0e,0x1d,
    0x01,0x50,0x0a,0x0e,0x1f,0x1e,0x0a,0x00,0x02,0x1f,0x04,0x10,0x06,0x0f,0x1c,0x0e,0x0b,0x0e,0x0f,0x0e,0x06,0x0f,0x0d,0x0b,
    0x0e,0x1f,0x06,0x20,0x01,0x0c,0x1f,0x1e,0x1f,0x09,0x30,0x02,0x0d,0x4f,0x08,0x0d,0x0f,0x05,0x80,0x08,0x2f,0x0e,0x1f,0x0e,
    0x03,0x20,0x06,0x0f,0x0e,0x01,0x30,0x0b,0x0f,0x0a,0x00,0x06,0x1e,0x0f,0x0e,0x1d,0x01,0x80,0x00,0x04,0x1f,0x03,0x40,0x0b,
    0x0f,0x0c,0x10,0x01,0x0e,0x0f,0x0a,0x03,0x01,0x02,0x0a,0x0f,0x0e,0x02,0x10,0x02,0x1f,0x0c,0x04,0x01,0x03,0x0b,0x1f,0x0e,
    0x01,0x00,0x02,0x0e,0x0f,0x04,0x30,0x06,0x0f,0x0e,0x01,0x10,0x05,0x1f,0x07,0x02,0x01,0x04,0x0d,0x0f,0x0b,0x20,0x0b,0x0f,
    0x0c,0x03,0x11,0x08,0x0f,0x0e,0x02,0x00,0x01,0x0a,0x0f,0x0a,0x00,0x01,0x70,0x02,0x0e,0x0f,0x05,0x11,0x00,0x02,0x0e,0x0f,
    0x04,0x10,0x06,0x1f,0x0a,0x01,0x00,0x02,0x0d,0x1f,0x09,0x10,0x02,0x0d,0x0f,0x0c,0x20,0x0a,0x0f,0x0d,0x05,0x11,0x06,0x1f,
    0x06,0x20,0x0b,0x0f,0x0e,0x06,0x12,0x08,0x2f,0x05,0x70,0x05,0x1f,0x09,0x02,0x01,0x04,0x0d,0x0f,0x0d,0x01,0x10,0x06,0x0f,
    0x0d,0x01,0x30,0x0a,0x0f,0x0a,0x00,0x11,0x0a,0x0f,0x0a,0x00,0x01,0x90,0x00,0x04,0x1f,0x05,0x22,0x04,0x0a,0x1f,0x07,0x10,
    0x07,0x0f,0x0c,0x40,0x0c,0x0f,0x08,0x10,0x08,0x0f,0x0e,0x02,0x30,0x0d,0x0f,0x0e,0x01,0x00,0x02,0x0e,0x0f,0x04,0x30,0x06,
    0x0f,0x0e,0x01,0x10,0x0c,0x0f,0x08,0x30,0x03,0x1f,0x03,0x00,0x01,0x0d,0x0f,0x07,0x30,0x05,0x03,0x20,0x0a,0x0f,0x0a,0x90,
    0x01,0x0e,0x0f,0x05,0x20,0x02,0x0e,0x0f,0x04,0x10,0x06,0x0f,0x0e,0x02,0x20,0x07,0x0f,0x0e,0x01,0x20,0x07,0x0f,0x0d,0x01,
    0x00,0x03,0x1f,0x03,0x30,0x08,0x0f,0x0d,0x10,0x04,0x1f,0x06,0x30,0x09,0x1f,0x05,0x70,0x0c,0x0f,0x0b,0x30,0x03,0x0e,0x0f,
    0x07,0x10,0x06,0x0f,0x0d,0x01,0x30,0x0a,0x0f,0x0a,0x20,0x0a,0x0f,0x0a,0xb0,0x00,0x04,0x8f,0x0b,0x20,0x0b,0x0f,0x08,0x41,
    0x08,0x0f,0x0b,0x10,0x0c,0x0f,0x0a,0x40,0x08,0x0f,0x0e,0x01,0x00,0x02,0x0e,0x0f,0x04,0x30,0x06,0x0f,0x0e,0x01,0x00,0x02,
    0x1f,0x03,0x41,0x0c,0x0f,0x07,0x10,0x0c,0x0f,0x0d,0x05,0x01,0x60,0x0a,0x0f,0x0a,0x90,0x01,0x0e,0x0f,0x05,0x20,0x02,0x0e,
    0x0f,0x04,0x10,0x06,0x0f,0x0d,0x01,0x20,0x06,0x0f,0x0d,0x01,0x20,0x06,0x0f,0x0d,0x01,0x00,0x07,0x0f,0x0c,0x41,0x04,0x1f,
    0x03,0x00,0x07,0x0f,0x0e,0x01,0x30,0x03,0x1f,0x05,0x60,0x02,0x1f,0x05,0x40,0x0a,0x0f,0x0b,0x10,0x06,0x0f,0x0d,0x01,0x30,
    0x0a,0x0f,0x0a,0x20,0x0a,0x0f,0x0a,0xb0,0x00,0x04,0x1f,0x2e,0x2f,0x07,0x20,0x01,0x0d,0x8f,0x0d,0x10,0x0d,0x0f,0x07,0x40,
    0x05,0x0f,0x0e,0x01,0x00,0x02,0x0e,0x0f,0x04,0x30,0x06,0x0f,0x0e,0x01,0x00,0x04,0x9f,0x09,0x10,0x04,0x0e,0x1f,0x0e,0x0b,
    0x08,0x03,0x30,0x0a,0x0f,0x0a,0x90,0x01,0x0e,0x0f,0x05,0x20,0x02,0x0e,0x0f,0x04,0x10,0x06,0x0f,0x0d,0x01,0x20,0x06,0x0f,
    0x0d,0x01,0x20,0x06,0x0f,0x0d,0x01,0x00,0x09,0x9f,0x04,0x00,0x09,0x0f,0x0c,0x40,0x01,0x0e,0x0f,0x05,0x60,0x04,0x1f,0x03,
    0x40,0x08,0x0f,0x0c,0x10,0x06,0x0f,0x0d,0x01,0x30,0x0a,0x0f,0x0a,0x20,0x0a,0x0f,0x0a,0xb0,0x00,0x04,0x1f,0x04,0x11,0x03,
    0x0e,0x0f,0x08,0x20,0x01,0x0d,0x0f,0x0d,0x0b,0x0c,0x4b,0x0a,0x00,0x01,0x0d,0x0f,0x07,0x40,0x05,0x0f,0x0e,0x01,0x00,0x02,
    0x0e,0x0f,0x04,0x30,0x06,0x0f,0x0e,0x01,0x00,0x04,0x1f,0x0c,0x6b,0x07,0x20,0x03,0x09,0x0c,0x3f,0x08,0x20,0x0a,0x0f,0x0a,
    0x90,0x01,0x0e,0x0f,0x05,0x20,0x02,0x0e,0x0f,0x04,0x10,0x06,0x0f,0x0d,0x01,0x20,0x06,0x0f,0x0d,0x01,0x20,0x06,0x0f,0x0d,
    0x01,0x00,0x09,0x0f,0x0e,0x4b,0x0c,0x1b,0x03,0x00,0x09,0x0f,0x0b,0x40,0x01,0x0e,0x0f,0x05,0x60,0x04,0x1f,0x02,0x40,0x07,
    0x0f,0x0d,0x01,0x00,0x06,0x0f,0x0d,0x01,0x30,0x0a,0x0f,0x0a,0x20,0x0a,0x0f,0x0a,0xb0,0x00,0x04,0x1f,0x03,0x20,0x08,0x1f,
    0x03,0x20,0x0c,0x0f,0x07,0x90,0x0c,0x0f,0x09,0x40,0x07,0x0f,0x0e,0x01,0x00,0x02,0x0e,0x0f,0x04,0x30,0x06,0x0f,0x0e,0x01,
    0x00,0x03,0x1f,0x02,0xd0,0x02,0x05,0x0c,0x1f,0x04,0x10,0x0a,0x0f,0x0a,0x90,0x01,0x0e,0x0f,0x05,0x20,0x02,0x0e,0x0f,0x04,
    0x10,0x06,0x0f,0x0d,0x01,0x20,0x06,0x0f,0x0d,0x01,0x20,0x06,0x0f,0x0d,0x01,0x00,0x08,0x0f,0x0c,0x90,0x08,0x0f,0x0d,0x40,
    0x02,0x1f,0x05,0x60,0x03,0x1f,0x04,0x40,0x09,0x0f,0x0b,0x10,0x06,0x0f,0x0e,0x01,0x30,0x0b,0x0f,0x0a,0x20,0x0a,0x0f,0x0a,
    0xb0,0x00,0x04,0x1f,0x04,0x20,0x01,0x0e,0x0f,0x0b,0x20,0x09,0x0f,0x0b,0x40,0x03,0x02,0x20,0x0a,0x0f,0x0d,0x40,0x0b,0x0f,
    0x0e,0x01,0x00,0x01,0x0e,0x0f,0x08,0x30,0x0b,0x0f,0x0e,0x01,0x00,0x01,0x0d,0x0f,0x07,0x40,0x04,0x01,0x20,0x02,0x05,0x30,
    0x01,0x0e,0x0f,0x08,0x10,0x0a,0x0f,0x0a,0x90,0x01,0x0e,0x0f,0x05,0x20,0x02,0x0e,0x0f,0x04,0x10,0x06,0x0f,0x0d,0x01,0x20,
    0x06,0x0f,0x0d,0x01,0x20,0x06,0x0f,0x0d,0x01,0x00,0x04,0x0f,0x0e,0x02,0x30,0x01,0x03,0x01,0x10,0x05,0x1f,0x04,0x30,0x06,
    0x1f,0x05,0x60,0x01,0x0d,0x0f,0x08,0x40,0x0d,0x0f,0x08,0x10,0x05,0x1f,0x04,0x20,0x02,0x0e,0x0f,0x0a,0x20,0x0a,0x0f,0x0a,
    0x40,0x12,0x40,0x00,0x04,0x1f,0x04,0x30,0x07,0x1f,0x04,0x10,0x03,0x1f,0x07,0x20,0x03,0x0d,0x0f,0x08,0x10,0x04,0x1f,0x09,
    0x01,0x10,0x07,0x1f,0x0e,0x01,0x10,0x0b,0x0f,0x0e,0x06,0x02,0x03,0x09,0x1f,0x0e,0x01,0x10,0x08,0x0f,0x0e,0x04,0x20,0x06,
    0x1f,0x03,0x00,0x02,0x1f,0x07,0x20,0x04,0x0e,0x0f,0x06,0x10,0x0a,0x0f,0x0c,0x02,0x01,0x70,0x01,0x0e,0x0f,0x09,0x11,0x00,
    0x02,0x0e,0x0f,0x04,0x10,0x06,0x0f,0x0d,0x01,0x20,0x06,0x0f,0x0d,0x01,0x20,0x06,0x0f,0x0d,0x01,0x10,0x0c,0x0f,0x0b,0x02,
    0x10,0x01,0x0a,0x0f,0x0c,0x10,0x01,0x0d,0x0f,0x0c,0x02,0x10,0x03,0x0e,0x1f,0x05,0x70,0x08,0x0f,0x0e,0x05,0x10,0x01,0x09,
    0x1f,0x03,0x10,0x02,0x1f,0x0c,0x04,0x02,0x04,0x0c,0x0e,0x0f,0x0a,0x20,0x0a,0x0f,0x0c,0x02,0x01,0x10,0x04,0x1e,0x04,0x30,
    0x00,0x04,0x1f,0x04,0x30,0x01,0x0d,0x0f,0x0c,0x20,0x08,0x1f,0x0c,0x1a,0x1f,0x0e,0x02,0x20,0x0a,0x1f,0x0d,0x0a,0x0c,0x0f,
    0x0b,0x0f,0x0e,0x01,0x10,0x04,0x5f,0x07,0x0f,0x0e,0x01,0x10,0x01,0x0c,0x1f,0x0b,0x0a,0x0c,0x1f,0x0a,0x20,0x0a,0x1f,0x0b,
    0x09,0x0a,0x1f,0x0c,0x01,0x10,0x04,0x2f,0x0e,0x02,0x70,0x09,0x2f,0x0c,0x00,0x02,0x1f,0x04,0x10,0x06,0x0f,0x0e,0x01,0x20,
    0x06,0x0f,0x0d,0x01,0x20,0x06,0x0f,0x0d,0x01,0x10,0x03,0x0e,0x0f,0x0e,0x1a,0x0d,0x1f,0x06,0x20,0x05,0x1f,0x0e,0x0a,0x0b,
    0x0f,0x0b,0x0d,0x0f,0x05,0x70,0x01,0x0c,0x1f,0x0b,0x0a,0x0d,0x1f,0x07,0x30,0x08,0x4f,0x0b,0x09,0x0f,0x0a,0x20,0x04,0x2f,
    0x0e,0x03,0x00,0x09,0x1f,0x09,0x30,0x00,0x03,0x1e,0x03,0x40,0x06,0x1e,0x05,0x20,0x06,0x0d,0x3f,0x0b,0x02,0x40,0x09,0x0e,
    0x2f,0x06,0x04,0x0f,0x0e,0x01,0x20,0x04,0x0b,0x0d,0x0e,0x0b,0x02,0x03,0x0e,0x0d,0x01,0x20,0x01,0x09,0x0e,0x2f,0x0e,0x08,
    0x40,0x08,0x0e,0x2f,0x0e,0x0a,0x01,0x30,0x06,0x0c,0x1e,0x04,0x70,0x01,0x08,0x0d,0x0e,0x0c,0x00,0x02,0x1e,0x04,0x10,0x06,
    0x0e,0x0c,0x01,0x20,0x05,0x0e,0x0c,0x30,0x06,0x0e,0x0c,0x01,0x20,0x03,0x0b,0x3f,0x0c,0x05,0x40,0x05,0x0d,0x2f,0x0a,0x01,
    0x0c,0x0e,0x05,0x80,0x01,0x09,0x0e,0x2f,0x0d,0x06,0x50,0x06,0x0c,0x0e,0x0d,0x08,0x00,0x08,0x0e,0x09,0x30,0x06,0x0c,0x1e,
    0x04,0x00,0x03,0x1d,0x03,0x30,0x10,0x11,0x60,0x21,0x40,0x03,0x05,0x04,0x02,0x70,0x02,0x14,0x02,0x00,0x05,0x0f,0x0e,0x01,
    0x40,0x11,0x20,0x11,0x50,0x01,0x04,0x05,0x04,0x01,0x60,0x01,0x04,0x05,0x04,0x02,0x70,0x11,0xb0,0x01,0x20,0x11,0x30,0x11,
    0x40,0x11,0x40,0x11,0x50,0x02,0x04,0x05,0x03,0x70,0x01,0x04,0x05,0x03,0x10,0x11,0xb0,0x02,0x04,0x05,0x03,0x90,0x01,0x20,
    0x21,0x50,0x11,0x90,0xf0,0xf0,0x30,0x05,0x0f,0x0e,0x01,0xf0,0xf0,0xf0,0xf0,0xf0,0xf0,0xf0,0xf0,0xf0,0xf0,0xf0,0xf0,0x30,
    0x05,0x0f,0x0e,0x01,0xf0,0xf0,0xf0,0xf0,0xf0,0xf0,0xf0,0xf0,0xf0,0xf0,0xf0,0xf0,0x30,0x05,0x1f,0x01,0xf0,0xf0,0xf0,0xf0,
    0xf0,0xf0,0xf0,0xf0,0xf0,0xf0,0xf0,0xf0,0x30,0x03,0x0a,0x09,0x01,0xf0,0xf0,0xf0,0xf0,0xf0,0xf0,0xf0,0xf0,0xf0,0xf0,0xf0,
    0xf0,0xf0,0xf0,0xf0,0xf0,0xf0,0xf0,0xf0,0xf0,0xf0,0xf0,0xc0,0xf0,0xf0,0xf0,0xf0,0xf0,0xf0,0xf0,0xf0,0xf0,0xf0,0xf0,0xf0,
    0xc0,0xf0,0xf0,0xf0,0xf0,0xf0,0xf0,0xf0,0xf0,0xf0,0xf0,0xf0,0xf0,0xc0,0xf0,0xf0,0xf0,0xf0,0xf0,0xf0,0xf0,0xf0,0xf0,0xf0,
    0xf0,0xf0,0xc0,0xf0,0xf0,0xf0,0xf0,0xf0,0xf0,0xf0,0xf0,0xf0,0xf0,0xf0,0xf0,0xc0,0xf0,0xf0,0xf0,0xf0,0xf0,0xf0,0xf0,0xf0,
    0xf0,0xf0,0xf0,0xf0,0xc0,0xf0,0xf0,0xf0,0xf0,0xf0,0xf0,0xf0,0xf0,0xf0,0xf0,0xf0,0xf0,0xc0,0xf0,0xf0,0xf0,0xf0,0xf0,0xf0,
    0xf0,0xf0,0xf0,0xf0,0xf0,0xf0,0xc0,0x10,0x03,0x25,0x03,0xf0,0xf0,0xf0,0xf0,0xf0,0xf0,0xf0,0xf0,0xf0,0x85,0x04,0x03,0x01,
    0x70,0x03,0x25,0x03,0x30,0x03,0x35,0x01,0x80,0x01,0x25,0x04,0x40,0x10,0x0b,0x2f,0x08,0xf0,0xf0,0xf0,0xf0,0xf0,0xf0,0xf0,
    0xf0,0xe0,0x01,0xaf,0x0d,0x09,0x03,0x50,0x0a,0x2f,0x08,0x30,0x0a,0x3f,0x09,0x80,0x05,0x2f,0x0e,0x01,0x30,0x10,0x0a,0x0f,
    0x0e,0x0f,0x08,0xf0,0xf0,0xf0,0xf0,0xf0,0xf0,0xf0,0xb0,0x02,0x27,0x06,0xd0,0x01,0x0e,0xbf,0x0e,0x06,0x40,0x0a,0x0f,0x0e,
    0x0f,0x08,0x30,0x0a,0x4f,0x03,0x70,0x04,0x2f,0x0d,0x01,0x30,0x10,0x0a,0x2f,0x08,0xf0,0xf0,0xf0,0xf0,0xf0,0xf0,0xf0,0xb0,
    0x04,0x2f,0x0d,0xd0,0x01,0x0e,0xdf,0x05,0x30,0x0a,0x2f,0x08,0x30,0x0a,0x4f,0x0c,0x70,0x04,0x2f,0x0d,0x01,0x30,0x10,0x0a,
    0x2f,0x08,0xf0,0xf0,0xf0,0xf0,0xf0,0xf0,0xf0,0xb0,0x04,0x2f,0x0c,0xd0,0x01,0x0e,0x2f,0x05,0x33,0x05,0x0a,0x3f,0x0e,0x01,
    0x20,0x0a,0x2f,0x08,0x30,0x0a,0x5f,0x07,0x60,0x04,0x2f,0x0d,0x01,0x30,0x10,0x0a,0x2f,0x08,0xf0,0xf0,0xf0,0xf0,0xf0,0xf0,
    0xf0,0xb0,0x03,0x2f,0x0c,0xd0,0x01,0x0e,0x2f,0x03,0x50,0x06,0x3f,0x06,0x20,0x0a,0x2f,0x08,0x30,0x0a,0x5f,0x0e,0x02,0x50,
    0x04,0x2f,0x0d,0x01,0x30,0x10,0x0a,0x2f,0x08,0x30,0x04,0x25,0x10,0x01,0x05,0x09,0x0a,0x09,0x05,0x01,0x90,0x01,0x04,0x08,
    0x09,0x0a,0x08,0x05,0x01,0xa0,0x02,0x06,0x08,0x0a,0x09,0x07,0x04,0x70,0x01,0x25,0x04,0x10,0x05,0x09,0x0a,0x07,0x10,0x01,
    0x25,0x04,0x10,0x05,0x09,0x0a,0x07,0x50,0x03,0x07,0x09,0x0a,0x08,0x06,0x02,0xb0,0x03,0x07,0x09,0x0a,0x09,0x06,0x03,0x40,
    0x04,0x05,0x07,0x2f,0x0d,0x25,0x01,0x90,0x01,0x0e,0x2f,0x03,0x60,0x0b,0x2f,0x0a,0x20,0x0a,0x2f,0x08,0x30,0x0a,0x2f,0x0a,
    0x2f,0x0b,0x50,0x04,0x2f,0x0d,0x01,0x30,0x10,0x0a,0x2f,0x08,0x30,0x0d,0x2f,0x00,0x03,0x0d,0x4f,0x0d,0x04,0x70,0x06,0x0d,
    0x5f,0x0e,0x08,0x70,0x01,0x09,0x0e,0x5f,0x0c,0x05,0x50,0x03,0x2f,0x0c,0x01,0x0b,0x2f,0x0c,0x10,0x03,0x2f,0x0c,0x01,0x0b,
    0x2f,0x0c,0x30,0x03,0x0b,0x5f,0x0e,0x08,0x01,0x70,0x03,0x0b,0x6f,0x0a,0x02,0x20,0x0b,0x8f,0x04,0x90,0x01,0x0e,0x2f,0x03,
    0x60,0x06,0x2f,0x0c,0x20,0x0a,0x2f,0x08,0x30,0x0a,0x2f,0x06,0x0b,0x2f,0x05,0x40,0x04,0x2f,0x0d,0x01,0x30,0x10,0x0a,0x2f,
    0x08,0x30,0x0c,0x1f,0x0e,0x03,0x0e,0x6f,0x0e,0x03,0x50,0x09,0x9f,0x0b,0x01,0x40,0x02,0x0c,0x9f,0x07,0x40,0x03,0x2f,0x0a,
    0x08,0x3f,0x0b,0x10,0x03,0x2f,0x0a,0x08,0x3f,0x0b,0x20,0x05,0x9f,0x0c,0x01,0x50,0x05,0x9f,0x0e,0x03,0x10,0x0a,0x8f,0x04,
    0x90,0x01,0x0e,0x2f,0x03,0x60,0x05,0x2f,0x0d,0x20,0x0a,0x2f,0x08,0x30,0x0a,0x2f,0x06,0x03,0x2f,0x0d,0x01,0x30,0x04,0x2f,
    0x0d,0x01,0x30,0x10,0x0a,0x2f,0x08,0x30,0x0c,0x1f,0x0e,0x0c,0x0f,0x0e,0x1c,0x4f,0x0b,0x40,0x08,0x3f,0x0e,0x1a,0x0d,0x3f,
    0x09,0x30,0x01,0x0c,0x3f,0x0c,0x0a,0x0b,0x0e,0x3f,0x05,0x30,0x03,0x2f,0x0d,0x0e,0x1f,0x1e,0x0b,0x10,0x03,0x2f,0x0d,0x0e,
    0x1f,0x1e,0x0b,0x10,0x03,0x3f,0x0d,0x09,0x08,0x0a,0x3f,0x0a,0x40,0x03,0x4f,0x0b,0x0a,0x0b,0x3f,0x0d,0x01,0x00,0x08,0x0c,
    0x0d,0x3f,0x2c,0x03,0x90,0x01,0x0e,0x2f,0x03,0x60,0x07,0x2f,0x0c,0x20,0x0a,0x2f,0x08,0x30,0x0a,0x2f,0x08,0x00,0x0b,0x2f,
    0x09,0x30,0x04,0x2f,0x0d,0x01,0x30,0x10,0x0a,0x2f,0x08,0x30,0x0c,0x3f,0x0a,0x02,0x10,0x03,0x0c,0x3f,0x02,0x20,0x03,0x3f,
    0x09,0x01,0x20,0x07,0x3f,0x03,0x20,0x07,0x3f,0x06,0x20,0x02,0x0b,0x2f,0x0e,0x01,0x20,0x03,0x4f,0x0a,0x03,0x11,0x02,0x10,
    0x03,0x4f,0x0a,0x03,0x11,0x02,0x10,0x0c,0x2f,0x09,0x01,0x20,0x03,0x0e,0x2f,0x04,0x30,0x0c,0x2f,0x0d,0x03,0x20,0x04,0x0e,
    0x0f,0x0e,0x0f,0x08,0x20,0x03,0x2f,0x0c,0xd0,0x01,0x0e,0x2f,0x03,0x60,0x0c,0x2f,0x0a,0x20,0x0a,0x2f,0x08,0x30,0x0a,0x2f,
    0x08,0x00,0x03,0x3f,0x03,0x20,0x04,0x2f,0x0d,0x01,0x30,0x10,0x0a,0x2f,0x08,0x30,0x0c,0x2f,0x0c,0x40,0x02,0x0e,0x2f,0x05,
    0x20,0x09,0x2f,0x0c,0x50,0x0a,0x1f,0x0e,0x06,0x10,0x01,0x0d,0x2f,0x07,0x40,0x01,0x0d,0x2f,0x06,0x20,0x03,0x3f,0x09,0x60,
    0x03,0x3f,0x09,0x50,0x04,0x2f,0x0c,0x30,0x01,0x00,0x05,0x2f,0x0a,0x20,0x04,0x2f,0x0e,0x03,0x40,0x05,0x2f,0x0a,0x20,0x03,
    0x2f,0x0c,0xd0,0x01,0x0e,0x2f,0x02,0x50,0x08,0x3f,0x05,0x20,0x0a,0x2f,0x08,0x30,0x0a,0x2f,0x09,0x10,0x09,0x2f,0x0c,0x20,
    0x04,0x2f,0x0d,0x01,0x30,0x10,0x0a,0x2f,0x08,0x30,0x0c,0x2f,0x06,0x50,0x0b,0x2f,0x06,0x20,0x0d,0x2f,0x05,0x50,0x03,0x07,
    0x04,0x01,0x20,0x04,0x2f,0x0e,0x01,0x50,0x07,0x2f,0x0b,0x20,0x03,0x2f,0x0e,0x02,0x60,0x03,0x2f,0x0e,0x02,0x50,0x09,0x2f,
    0x04,0x60,0x0d,0x1f,0x0e,0x01,0x10,0x09,0x2f,0x0a,0x60,0x07,0x05,0x02,0x01,0x20,0x03,0x2f,0x0c,0xd0,0x01,0x0e,0x2f,0x07,
    0x35,0x07,0x0c,0x3f,0x0c,0x30,0x0a,0x2f,0x08,0x30,0x0a,0x2f,0x09,0x10,0x01,0x0e,0x2f,0x07,0x10,0x04,0x2f,0x0d,0x01,0x30,
    0x10,0x0a,0x2f,0x08,0x30,0x0c,0x2f,0x04,0x50,0x0a,0x2f,0x06,0x10,0x02,0x2f,0x0e,0x01,0xc0,0x07,0x2f,0x0b,0x60,0x04,0x2f,
    0x0d,0x20,0x03,0x2f,0x0d,0x70,0x03,0x2f,0x0d,0x60,0x0b,0x2f,0x07,0x65,0x0c,0x2f,0x03,0x10,0x0b,0x2f,0x06,0xd0,0x03,0x2f,
    0x0c,0xd0,0x01,0x0e,0xcf,0x0e,0x03,0x30,0x0a,0x2f,0x08,0x30,0x0a,0x2f,0x09,0x20,0x06,0x2f,0x0e,0x02,0x00,0x04,0x2f,0x0d,
    0x01,0x30,0x10,0x0a,0x2f,0x08,0x30,0x0c,0x2f,0x04,0x50,0x0a,0x2f,0x06,0x10,0x04,0x2f,0x0d,0xd0,0x08,0x2f,0x09,0x60,0x02,
    0x2f,0x0e,0x01,0x10,0x03,0x2f,0x0d,0x70,0x03,0x2f,0x0d,0x60,0x0d,0xef,0x04,0x10,0x0d,0x2f,0x04,0xd0,0x03,0x2f,0x0c,0xd0,
    0x01,0x0e,0xbf,0x0c,0x03,0x40,0x0a,0x2f,0x08,0x30,0x0a,0x2f,0x09,0x30,0x0b,0x2f,0x0b,0x00,0x04,0x2f,0x0d,0x01,0x30,0x10,
    0x0a,0x2f,0x08,0x30,0x0c,0x2f,0x04,0x50,0x0a,0x2f,0x06,0x10,0x04,0x2f,0x0d,0xd0,0x09,0x2f,0x08,0x60,0x01,0x0e,0x1f,0x0e,
    0x02,0x10,0x03,0x2f,0x0d,0x70,0x03,0x2f,0x0d,0x50,0x01,0x0d,0xef,0x04,0x00,0x01,0x0d,0x2f,0x04,0xd0,0x03,0x2f,0x0c,0xd0,
    0x01,0x0e,0x7f,0x0e,0x0d,0x0b,0x06,0x01,0x50,0x0a,0x2f,0x08,0x30,0x0a,0x2f,0x09,0x30,0x02,0x0e,0x2f,0x13,0x2f,0x0d,0x01,
    0x30,0x10,0x0a,0x2f,0x08,0x30,0x0c,0x2f,0x04,0x50,0x0a,0x2f,0x06,0x10,0x03,0x2f,0x0d,0x01,0xc0,0x08,0x2f,0x09,0x60,0x02,
    0x2f,0x0e,0x01,0x10,0x03,0x2f,0x0d,0x70,0x03,0x2f,0x0d,0x60,0x0c,0x2f,0x08,0x06,0x07,0x46,0x17,0x06,0x07,0x02,0x10,0x0c,
    0x2f,0x04,0xd0,0x03,0x2f,0x0c,0xd0,0x01,0x0e,0x2f,0x05,0x32,0x11,0x80,0x0a,0x2f,0x08,0x30,0x0a,0x2f,0x09,0x40,0x07,0x2f,
    0x0b,0x03,0x2f,0x0d,0x01,0x30,0x10,0x0a,0x2f,0x08,0x30,0x0c,0x2f,0x04,0x50,0x0a,0x2f,0x06,0x10,0x02,0x0e,0x2f,0x02,0x60,
    0x01,0x40,0x06,0x2f,0x0c,0x60,0x04,0x2f,0x0d,0x20,0x03,0x2f,0x0d,0x70,0x03,0x2f,0x0d,0x60,0x0b,0x2f,0x03,0xd0,0x0b,0x2f,
    0x07,0x60,0x01,0x50,0x03,0x2f,0x0c,0xd0,0x01,0x0e,0x2f,0x03,0xe0,0x0a,0x2f,0x08,0x30,0x0a,0x2f,0x09,0x50,0x0c,0x2f,0x07,
    0x0e,0x1f,0x0d,0x01,0x30,0x10,0x0a,0x2f,0x08,0x30,0x0c,0x2f,0x04,0x50,0x0a,0x2f,0x06,0x20,0x0c,0x2f,0x07,0x50,0x05,0x0d,
    0x0a,0x08,0x03,0x10,0x03,0x3f,0x02,0x50,0x09,0x2f,0x0a,0x20,0x03,0x2f,0x0d,0x70,0x03,0x2f,0x0d,0x60,0x08,0x2f,0x08,0x00,
    0x01,0x40,0x01,0x50,0x07,0x2f,0x0c,0x50,0x01,0x0d,0x0b,0x09,0x05,0x20,0x03,0x2f,0x0c,0xd0,0x01,0x0e,0x2f,0x03,0xe0,0x0a,
    0x2f,0x08,0x30,0x0a,0x2f,0x09,0x50,0x04,0x2f,0x0d,0x0e,0x1f,0x0d,0x01,0x30,0x10,0x0a,0x2f,0x08,0x30,0x0c,0x2f,0x04,0x50,
    0x0a,0x2f,0x06,0x20,0x07,0x2f,0x0e,0x02,0x30,0x01,0x0c,0x2f,0x07,0x20,0x0c,0x2f,0x0a,0x40,0x04,0x3f,0x04,0x20,0x03,0x2f,
    0x0d,0x70,0x03,0x2f,0x0d,0x60,0x03,0x2f,0x0e,0x02,0x40,0x02,0x0d,0x0c,0x09,0x06,0x20,0x03,0x3f,0x06,0x40,0x08,0x2f,0x0c,
    0x20,0x03,0x2f,0x0d,0xd0,0x01,0x0e,0x2f,0x03,0xe0,0x0a,0x2f,0x08,0x30,0x0a,0x2f,0x09,0x60,0x09,0x5f,0x0d,0x01,0x30,0x10,
    0x0a,0x2f,0x08,0x30,0x0c,0x2f,0x04,0x50,0x0a,0x2f,0x06,0x20,0x01,0x0e,0x2f,0x0d,0x05,0x11,0x04,0x0b,0x2f,0x0e,0x01,0x20,
    0x05,0x3f,0x0a,0x03,0x01,0x02,0x06,0x0e,0x2f,0x0c,0x30,0x03,0x2f,0x0d,0x70,0x03,0x2f,0x0d,0x70,0x0a,0x2f,0x0d,0x05,0x01,
    0x00,0x01,0x04,0x0d,0x2f,0x0b,0x30,0x0a,0x3f,0x07,0x02,0x01,0x02,0x08,0x3f,0x05,0x20,0x02,0x3f,0x05,0x01,0x02,0xa0,0x01,
    0x0e,0x2f,0x03,0xe0,0x0a,0x2f,0x08,0x30,0x0a,0x2f,0x09,0x60,0x01,0x0e,0x4f,0x0d,0x01,0x30,0x10,0x0a,0x2f,0x08,0x30,0x0c,
    0x2f,0x04,0x50,0x0a,0x2f,0x06,0x30,0x04,0x4f,0x1e,0x4f,0x05,0x40,0x09,0x4f,0x1e,0x3f,0x0e,0x02,0x30,0x03,0x2f,0x0d,0x70,
    0x03,0x2f,0x0d,0x70,0x01,0x0d,0x3f,0x0e,0x0c,0x0e,0x3f,0x0e,0x02,0x30,0x01,0x0d,0x4f,0x0e,0x4f,0x0a,0x40,0x0d,0x3f,0x1e,
    0x03,0x90,0x01,0x0e,0x2f,0x03,0xe0,0x0a,0x2f,0x08,0x30,0x0a,0x2f,0x09,0x70,0x05,0x4f,0x0d,0x01,0x30,0x10,0x0a,0x2f,0x08,
    0x30,0x0c,0x2f,0x04,0x50,0x0a,0x2f,0x06,0x40,0x05,0x0e,0x8f,0x07,0x60,0x09,0x8f,0x0d,0x03,0x40,0x03,0x2f,0x0d,0x70,0x03,
    0x2f,0x0d,0x80,0x02,0x0c,0x8f,0x0d,0x03,0x50,0x02,0x0c,0x8f,0x0a,0x01,0x40,0x05,0x5f,0x06,0x90,0x01,0x0e,0x2f,0x03,0xe0,
    0x0a,0x2f,0x08,0x30,0x0a,0x2f,0x09,0x80,0x0b,0x3f,0x0e,0x01,0x30,0x10,0x09,0x2e,0x07,0x30,0x0b,0x2e,0x03,0x50,0x09,0x2e,
    0x06,0x50,0x02,0x09,0x0d,0x3f,0x0e,0x0a,0x03,0x80,0x04,0x0b,0x0e,0x3f,0x0d,0x08,0x01,0x50,0x03,0x2e,0x0c,0x70,0x03,0x2e,
    0x0c,0x90,0x01,0x07,0x0c,0x4f,0x0d,0x08,0x01,0x80,0x07,0x0c,0x4f,0x0c,0x06,0x70,0x05,0x0d,0x3f,0x09,0x90,0x01,0x0d,0x2e,
    0x03,0xe0,0x09,0x2e,0x07,0x30,0x09,0x2e,0x08,0x80,0x02,0x0d,0x2e,0x0d,0x01,0x30,0x10,0x31,0x40,0x31,0x60,0x31,0x80,0x01,
    0x03,0x04,0x05,0x04,0x01,0xc0,0x02,0x04,0x05,0x04,0x03,0x90,0x31,0x80,0x31,0xc0,0x02,0x04,0x05,0x04,0x03,0xd0,0x02,0x04,
    0x05,0x04,0x02,0xb0,0x03,0x15,0x03,0x01,0xa0,0x31,0xf0,0x31,0x40,0x41,0x90,0x41,0x40,0xf0,0xf0,0xf0,0xf0,0xf0,0xf0,0xf0,
    0xf0,0xf0,0xf0,0xf0,0xf0,0xc0,0xf0,0xf0,0xf0,0xf0,0xf0,0xf0,0xf0,0xf0,0xf0,0xf0,0xf0,0xf0,0xc0,0xf0,0xf0,0xf0,0xf0,0xf0,
    0xf0,0xf0,0xf0,0xf0,0xf0,0xf0,0xf0,0xc0,0xf0,0xf0,0xf0,0xf0,0xf0,0xf0,0xf0,0xf0,0xf0,0xf0,0xf0,0xf0,0xc0,0xf0,0xf0,0xf0,
    0xf0,0xf0,0xf0,0xf0,0xf0,0xf0,0xa0,0xf0,0xf0,0xf0,0xf0,0xf0,0xf0,0xf0,0xf0,0xf0,0xa0,0xf0,0xf0,0xf0,0xf0,0xf0,0xf0,0xf0,
    0xf0,0xf0,0xa0,0xf0,0xf0,0xf0,0xf0,0xf0,0xf0,0xf0,0xf0,0xf0,0xa0,0xf0,0xf0,0xf0,0xf0,0xf0,0xf0,0xf0,0xf0,0xf0,0xa0,0x00,
    0xb1,0xf0,0xf0,0xf0,0xf0,0x20,0x02,0x09,0x06,0xf0,0x70,0x02,0x08,0x1a,0x05,0xf0,0xf0,0xa0,0x01,0x0d,0xae,0x06,0xf0,0xf0,
    0xf0,0xf0,0x10,0x0a,0x1f,0x03,0xf0,0x50,0x03,0x0e,0x2f,0x08,0xf0,0xf0,0xa0,0x01,0x0e,0xaf,0x06,0xf0,0xf0,0xf0,0xf0,0x10,
    0x06,0x0e,0x0c,0x02,0xf0,0x50,0x0a,0x0f,0x0e,0x07,0x05,0x02,0xf0,0xf0,0xa0,0x00,0x32,0x03,0x0e,0x0f,0x07,0x32,0x01,0xf0,
    0xf0,0xf0,0xf0,0x20,0x02,0xf0,0x70,0x0c,0x0f,0x09,0xf0,0xf0,0xd0,0x40,0x01,0x0e,0x0f,0x06,0x50,0x11,0x00,0x01,0x14,0x00,
    0x21,0x60,0x11,0xb0,0x01,0xa0,0x11,0x20,0x11,0x60,0x11,0x60,0x11,0x20,0x21,0x20,0x01,0xa0,0x11,0x0c,0x0f,0x08,0x11,0x20,
    0x11,0x00,0x01,0x14,0x50,0x11,0x60,0x11,0x10,0x02,0x05,0x03,0x30,0x03,0x05,0x03,0x50,0x40,0x02,0x0e,0x0f,0x06,0x40,0x06,
    0x0e,0x0b,0x03,0x0d,0x1f,0x01,0x04,0x1e,0x03,0x40,0x08,0x0e,0x0c,0x01,0x70,0x04,0x0a,0x0d,0x0e,0x0d,0x0a,0x04,0x50,0x04,
    0x0a,0x0d,0x0e,0x0b,0x13,0x0e,0x0d,0x01,0x20,0x02,0x08,0x0c,0x1e,0x0b,0x06,0x30,0x06,0x0e,0x0d,0x01,0x10,0x0a,0x0e,0x07,
    0x01,0x09,0x0d,0x0e,0x0c,0x06,0x70,0x02,0x1e,0x2f,0x1e,0x04,0x00,0x06,0x0e,0x0b,0x03,0x0d,0x1f,0x01,0x20,0x07,0x0b,0x1e,
    0x0b,0x06,0x30,0x02,0x1e,0x03,0x08,0x2f,0x09,0x00,0x02,0x0c,0x2f,0x0b,0x02,0x30,0x40,0x01,0x0e,0x0f,0x06,0x40,0x06,0x0f,
    0x1d,0x0f,0x0d,0x0c,0x11,0x0e,0x0f,0x08,0x40,0x0d,0x0f,0x09,0x70,0x07,0x2f,0x0e,0x2f,0x05,0x30,0x06,0x2f,0x0e,0x1f,0x08,
    0x1f,0x01,0x10,0x03,0x0e,0x1f,0x1e,0x1f,0x0a,0x20,0x06,0x0f,0x0e,0x01,0x10,0x0b,0x0f,0x08,0x0c,0x4f,0x06,0x60,0x02,0x1d,
    0x1f,0x0e,0x0d,0x0e,0x03,0x00,0x06,0x0f,0x1d,0x0f,0x0d,0x0c,0x01,0x00,0x01,0x0b,0x5f,0x0b,0x01,0x10,0x02,0x1f,0x0b,0x0f,
    0x0b,0x0d,0x1f,0x06,0x0d,0x0f,0x0b,0x0d,0x1f,0x0b,0x30,0x40,0x01,0x0e,0x0f,0x06,0x40,0x06,0x1f,0x0c,0x03,0x30,0x08,0x0f,
    0x0d,0x30,0x04,0x1f,0x03,0x60,0x03,0x1f,0x09,0x02,0x01,0x02,0x0b,0x0f,0x0d,0x01,0x10,0x02,0x1f,0x0c,0x04,0x01,0x03,0x0b,
    0x1f,0x0e,0x01,0x10,0x0c,0x0f,0x0c,0x04,0x11,0x07,0x1f,0x04,0x10,0x06,0x0f,0x0d,0x01,0x10,0x0b,0x0f,0x0e,0x0b,0x03,0x02,
    0x05,0x0d,0x0f,0x0e,0x01,0x70,0x01,0x0c,0x0f,0x08,0x00,0x01,0x10,0x06,0x1f,0x0c,0x03,0x30,0x0a,0x0f,0x0e,0x06,0x12,0x07,
    0x0e,0x0f,0x09,0x10,0x02,0x0e,0x0f,0x0e,0x03,0x00,0x01,0x09,0x1f,0x0d,0x02,0x00,0x01,0x09,0x1f,0x02,0x20,0x40,0x01,0x0e,
    0x0f,0x06,0x40,0x06,0x1f,0x03,0x40,0x03,0x1f,0x04,0x20,0x09,0x0f,0x0c,0x70,0x01,0x04,0x06,0x30,0x03,0x1f,0x03,0x10,0x08,
    0x0f,0x0e,0x02,0x30,0x0d,0x0f,0x0e,0x01,0x10,0x03,0x06,0x03,0x30,0x0c,0x0f,0x08,0x10,0x06,0x0f,0x0d,0x01,0x10,0x0b,0x0f,
    0x0d,0x01,0x20,0x05,0x1f,0x04,0x80,0x0c,0x0f,0x08,0x30,0x06,0x1f,0x03,0x30,0x03,0x1f,0x06,0x30,0x07,0x1f,0x02,0x00,0x02,
    0x0e,0x0f,0x06,0x20,0x02,0x1f,0x06,0x20,0x02,0x1f,0x04,0x20,0x40,0x01,0x0e,0x0f,0x06,0x40,0x06,0x0f,0x0d,0x01,0x50,0x0c,
    0x0f,0x09,0x10,0x01,0x0d,0x0f,0x07,0xc0,0x01,0x02,0x07,0x1f,0x04,0x10,0x0c,0x0f,0x0a,0x40,0x07,0x0f,0x0e,0x01,0x60,0x01,
    0x04,0x0d,0x0f,0x08,0x10,0x06,0x0f,0x0d,0x01,0x10,0x0b,0x0f,0x0a,0x30,0x02,0x0e,0x0f,0x05,0x80,0x0c,0x0f,0x08,0x30,0x06,
    0x0f,0x0d,0x01,0x30,0x07,0x0f,0x0e,0x01,0x30,0x01,0x0e,0x0f,0x06,0x00,0x02,0x0e,0x0f,0x04,0x20,0x02,0x0e,0x0f,0x04,0x20,
    0x02,0x0e,0x0f,0x04,0x20,0x40,0x01,0x0e,0x0f,0x06,0x40,0x06,0x0f,0x0d,0x01,0x50,0x06,0x0f,0x0d,0x01,0x00,0x05,0x0f,0x0e,
    0x02,0x80,0x01,0x06,0x0a,0x0c,0x0e,0x3f,0x04,0x00,0x01,0x0d,0x0f,0x07,0x40,0x05,0x0f,0x0e,0x01,0x20,0x04,0x08,0x0b,0x0e,
    0x3f,0x09,0x10,0x06,0x0f,0x0d,0x01,0x10,0x0b,0x0f,0x09,0x30,0x02,0x0e,0x0f,0x05,0x80,0x0c,0x0f,0x08,0x30,0x06,0x0f,0x0d,
    0x01,0x30,0x09,0x0f,0x0c,0x50,0x0c,0x0f,0x08,0x00,0x02,0x0e,0x0f,0x04,0x20,0x02,0x0e,0x0f,0x04,0x20,0x02,0x0e,0x0f,0x04,
    0x20,0x40,0x01,0x0e,0x0f,0x06,0x40,0x06,0x0f,0x0d,0x01,0x50,0x02,0x0e,0x0f,0x05,0x00,0x0a,0x0f,0x0a,0x80,0x01,0x0c,0x1f,
    0x0e,0x0b,0x09,0x07,0x1f,0x04,0x00,0x01,0x0d,0x0f,0x07,0x40,0x05,0x0f,0x0e,0x01,0x10,0x08,0x2f,0x0c,0x0a,0x07,0x0c,0x0f,
    0x08,0x10,0x06,0x0f,0x0d,0x01,0x10,0x0b,0x0f,0x09,0x30,0x02,0x0e,0x0f,0x05,0x80,0x0c,0x0f,0x08,0x30,0x06,0x0f,0x0d,0x01,
    0x30,0x09,0x0f,0x0b,0x50,0x0c,0x0f,0x08,0x00,0x02,0x0e,0x0f,0x04,0x20,0x02,0x0e,0x0f,0x04,0x20,0x02,0x0e,0x0f,0x04,0x20,
    0x40,0x01,0x0e,0x0f,0x06,0x40,0x06,0x0f,0x0d,0x01,0x60,0x0a,0x0f,0x09,0x00,0x0e,0x0f,0x05,0x80,0x08,0x0f,0x0d,0x04,0x20,
    0x01,0x1f,0x04,0x10,0x0c,0x0f,0x09,0x40,0x07,0x0f,0x0e,0x02,0x00,0x04,0x1f,0x07,0x01,0x20,0x0b,0x0f,0x08,0x10,0x06,0x0f,
    0x0d,0x01,0x10,0x0b,0x0f,0x09,0x30,0x02,0x0e,0x0f,0x05,0x80,0x0c,0x0f,0x08,0x30,0x06,0x0f,0x0d,0x01,0x30,0x08,0x0f,0x0d,
    0x40,0x01,0x0d,0x0f,0x07,0x00,0x02,0x0e,0x0f,0x04,0x20,0x02,0x0e,0x0f,0x04,0x20,0x02,0x0e,0x0f,0x04,0x20,0x40,0x01,0x0e,
    0x0f,0x06,0x40,0x06,0x0f,0x0d,0x01,0x60,0x05,0x0f,0x0c,0x05,0x0f,0x0d,0x01,0x80,0x0b,0x0f,0x08,0x30,0x04,0x1f,0x04,0x10,
    0x09,0x0f,0x0e,0x01,0x30,0x0c,0x0f,0x0e,0x02,0x00,0x06,0x0f,0x0d,0x40,0x0d,0x0f,0x08,0x10,0x06,0x0f,0x0d,0x01,0x10,0x0b,
    0x0f,0x09,0x30,0x02,0x0e,0x0f,0x05,0x80,0x0c,0x0f,0x08,0x30,0x06,0x0f,0x0d,0x01,0x30,0x04,0x1f,0x04,0x30,0x04,0x1f,0x04,
    0x00,0x02,0x0e,0x0f,0x04,0x20,0x02,0x0e,0x0f,0x04,0x20,0x02,0x0e,0x0f,0x04,0x20,0x40,0x01,0x0e,0x0f,0x06,0x40,0x06,0x0f,
    0x0d,0x01,0x60,0x01,0x0d,0x0e,0x0b,0x0f,0x08,0x90,0x0a,0x0f,0x0c,0x01,0x10,0x02,0x0d,0x1f,0x04,0x10,0x03,0x1f,0x0b,0x03,
    0x01,0x03,0x0a,0x1f,0x0e,0x02,0x00,0x05,0x0f,0x0e,0x04,0x10,0x01,0x09,0x1f,0x09,0x10,0x06,0x0f,0x0d,0x01,0x10,0x0b,0x0f,
    0x09,0x30,0x02,0x0e,0x0f,0x05,0x80,0x0c,0x0f,0x08,0x30,0x06,0x0f,0x0d,0x01,0x40,0x0c,0x0f,0x0c,0x02,0x10,0x02,0x0d,0x0f,
    0x0c,0x10,0x02,0x0e,0x0f,0x04,0x20,0x02,0x0e,0x0f,0x04,0x20,0x02,0x0e,0x0f,0x04,0x20,0x40,0x01,0x0e,0x0f,0x06,0x40,0x06,
    0x0f,0x0e,0x01,0x70,0x08,0x2f,0x03,0x90,0x04,0x1f,0x0d,0x0a,0x0b,0x0f,0x0c,0x0e,0x0f,0x04,0x20,0x07,0x2f,0x0e,0x0f,0x0e,
    0x08,0x0f,0x0e,0x01,0x00,0x01,0x0d,0x1f,0x0b,0x0a,0x1e,0x0c,0x0f,0x09,0x10,0x06,0x0f,0x0e,0x01,0x10,0x0b,0x0f,0x09,0x30,
    0x02,0x0e,0x0f,0x05,0x80,0x0c,0x0f,0x08,0x30,0x06,0x0f,0x0e,0x01,0x40,0x03,0x0e,0x0f,0x0e,0x0a,0x0b,0x0e,0x0f,0x0e,0x03,
    0x10,0x02,0x1f,0x04,0x20,0x02,0x1f,0x04,0x20,0x02,0x1f,0x04,0x20,0x40,0x01,0x0d,0x0e,0x06,0x40,0x06,0x0e,0x0c,0x01,0x70,
    0x03,0x1f,0x0c,0xb0,0x05,0x0d,0x2f,0x09,0x02,0x0d,0x0e,0x03,0x30,0x05,0x0a,0x0d,0x0e,0x0b,0x02,0x04,0x0f,0x0e,0x01,0x10,
    0x02,0x0b,0x2f,0x0c,0x03,0x09,0x0e,0x08,0x10,0x06,0x0e,0x0c,0x01,0x10,0x0a,0x0e,0x09,0x30,0x01,0x0d,0x0e,0x04,0x80,0x0b,
    0x0e,0x07,0x30,0x06,0x0e,0x0c,0x01,0x50,0x03,0x0b,0x3f,0x0b,0x03,0x20,0x02,0x0d,0x0e,0x04,0x20,0x02,0x0d,0x0e,0x04,0x20,
    0x02,0x1e,0x04,0x20,0x50,0x11,0x60,0x11,0x80,0x01,0x0e,0x0f,0x06,0xd0,0x13,0x02,0x10,0x11,0x60,0x11,0x10,0x05,0x0f,0x0e,
    0x01,0x30,0x02,0x04,0x02,0x10,0x21,0x20,0x11,0x20,0x21,0x40,0x11,0x90,0x11,0x50,0x11,0x80,0x02,0x14,0x02,0x50,0x11,0x40,
    0x11,0x40,0x11,0x30,0xf0,0x90,0x06,0x0f,0x0e,0x01,0xf0,0x70,0x01,0x05,0x08,0x40,0x09,0x0f,0x0d,0xf0,0xf0,0xf0,0xf0,0xf0,
    0x90,0xf0,0x60,0x01,0x16,0x0e,0x0f,0x09,0xf0,0x80,0x03,0x1f,0x0b,0x06,0x04,0x05,0x0a,0x1f,0x06,0xf0,0xf0,0xf0,0xf0,0xf0,
    0x90,0xf0,0x60,0x05,0x2f,0x0c,0x01,0xf0,0x90,0x05,0x0d,0x4f,0x0e,0x08,0xf0,0xf0,0xf0,0xf0,0xf0,0xa0,0xf0,0x60,0x04,0x1a,
    0x07,0x01,0xf0,0xb0,0x02,0x06,0x09,0x1a,0x07,0x03,0xf0,0xf0,0xf0,0xf0,0xf0,0xb0,0xf0,0xf0,0xf0,0xf0,0xf0,0xf0,0xf0,0xf0,
    0xf0,0xf0,0xf0,0xf0,0xf0,0x90,0xf0,0xf0,0xf0,0xf0,0xf0,0xf0,0xf0,0xf0,0xf0,0xf0,0xf0,0xf0,0xf0,0x90,0xf0,0xf0,0xf0,0xf0,
    0xf0,0xf0,0xf0,0xf0,0xf0,0xf0,0xf0,0xf0,0xf0,0x90,0xf0,0xf0,0xf0,0xf0,0xf0,0xf0,0xf0,0xf0,0xf0,0xf0,0xf0,0xf0,0xf0,0x90,
    0xf0,0xf0,0xf0,0xf0,0xf0,0xf0,0xf0,0xf0,0xf0,0xf0,0xf0,0xf0,0xf0,0x90,0xf0,0xf0,0xf0,0xf0,0xf0,0xf0,0xf0,0xf0,0xf0,0xf0,
    0xf0,0xf0,0xf0,0x90,0xf0,0xf0,0xf0,0xf0,0xf0,0xf0,0xf0,0xf0,0xf0,0x00,0x01,0xf0,0xf0,0xf0,0xf0,0x70,0x10,0x81,0x90,0x31,
    0x30,0x31,0x90,0x31,0xf0,0xf0,0xf0,0xf0,0xf0,0xf0,0x04,0x0c,0x0d,0x07,0x30,0x21,0xf0,0x40,0x31,0xd0,0x31,0xf0,0x40,0x10,
    0x0c,0x7e,0x0c,0x0a,0x05,0x50,0x03,0x2e,0x08,0x20,0x03,0x3e,0x06,0x70,0x04,0x2e,0x08,0xf0,0xf0,0xf0,0xf0,0xf0,0xe0,0x01,
    0x0d,0x2f,0x03,0x10,0x05,0x2e,0x04,0xf0,0x20,0x01,0x0d,0x1e,0x09,0xc0,0x01,0x0d,0x1e,0x09,0xf0,0x40,0x10,0x0d,0xaf,0x0b,
    0x02,0x30,0x04,0x2f,0x09,0x20,0x04,0x3f,0x0e,0x01,0x60,0x04,0x2f,0x08,0xf0,0xf0,0xf0,0xf0,0xf0,0xe0,0x01,0x0e,0x2f,0x03,
    0x10,0x06,0x2f,0x05,0xf0,0x20,0x01,0x2f,0x0a,0xc0,0x01,0x2f,0x0a,0xf0,0x40,0x10,0x0d,0xbf,0x0d,0x01,0x20,0x04,0x2f,0x08,
    0x20,0x04,0x4f,0x0a,0x60,0x04,0x2f,0x08,0xf0,0xf0,0xf0,0xf0,0xf0,0xf0,0x04,0x0d,0x0e,0x07,0x20,0x06,0x2f,0x05,0xf0,0x20,
    0x01,0x0e,0x1f,0x09,0xc0,0x01,0x0e,0x1f,0x09,0xf0,0x40,0x10,0x0d,0x1f,0x0d,0x33,0x04,0x08,0x0e,0x2f,0x09,0x20,0x04,0x2f,
    0x09,0x20,0x04,0x5f,0x04,0x50,0x04,0x2f,0x08,0xf0,0xf0,0xf0,0xf0,0xf0,0xf0,0x00,0x11,0x30,0x06,0x2f,0x05,0xf0,0x20,0x01,
    0x0e,0x1f,0x0a,0xc0,0x01,0x0e,0x1f,0x0a,0xf0,0x40,0x10,0x0d,0x1f,0x0d,0x50,0x04,0x2f,0x0e,0x01,0x10,0x04,0x2f,0x09,0x20,
    0x04,0x5f,0x0d,0x01,0x40,0x04,0x2f,0x08,0xf0,0xf0,0x30,0x11,0xd0,0x11,0xf0,0xe0,0x11,0xf0,0x06,0x2f,0x05,0x70,0x21,0x70,
    0x01,0x0e,0x1f,0x0a,0x20,0x11,0x70,0x01,0x0e,0x1f,0x0a,0x80,0x11,0x90,0x10,0x0d,0x1f,0x0d,0x60,0x0a,0x2f,0x05,0x10,0x04,
    0x2f,0x09,0x20,0x04,0x2f,0x09,0x0e,0x1f,0x08,0x40,0x04,0x2f,0x08,0x90,0x01,0x2a,0x06,0x50,0x09,0x1a,0x08,0x20,0x04,0x2a,
    0x01,0x00,0x06,0x0b,0x1e,0x0c,0x07,0x01,0x70,0x05,0x0a,0x0d,0x1e,0x0c,0x09,0x04,0x30,0x07,0x2a,0x03,0x60,0x08,0x1a,0x09,
    0x01,0x30,0x05,0x0a,0x0d,0x1e,0x0c,0x09,0x04,0x50,0x07,0x1a,0x09,0x01,0x10,0x06,0x2f,0x05,0x40,0x02,0x07,0x0b,0x0d,0x0e,
    0x0d,0x0b,0x08,0x02,0x40,0x01,0x0e,0x1f,0x0a,0x00,0x04,0x0a,0x0d,0x0e,0x0c,0x09,0x02,0x40,0x01,0x0e,0x1f,0x0a,0x50,0x01,
    0x07,0x0b,0x0d,0x0e,0x0d,0x0a,0x05,0x60,0x10,0x0d,0x1f,0x0d,0x60,0x07,0x2f,0x06,0x10,0x04,0x2f,0x09,0x20,0x04,0x2f,0x06,
    0x09,0x2f,0x03,0x30,0x04,0x2f,0x08,0x90,0x02,0x2f,0x0a,0x50,0x0e,0x1f,0x0c,0x20,0x06,0x2f,0x02,0x09,0x5f,0x0c,0x01,0x40,
    0x02,0x0c,0x7f,0x09,0x20,0x06,0x2f,0x08,0x50,0x03,0x2f,0x0b,0x20,0x02,0x0c,0x7f,0x09,0x40,0x0b,0x2f,0x01,0x10,0x06,0x2f,
    0x05,0x30,0x05,0x0e,0x6f,0x0e,0x05,0x30,0x01,0x0e,0x1f,0x09,0x04,0x5f,0x0e,0x05,0x30,0x01,0x0e,0x1f,0x0a,0x40,0x04,0x0d,
    0x6f,0x0b,0x02,0x40,0x10,0x0d,0x1f,0x0d,0x60,0x07,0x2f,0x06,0x10,0x04,0x2f,0x09,0x20,0x04,0x2f,0x07,0x01,0x2f,0x0c,0x30,
    0x04,0x2f,0x08,0x90,0x01,0x0e,0x1f,0x09,0x50,0x0d,0x1f,0x0b,0x20,0x06,0x1f,0x0e,0x09,0x7f,0x09,0x30,0x01,0x0d,0x3f,0x1d,
    0x3f,0x08,0x10,0x01,0x0d,0x1f,0x0d,0x50,0x07,0x0f,0x0e,0x0f,0x05,0x10,0x01,0x0d,0x3f,0x1d,0x3f,0x08,0x30,0x0a,0x1f,0x0e,
    0x01,0x10,0x06,0x2f,0x05,0x20,0x04,0x3f,0x0e,0x0c,0x0e,0x3f,0x03,0x20,0x01,0x0e,0x1f,0x0b,0x0d,0x1f,0x0e,0x4f,0x04,0x20,
    0x01,0x0e,0x1f,0x0a,0x30,0x03,0x3f,0x0e,0x0d,0x0e,0x2f,0x0d,0x01,0x30,0x10,0x0d,0x1f,0x0d,0x60,0x0a,0x2f,0x05,0x10,0x04,
    0x2f,0x09,0x20,0x04,0x2f,0x09,0x00,0x09,0x2f,0x06,0x20,0x04,0x2f,0x08,0x90,0x01,0x0e,0x1f,0x0a,0x50,0x0d,0x1f,0x0c,0x20,
    0x06,0x3f,0x0c,0x05,0x03,0x04,0x0a,0x3f,0x02,0x20,0x08,0x2f,0x0a,0x02,0x10,0x04,0x0d,0x1f,0x0e,0x01,0x10,0x09,0x2f,0x04,
    0x40,0x0c,0x1f,0x0d,0x01,0x10,0x08,0x2f,0x0a,0x02,0x10,0x04,0x0d,0x1f,0x0e,0x01,0x20,0x0b,0x1f,0x0e,0x01,0x10,0x06,0x2f,
    0x05,0x20,0x0d,0x2f,0x06,0x01,0x00,0x01,0x07,0x2f,0x0a,0x20,0x01,0x0e,0x3f,0x08,0x03,0x02,0x04,0x0c,0x2f,0x0c,0x20,0x01,
    0x0e,0x1f,0x0a,0x20,0x01,0x0d,0x1f,0x0e,0x06,0x11,0x02,0x09,0x2f,0x09,0x30,0x10,0x0d,0x1f,0x0d,0x50,0x04,0x2f,0x0e,0x01,
    0x10,0x04,0x2f,0x09,0x20,0x04,0x2f,0x09,0x00,0x01,0x0e,0x1f,0x0e,0x02,0x10,0x04,0x2f,0x08,0x90,0x01,0x0e,0x1f,0x0a,0x50,
    0x0d,0x1f,0x0c,0x20,0x06,0x2f,0x0d,0x01,0x30,0x0b,0x2f,0x05,0x20,0x03,0x06,0x19,0x40,0x06,0x2f,0x04,0x10,0x03,0x2f,0x08,
    0x30,0x03,0x2f,0x09,0x20,0x03,0x06,0x19,0x40,0x06,0x2f,0x04,0x20,0x0b,0x1f,0x0e,0x01,0x10,0x06,0x2f,0x05,0x20,0x04,0x07,
    0x0b,0x06,0x40,0x0b,0x1f,0x0d,0x20,0x01,0x0e,0x2f,0x08,0x30,0x01,0x0d,0x2f,0x04,0x10,0x01,0x0e,0x1f,0x0a,0x20,0x06,0x2f,
    0x06,0x40,0x0a,0x1f,0x0e,0x01,0x20,0x10,0x0d,0x1f,0x0d,0x03,0x22,0x04,0x08,0x0e,0x2f,0x09,0x20,0x04,0x2f,0x09,0x20,0x04,
    0x2f,0x0a,0x10,0x06,0x2f,0x0a,0x10,0x04,0x2f,0x08,0x90,0x01,0x0e,0x1f,0x0a,0x50,0x0d,0x1f,0x0c,0x20,0x06,0x2f,0x07,0x40,
    0x05,0x2f,0x06,0xb0,0x06,0x2f,0x05,0x20,0x0c,0x1f,0x0d,0x30,0x08,0x2f,0x03,0xb0,0x06,0x2f,0x05,0x20,0x0b,0x1f,0x0e,0x01,
    0x10,0x06,0x2f,0x05,0xb0,0x0b,0x1f,0x0e,0x01,0x10,0x01,0x0e,0x1f,0x0e,0x01,0x40,0x06,0x2f,0x08,0x10,0x01,0x0e,0x1f,0x0a,
    0x20,0x0b,0x1f,0x0c,0x50,0x02,0x2f,0x05,0x20,0x10,0x0d,0xbf,0x0d,0x01,0x20,0x04,0x2f,0x09,0x20,0x04,0x2f,0x0a,0x20,0x0b,
    0x2f,0x05,0x00,0x04,0x2f,0x08,0x90,0x01,0x0e,0x1f,0x0a,0x50,0x0d,0x1f,0x0c,0x20,0x06,0x2f,0x05,0x40,0x04,0x2f,0x07,0x60,
    0x01,0x03,0x05,0x06,0x09,0x0e,0x2f,0x05,0x20,0x07,0x2f,0x04,0x20,0x0c,0x1f,0x0c,0x70,0x01,0x03,0x05,0x06,0x09,0x0e,0x2f,
    0x05,0x20,0x0b,0x1f,0x0e,0x01,0x10,0x06,0x2f,0x05,0x60,0x02,0x04,0x05,0x07,0x0a,0x2f,0x0e,0x01,0x10,0x01,0x0e,0x1f,0x0b,
    0x50,0x02,0x2f,0x0b,0x10,0x01,0x0e,0x1f,0x0a,0x20,0x0d,0x1f,0x0b,0x55,0x06,0x0e,0x1f,0x07,0x20,0x10,0x0d,0xaf,0x0b,0x02,
    0x30,0x04,0x2f,0x09,0x20,0x04,0x2f,0x0a,0x20,0x02,0x0e,0x1f,0x0d,0x00,0x04,0x2f,0x08,0x90,0x01,0x0e,0x1f,0x0a,0x50,0x0d,
    0x1f,0x0c,0x20,0x06,0x2f,0x05,0x40,0x04,0x2f,0x07,0x30,0x01,0x07,0x0c,0x0e,0x7f,0x05,0x20,0x02,0x0e,0x1f,0x09,0x10,0x03,
    0x2f,0x07,0x40,0x01,0x07,0x0c,0x0e,0x7f,0x05,0x20,0x0b,0x1f,0x0e,0x01,0x10,0x06,0x2f,0x05,0x30,0x03,0x09,0x0d,0x0e,0x6f,
    0x0e,0x01,0x10,0x01,0x0e,0x1f,0x09,0x50,0x01,0x0e,0x1f,0x0c,0x10,0x02,0x0e,0x1f,0x0a,0x10,0x01,0x0e,0xcf,0x09,0x20,0x10,
    0x0d,0x2f,0x4e,0x0c,0x0a,0x05,0x50,0x04,0x2f,0x09,0x20,0x04,0x2f,0x0a,0x30,0x07,0x2f,0x06,0x03,0x2f,0x08,0x90,0x01,0x0e,
    0x1f,0x0a,0x50,0x0d,0x1f,0x0c,0x20,0x06,0x2f,0x05,0x40,0x04,0x2f,0x07,0x20,0x02,0x0d,0x4f,0x0e,0x0c,0x0b,0x2f,0x05,0x30,
    0x0b,0x1f,0x0d,0x01,0x00,0x08,0x1f,0x0e,0x02,0x30,0x02,0x0d,0x4f,0x0e,0x0c,0x0b,0x2f,0x05,0x20,0x0b,0x1f,0x0e,0x01,0x10,
    0x06,0x2f,0x05,0x20,0x06,0x5f,0x0e,0x0b,0x0d,0x1f,0x0e,0x01,0x10,0x01,0x0e,0x1f,0x09,0x50,0x01,0x0d,0x1f,0x0c,0x10,0x02,
    0x0e,0x1f,0x0a,0x10,0x02,0x0e,0xcf,0x09,0x20,0x10,0x0d,0x1f,0x0d,0x41,0x80,0x04,0x2f,0x09,0x20,0x04,0x2f,0x0a,0x40,0x0c,
    0x1f,0x0d,0x04,0x2f,0x08,0x90,0x01,0x0e,0x1f,0x0a,0x50,0x0d,0x1f,0x0c,0x20,0x06,0x2f,0x05,0x40,0x04,0x2f,0x07,0x20,0x0b,
    0x2f,0x0b,0x06,0x04,0x02,0x00,0x04,0x2f,0x05,0x30,0x05,0x2f,0x04,0x00,0x0c,0x1f,0x0a,0x40,0x0b,0x2f,0x0b,0x06,0x04,0x02,
    0x00,0x04,0x2f,0x05,0x20,0x0b,0x1f,0x0e,0x01,0x10,0x06,0x2f,0x05,0x10,0x02,0x3f,0x09,0x05,0x03,0x01,0x00,0x09,0x1f,0x0e,
    0x01,0x10,0x01,0x0e,0x1f,0x0a,0x50,0x01,0x0e,0x1f,0x0b,0x10,0x02,0x0e,0x1f,0x0a,0x10,0x01,0x0e,0x1f,0x0b,0x93,0x02,0x20,
    0x10,0x0d,0x1f,0x0d,0xd0,0x04,0x2f,0x09,0x20,0x04,0x2f,0x0a,0x40,0x03,0x2f,0x0a,0x0e,0x1f,0x08,0x90,0x01,0x0e,0x1f,0x0a,
    0x40,0x01,0x0e,0x1f,0x0c,0x20,0x06,0x2f,0x05,0x40,0x04,0x2f,0x07,0x10,0x02,0x2f,0x09,0x40,0x05,0x2f,0x05,0x30,0x01,0x0e,
    0x1f,0x08,0x01,0x2f,0x05,0x30,0x02,0x2f,0x09,0x40,0x05,0x2f,0x05,0x20,0x0b,0x1f,0x0e,0x01,0x10,0x06,0x2f,0x05,0x10,0x07,
    0x2f,0x05,0x40,0x0a,0x1f,0x0e,0x01,0x10,0x01,0x0e,0x1f,0x0d,0x50,0x04,0x2f,0x09,0x10,0x01,0x0e,0x1f,0x0a,0x20,0x0c,0x1f,
    0x0b,0xd0,0x10,0x0d,0x1f,0x0d,0xd0,0x04,0x2f,0x09,0x20,0x04,0x2f,0x0a,0x50,0x09,0x5f,0x08,0x90,0x01,0x0e,0x1f,0x0e,0x01,
    0x30,0x05,0x2f,0x0c,0x20,0x06,0x2f,0x05,0x40,0x04,0x2f,0x07,0x10,0x04,0x2f,0x04,0x00,0x01,0x20,0x08,0x2f,0x05,0x40,0x09,
    0x1f,0x0b,0x06,0x1f,0x0d,0x01,0x30,0x04,0x2f,0x04,0x00,0x01,0x20,0x08,0x2f,0x05,0x20,0x0b,0x1f,0x0e,0x01,0x10,0x06,0x2f,
    0x05,0x10,0x09,0x1f,0x0e,0x50,0x0d,0x1f,0x0e,0x01,0x10,0x01,0x0e,0x2f,0x05,0x40,0x0a,0x2f,0x06,0x10,0x01,0x0e,0x1f,0x0a,
    0x20,0x08,0x2f,0x03,0x40,0x02,0x07,0x04,0x02,0x01,0x20,0x10,0x0d,0x1f,0x0d,0xd0,0x04,0x2f,0x09,0x20,0x04,0x2f,0x0a,0x50,
    0x01,0x0d,0x4f,0x08,0xa0,0x0b,0x2f,0x0a,0x02,0x10,0x04,0x0e,0x2f,0x0c,0x20,0x06,0x2f,0x05,0x40,0x04,0x2f,0x07,0x10,0x03,
    0x2f,0x09,0x30,0x04,0x0e,0x2f,0x05,0x40,0x03,0x1f,0x0e,0x0c,0x1f,0x08,0x40,0x03,0x2f,0x09,0x30,0x04,0x0e,0x2f,0x05,0x20,
    0x0b,0x1f,0x0e,0x01,0x10,0x06,0x2f,0x05,0x10,0x08,0x2f,0x04,0x30,0x08,0x2f,0x0e,0x01,0x10,0x01,0x0e,0x2f,0x0e,0x04,0x10,
    0x01,0x08,0x2f,0x0e,0x01,0x10,0x01,0x0e,0x1f,0x0a,0x20,0x02,0x2f,0x0d,0x03,0x20,0x01,0x0b,0x2f,0x03,0x20,0x10,0x0d,0x1f,
    0x0d,0xd0,0x04,0x2f,0x08,0x20,0x04,0x2f,0x0a,0x60,0x05,0x4f,0x08,0xa0,0x06,0x3f,0x0e,0x1c,0x0f,0x0e,0x0c,0x1f,0x0c,0x20,
    0x06,0x2f,0x05,0x40,0x04,0x2f,0x07,0x20,0x0d,0x2f,0x0b,0x17,0x0a,0x4f,0x05,0x50,0x0c,0x4f,0x03,0x50,0x0d,0x2f,0x0b,0x17,
    0x0a,0x4f,0x05,0x20,0x0b,0x1f,0x0e,0x01,0x10,0x06,0x2f,0x05,0x10,0x03,0x2f,0x0e,0x09,0x06,0x07,0x0c,0x0f,0x0e,0x1f,0x0e,
    0x01,0x10,0x01,0x0e,0x1f,0x0c,0x1f,0x0c,0x0a,0x0d,0x3f,0x07,0x20,0x01,0x0e,0x1f,0x09,0x30,0x07,0x2f,0x0e,0x0a,0x09,0x0a,
    0x0e,0x0f,0x0e,0x0f,0x0a,0x30,0x10,0x0d,0x1f,0x0d,0xd0,0x04,0x2f,0x09,0x20,0x04,0x2f,0x0a,0x70,0x0a,0x3f,0x08,0xb0,0x0b,
    0x6f,0x05,0x0a,0x1f,0x0c,0x20,0x06,0x2f,0x05,0x40,0x04,0x2f,0x07,0x20,0x05,0x6f,0x0e,0x07,0x2f,0x06,0x50,0x07,0x3f,0x0c,
    0x60,0x05,0x6f,0x0e,0x07,0x2f,0x06,0x20,0x0b,0x1f,0x0e,0x01,0x10,0x06,0x2f,0x05,0x20,0x09,0x6f,0x0b,0x08,0x1f,0x0e,0x01,
    0x10,0x01,0x2f,0x17,0x6f,0x09,0x30,0x01,0x2f,0x0a,0x40,0x08,0x8f,0x0b,0x01,0x30,0x10,0x0c,0x1e,0x0c,0xd0,0x03,0x2e,0x08,
    0x20,0x03,0x2e,0x09,0x70,0x02,0x0d,0x2e,0x08,0xb0,0x01,0x09,0x0e,0x2f,0x0d,0x06,0x00,0x0a,0x1e,0x0b,0x20,0x05,0x2e,0x04,
    0x40,0x03,0x2e,0x06,0x30,0x05,0x0c,0x3f,0x0c,0x03,0x02,0x2e,0x05,0x50,0x02,0x0d,0x2e,0x06,0x70,0x05,0x0c,0x3f,0x0c,0x03,
    0x02,0x2e,0x05,0x20,0x0a,0x1e,0x0d,0x01,0x10,0x05,0x2e,0x04,0x30,0x07,0x0d,0x2f,0x0e,0x0a,0x01,0x06,0x1e,0x0d,0x01,0x10,
    0x01,0x0d,0x1e,0x08,0x00,0x08,0x0e,0x2f,0x0d,0x06,0x40,0x01,0x0d,0x1e,0x09,0x50,0x05,0x0b,0x0e,0x3f,0x0c,0x07,0x50,0x10,
    0x31,0xe0,0x31,0x30,0x31,0x80,0x41,0xd0,0x01,0x04,0x05,0x04,0x01,0x10,0x31,0x30,0x21,0x60,0x21,0x60,0x03,0x15,0x03,0x20,
    0x21,0x70,0x31,0xa0,0x03,0x15,0x03,0x20,0x21,0x30,0x31,0x30,0x21,0x50,0x01,0x04,0x05,0x04,0x02,0x10,0x31,0x30,0x31,0x10,
    0x01,0x04,0x05,0x03,0x01,0x60,0x31,0x70,0x02,0x04,0x05,0x04,0x03,0x70,0xf0,0xf0,0xf0,0xf0,0xf0,0xf0,0xf0,0xf0,0xf0,0xf0,
    0xf0,0xf0,0xf0,0x90,0xf0,0xf0,0xf0,0xf0,0xf0,0xf0,0xf0,0xf0,0xf0,0xf0,0xf0,0xf0,0xf0,0x90,0xf0,0xf0,0xf0,0xf0,0xf0,0xf0,
    0xf0,0xf0,0xf0,0xf0,0xf0,0xf0,0xf0,0x90,0xf0,0xf0,0xf0,0xf0,0xf0,0xf0,0xf0,0xf0,0xf0,0xf0,0xf0,0xf0,0xf0,0x90,0xf0,0xf0,
    0xf0,0xf0,0xf0,0xf0,0xf0,0xf0,0xf0,0xf0,0xf0,0x90,0xf0,0xf0,0xf0,0xf0,0xf0,0xf0,0xf0,0xf0,0xf0,0xf0,0xf0,0x90,0xf0,0xf0,
    0xf0,0xf0,0xf0,0xf0,0xf0,0xf0,0xf0,0xf0,0xf0,0x90,0xf0,0xf0,0xf0,0xf0,0xf0,0xf0,0xf0,0xf0,0xf0,0xf0,0xf0,0x90,0xf0,0xf0,
    0xf0,0xf0,0xf0,0xf0,0xf0,0xf0,0xf0,0xf0,0xf0,0x90,0x50,0x02,0x04,0x05,0x04,0x01,0x60,0x11,0xf0,0xf0,0x40,0x11,0xf0,0x51,
    0x70,0x21,0x20,0x21,0x70,0x11,0xf0,0xf0,0xd0,0x02,0x09,0x06,0xf0,0xc0,0x30,0x03,0x0a,0x0e,0x2f,0x0e,0x0a,0x02,0x30,0x06,
    0x0e,0x0c,0xf0,0xf0,0x30,0x06,0x0e,0x0c,0x01,0xd0,0x03,0x5e,0x0d,0x0a,0x05,0x40,0x0c,0x0e,0x08,0x20,0x0c,0x1e,0x04,0x50,
    0x04,0x1e,0x03,0xf0,0xf0,0xc0,0x0a,0x1f,0x03,0xf0,0xb0,0x20,0x05,0x2f,0x0e,0x0d,0x0e,0x1f,0x0e,0x04,0x20,0x06,0x0f,0x0d,
    0x01,0xf0,0xf0,0x20,0x06,0x0f,0x0e,0x01,0xd0,0x04,0x8f,0x09,0x30,0x0d,0x0f,0x08,0x20,0x0d,0x1f,0x0d,0x50,0x04,0x1f,0x03,
    0xf0,0xc0,0x05,0x0c,0x0b,0x01,0xb0,0x06,0x0e,0x0c,0x02,0xf0,0xb0,0x10,0x03,0x1f,0x0d,0x05,0x21,0x06,0x0e,0x0f,0x0e,0x01,
    0x10,0x06,0x0f,0x0d,0x01,0xf0,0xf0,0x20,0x06,0x0f,0x0d,0x01,0xd0,0x04,0x1f,0x05,0x22,0x04,0x0b,0x1f,0x06,0x20,0x0d,0x0f,
    0x08,0x20,0x0d,0x2f,0x08,0x40,0x04,0x1f,0x03,0xf0,0xc0,0x06,0x0f,0x0e,0x01,0xc0,0x02,0xf0,0xd0,0x10,0x0c,0x0f,0x0d,0x02,
    0x40,0x03,0x0e,0x0f,0x08,0x10,0x06,0x0f,0x0d,0x01,0x10,0x01,0xa0,0x11,0xa0,0x11,0x50,0x06,0x0f,0x0d,0x01,0x30,0x21,0x60,
    0x04,0x1f,0x03,0x40,0x0c,0x0f,0x0c,0x20,0x0d,0x0f,0x08,0x20,0x0d,0x0f,0x0b,0x1f,0x03,0x30,0x04,0x1f,0x03,0x70,0x21,0x00,
    0x02,0x05,0x02,0x50,0x01,0x50,0x01,0x06,0x0f,0x0e,0x02,0x01,0x20,0x11,0x10,0x03,0x05,0x01,0x10,0x11,0x60,0x11,0xa0,0x01,
    0x70,0x00,0x03,0x1f,0x06,0x60,0x09,0x0f,0x0c,0x10,0x06,0x0f,0x0d,0x00,0x06,0x0c,0x0e,0x0d,0x08,0x01,0x40,0x01,0x07,0x0c,
    0x1e,0x0b,0x06,0x60,0x07,0x0b,0x1e,0x0b,0x07,0x30,0x06,0x0f,0x0d,0x01,0x20,0x08,0x1e,0x04,0x60,0x04,0x1f,0x04,0x40,0x07,
    0x0f,0x0e,0x01,0x10,0x0d,0x0f,0x08,0x20,0x0d,0x0f,0x07,0x0a,0x0f,0x0b,0x30,0x04,0x1f,0x03,0x70,0x0a,0x0e,0x07,0x06,0x0e,
    0x0f,0x0b,0x20,0x02,0x09,0x0d,0x0e,0x0d,0x09,0x03,0x10,0x02,0x0e,0x2f,0x1e,0x06,0x00,0x02,0x1e,0x03,0x0a,0x1f,0x06,0x00,
    0x06,0x0e,0x0d,0x01,0x30,0x05,0x0a,0x0d,0x0e,0x0c,0x08,0x01,0x40,0x05,0x0a,0x0d,0x0e,0x0d,0x09,0x02,0x40,0x00,0x07,0x0f,
    0x0e,0x01,0x60,0x01,0x12,0x10,0x06,0x0f,0x0c,0x09,0x4f,0x0b,0x30,0x01,0x0c,0x1f,0x1e,0x1f,0x09,0x30,0x01,0x0b,0x5f,0x0b,
    0x20,0x06,0x0f,0x0d,0x01,0x10,0x07,0x1f,0x06,0x70,0x04,0x1f,0x04,0x40,0x07,0x0f,0x0e,0x01,0x10,0x0d,0x0f,0x08,0x20,0x0d,
    0x0f,0x07,0x03,0x1f,0x06,0x20,0x04,0x1f,0x03,0x70,0x0b,0x0f,0x0b,0x0f,0x0e,0x0d,0x09,0x10,0x04,0x0e,0x1f,0x0e,0x2f,0x06,
    0x00,0x02,0x0d,0x0e,0x1f,0x0d,0x0e,0x05,0x00,0x02,0x1f,0x0c,0x0f,0x1d,0x05,0x00,0x06,0x0f,0x0e,0x01,0x20,0x08,0x2f,0x0e,
    0x1f,0x0d,0x02,0x20,0x07,0x1f,0x0e,0x0d,0x1f,0x0e,0x03,0x30,0x00,0x0a,0x0f,0x0b,0xc0,0x06,0x1f,0x0e,0x05,0x02,0x03,0x0b,
    0x1f,0x05,0x20,0x0a,0x0f,0x0d,0x05,0x11,0x06,0x1f,0x06,0x20,0x0a,0x0f,0x0e,0x06,0x12,0x07,0x0e,0x0f,0x09,0x10,0x06,0x0f,
    0x0d,0x01,0x00,0x07,0x1f,0x06,0x80,0x04,0x1f,0x04,0x40,0x0a,0x0f,0x0d,0x20,0x0d,0x0f,0x08,0x20,0x0d,0x0f,0x08,0x00,0x0a,
    0x0f,0x0e,0x02,0x10,0x04,0x1f,0x03,0x70,0x0b,0x1f,0x09,0x01,0x20,0x01,0x0e,0x0f,0x0a,0x03,0x01,0x02,0x0a,0x1f,0x02,0x10,
    0x06,0x0f,0x0e,0x11,0x10,0x02,0x0e,0x1f,0x05,0x01,0x20,0x06,0x0f,0x0d,0x01,0x10,0x05,0x1f,0x07,0x02,0x01,0x04,0x0d,0x0f,
    0x0b,0x10,0x02,0x1f,0x09,0x02,0x01,0x02,0x0c,0x0f,0x0a,0x30,0x00,0x0b,0x0f,0x0a,0xc0,0x06,0x1f,0x05,0x20,0x01,0x0d,0x0f,
    0x08,0x10,0x03,0x1f,0x03,0x30,0x08,0x0f,0x0d,0x10,0x03,0x1f,0x06,0x30,0x07,0x0d,0x09,0x10,0x06,0x0f,0x0d,0x00,0x06,0x1f,
    0x07,0x90,0x04,0x1f,0x03,0x30,0x06,0x0e,0x0f,0x09,0x20,0x0d,0x0f,0x08,0x20,0x0d,0x0f,0x09,0x00,0x02,0x0e,0x0f,0x0a,0x10,
    0x04,0x1f,0x03,0x70,0x0b,0x0f,0x0c,0x40,0x07,0x0f,0x0c,0x40,0x0c,0x0f,0x08,0x10,0x05,0x0f,0x0e,0x01,0x20,0x02,0x0e,0x0f,
    0x08,0x40,0x06,0x0f,0x0d,0x01,0x10,0x0c,0x0f,0x08,0x30,0x03,0x1f,0x03,0x00,0x04,0x1f,0x02,0x20,0x02,0x05,0x02,0x30,0x00,
    0x0b,0x0f,0x0a,0xc0,0x06,0x0f,0x0e,0x01,0x30,0x0b,0x0f,0x09,0x10,0x07,0x0f,0x0c,0x41,0x04,0x1f,0x03,0x00,0x07,0x0f,0x0e,
    0x01,0x80,0x06,0x0f,0x0d,0x06,0x1f,0x08,0xa0,0x04,0x1f,0x0b,0x2a,0x0c,0x1f,0x0d,0x02,0x20,0x0d,0x0f,0x08,0x20,0x0d,0x0f,
    0x09,0x10,0x06,0x1f,0x05,0x00,0x05,0x1f,0x03,0x70,0x0b,0x0f,0x09,0x40,0x0b,0x0f,0x08,0x41,0x08,0x0f,0x0b,0x10,0x05,0x0f,
    0x0e,0x01,0x20,0x02,0x0e,0x0f,0x04,0x40,0x06,0x0f,0x0d,0x01,0x00,0x02,0x1f,0x03,0x41,0x0c,0x0f,0x07,0x00,0x03,0x1f,0x0a,
    0x03,0x01,0x70,0x00,0x0a,0x0f,0x0b,0xc0,0x06,0x0f,0x0d,0x01,0x30,0x0a,0x0f,0x0a,0x10,0x09,0x9f,0x04,0x00,0x09,0x0f,0x0c,
    0x90,0x06,0x0f,0x0e,0x2f,0x03,0xa0,0x04,0x7f,0x0b,0x02,0x30,0x0d,0x0f,0x08,0x20,0x0d,0x0f,0x09,0x20,0x0b,0x0f,0x0d,0x00,
    0x04,0x1f,0x03,0x70,0x0b,0x0f,0x09,0x30,0x01,0x0d,0x8f,0x0d,0x01,0x00,0x05,0x0f,0x0e,0x01,0x20,0x02,0x0e,0x0f,0x04,0x40,
    0x06,0x0f,0x0d,0x01,0x00,0x04,0x9f,0x09,0x10,0x08,0x2f,0x0d,0x0a,0x07,0x02,0x40,0x00,0x07,0x0f,0x0e,0x01,0x60,0x01,0x03,
    0x02,0x10,0x06,0x0f,0x0d,0x01,0x30,0x0a,0x0f,0x0a,0x10,0x09,0x0f,0x0e,0x4b,0x0c,0x1b,0x03,0x00,0x09,0x0f,0x0b,0x90,0x06,
    0x1f,0x1e,0x0f,0x0d,0x01,0x90,0x04,0x1f,0x08,0x26,0x05,0x02,0x50,0x0d,0x0f,0x08,0x20,0x0d,0x0f,0x09,0x20,0x03,0x0e,0x0f,
    0x07,0x03,0x1f,0x03,0x70,0x0b,0x0f,0x09,0x30,0x01,0x0d,0x0f,0x0d,0x0b,0x0c,0x4b,0x0a,0x01,0x00,0x06,0x0f,0x0e,0x01,0x20,
    0x02,0x0e,0x0f,0x04,0x40,0x06,0x0f,0x0d,0x01,0x00,0x04,0x1f,0x0c,0x6b,0x07,0x20,0x05,0x0a,0x0d,0x2f,0x0e,0x04,0x30,0x00,
    0x03,0x1f,0x06,0x60,0x09,0x0f,0x0c,0x10,0x06,0x0f,0x0d,0x01,0x30,0x0a,0x0f,0x0a,0x10,0x08,0x0f,0x0c,0x90,0x08,0x0f,0x0d,
    0x90,0x06,0x0f,0x0e,0x04,0x03,0x1f,0x0a,0x90,0x04,0x1f,0x03,0xa0,0x0d,0x0f,0x08,0x20,0x0d,0x0f,0x09,0x30,0x07,0x0f,0x0e,
    0x06,0x1f,0x03,0x70,0x0b,0x0f,0x09,0x40,0x0c,0x0f,0x07,0x90,0x05,0x0f,0x0e,0x01,0x20,0x02,0x0e,0x0f,0x04,0x40,0x06,0x0f,
    0x0d,0x01,0x00,0x03,0x1f,0x02,0xc0,0x01,0x03,0x07,0x0d,0x0f,0x0e,0x01,0x20,0x10,0x0c,0x0f,0x0d,0x02,0x40,0x03,0x0e,0x0f,
    0x08,0x10,0x06,0x0f,0x0d,0x01,0x30,0x0a,0x0f,0x0a,0x10,0x04,0x0f,0x0e,0x02,0x30,0x01,0x03,0x01,0x10,0x04,0x1f,0x04,0x30,
    0x04,0x0a,0x06,0x10,0x06,0x0f,0x0d,0x10,0x07,0x1f,0x06,0x80,0x04,0x1f,0x04,0xa0,0x0d,0x0f,0x08,0x20,0x0d,0x0f,0x09,0x40,
    0x0c,0x0f,0x0c,0x0e,0x0f,0x03,0x70,0x0b,0x0f,0x09,0x40,0x09,0x0f,0x0b,0x40,0x03,0x02,0x20,0x05,0x0f,0x0e,0x30,0x02,0x0e,
    0x0f,0x04,0x40,0x06,0x0f,0x0d,0x01,0x00,0x01,0x0d,0x0f,0x07,0x40,0x04,0x01,0x10,0x01,0x03,0x04,0x30,0x05,0x1f,0x03,0x20,
    0x10,0x03,0x1f,0x0d,0x05,0x21,0x06,0x0e,0x0f,0x0e,0x01,0x10,0x06,0x0f,0x0d,0x01,0x30,0x0a,0x0f,0x0a,0x20,0x0c,0x0f,0x0b,
    0x02,0x10,0x01,0x0a,0x0f,0x0c,0x20,0x0c,0x0f,0x0c,0x02,0x10,0x02,0x0d,0x0f,0x0c,0x10,0x06,0x0f,0x0d,0x01,0x10,0x0b,0x1f,
    0x03,0x70,0x04,0x1f,0x04,0xa0,0x0d,0x0f,0x08,0x20,0x0d,0x0f,0x09,0x40,0x04,0x3f,0x03,0x70,0x0b,0x0f,0x09,0x40,0x03,0x1f,
    0x07,0x20,0x03,0x0d,0x0f,0x08,0x10,0x05,0x1f,0x05,0x11,0x00,0x02,0x0e,0x0f,0x04,0x40,0x06,0x0f,0x0d,0x01,0x10,0x08,0x0f,
    0x0e,0x04,0x20,0x06,0x1f,0x03,0x00,0x07,0x0f,0x0e,0x03,0x20,0x08,0x0f,0x0e,0x01,0x20,0x20,0x05,0x2f,0x0e,0x0d,0x0e,0x1f,
    0x0e,0x04,0x20,0x06,0x0f,0x0e,0x01,0x30,0x0b,0x0f,0x0a,0x20,0x03,0x0e,0x0f,0x0e,0x1a,0x0d,0x1f,0x06,0x20,0x03,0x0e,0x0f,
    0x0e,0x0a,0x0b,0x0e,0x0f,0x0e,0x02,0x10,0x06,0x0f,0x0e,0x01,0x10,0x01,0x0d,0x0f,0x0d,0x01,0x60,0x04,0x1f,0x04,0xa0,0x0d,
    0x0f,0x08,0x20,0x0d,0x0f,0x09,0x50,0x09,0x2f,0x03,0x70,0x0b,0x0f,0x09,0x50,0x08,0x1f,0x0c,0x1a,0x1f,0x0e,0x02,0x10,0x01,
    0x0d,0x2f,0x07,0x00,0x02,0x1f,0x04,0x40,0x06,0x0f,0x0e,0x01,0x10,0x01,0x0c,0x1f,0x0b,0x0a,0x0c,0x1f,0x0a,0x10,0x02,0x0d,
    0x0f,0x0e,0x0a,0x09,0x0c,0x1f,0x08,0x30,0x30,0x03,0x0a,0x0e,0x2f,0x0e,0x09,0x02,0x30,0x06,0x0e,0x0c,0x01,0x30,0x0a,0x0e,
    0x09,0x30,0x03,0x0b,0x3f,0x0c,0x05,0x40,0x03,0x0b,0x3f,0x0b,0x03,0x20,0x06,0x0e,0x0c,0x01,0x20,0x04,0x1e,0x09,0x60,0x03,
    0x1e,0x03,0xa0,0x0c,0x0e,0x08,0x20,0x0c,0x0e,0x08,0x50,0x01,0x0c,0x1e,0x03,0x70,0x0a,0x0e,0x09,0x60,0x06,0x0d,0x3f,0x0b,
    0x02,0x30,0x03,0x0a,0x0d,0x0e,0x08,0x00,0x02,0x0d,0x0e,0x04,0x40,0x06,0x0e,0x0c,0x01,0x20,0x01,0x09,0x0e,0x2f,0x0e,0x08,
    0x30,0x02,0x0b,0x3f,0x0d,0x07,0x40,0x50,0x02,0x04,0x05,0x04,0x01,0x60,0x11,0x40,0x21,0x50,0x02,0x04,0x05,0x03,0x80,0x02,
    0x14,0x02,0x50,0x11,0x40,0x21,0x70,0x11,0xb0,0x21,0x20,0x21,0x70,0x11,0x80,0x21,0x80,0x03,0x05,0x04,0x02,0x70,0x11,0x20,
    0x11,0x60,0x11,0x50,0x01,0x04,0x05,0x04,0x01,0x60,0x02,0x04,0x05,0x03,0x01,0x50,0xf0,0xf0,0xf0,0xf0,0xf0,0xf0,0xf0,0xf0,
    0xf0,0xf0,0xf0,0x90,0xf0,0xf0,0xf0,0xf0,0xf0,0xf0,0xf0,0xf0,0xf0,0xf0,0xf0,0x90,0xf0,0xf0,0xf0,0xf0,0xf0,0xf0,0xf0,0xf0,
    0xf0,0xf0,0xf0,0x90,0xf0,0xf0,0xf0,0xf0,0xf0,0xf0,0xf0,0xf0,0xf0,0xf0,0xf0,0x90,0xf0,0xf0,0xf0,0xf0,0xf0,0xf0,0xf0,0xf0,
    0xf0,0xf0,0xf0,0xf0,0x10,0xf0,0xf0,0xf0,0xf0,0xf0,0xf0,0xf0,0xf0,0xf0,0xf0,0xf0,0xf0,0x10,0xf0,0xf0,0xf0,0xf0,0xf0,0xf0,
    0xf0,0xf0,0xf0,0xf0,0xf0,0xf0,0x10,0xf0,0xf0,0xf0,0xf0,0xf0,0xf0,0xf0,0xf0,0xf0,0xf0,0xf0,0xf0,0x10,0xf0,0xf0,0xf0,0xf0,
    0xf0,0xf0,0xf0,0xf0,0xf0,0xf0,0xf0,0xf0,0x10,0xf0,0xf0,0xf0,0xf0,0xf0,0xf0,0xf0,0xf0,0xf0,0xf0,0xf0,0xf0,0x10,0xf0,0xf0,
    0xf0,0xf0,0xf0,0xf0,0xf0,0xf0,0xf0,0xf0,0xf0,0xf0,0x10,0xf0,0xf0,0xf0,0xf0,0xf0,0xf0,0xf0,0xf0,0xf0,0xe0,0x01,0x1c,0x04,
    0xf0,0xe0,0xf0,0xf0,0xf0,0xf0,0xf0,0xf0,0xf0,0xf0,0xf0,0xe0,0x01,0x1f,0x05,0xf0,0xe0,0x50,0x01,0x70,0x11,0x20,0x11,0xa0,
    0x11,0x60,0x21,0x50,0x01,0x70,0x11,0x40,0x21,0x20,0x11,0x00,0x01,0x14,0xc0,0x01,0xa0,0x11,0x60,0x21,0x00,0x01,0x14,0x30,
    0x02,0x05,0x04,0x01,0x40,0x11,0x20,0x01,0x60,0x21,0x40,0x11,0x10,0x01,0x02,0x0e,0x0f,0x05,0x11,0x50,0x01,0x70,0x11,0x00,
    0x01,0x14,0x70,0x20,0x02,0x09,0x0c,0x0e,0x0d,0x0a,0x04,0x30,0x02,0x1e,0x02,0x03,0x0b,0x0e,0x0d,0x0a,0x03,0x70,0x01,0x0d,
    0x0e,0x08,0x40,0x03,0x1e,0x04,0x20,0x04,0x0a,0x0d,0x0e,0x0c,0x08,0x02,0x30,0x06,0x0e,0x0c,0x01,0x30,0x0a,0x0e,0x09,0x10,
    0x06,0x0e,0x0b,0x03,0x0d,0x1f,0x01,0x80,0x04,0x0a,0x0d,0x0e,0x0c,0x09,0x02,0x50,0x07,0x0b,0x1e,0x0b,0x06,0x40,0x0a,0x0e,
    0x06,0x04,0x0e,0x1f,0x0c,0x02,0x00,0x09,0x2f,0x0d,0x04,0x20,0x06,0x0e,0x0c,0x00,0x06,0x0d,0x0e,0x0c,0x08,0x01,0x30,0x0a,
    0x0e,0x09,0x30,0x01,0x0d,0x0e,0x05,0x00,0x0b,0x0e,0x1f,0x1e,0x0a,0x20,0x02,0x09,0x0d,0x0e,0x0d,0x09,0x03,0x30,0x06,0x0e,
    0x0b,0x03,0x0d,0x1f,0x01,0x60,0x10,0x04,0x0e,0x1f,0x0e,0x2f,0x07,0x20,0x02,0x1f,0x07,0x4f,0x0e,0x02,0x70,0x09,0x0f,0x0d,
    0x40,0x08,0x0f,0x0d,0x01,0x10,0x08,0x2f,0x0e,0x1f,0x0e,0x03,0x20,0x06,0x0f,0x0e,0x01,0x30,0x0b,0x0f,0x0a,0x10,0x06,0x0f,
    0x1d,0x0f,0x0d,0x0c,0x01,0x70,0x08,0x2f,0x0e,0x1f,0x0e,0x03,0x20,0x01,0x0b,0x5f,0x0b,0x01,0x20,0x0b,0x0f,0x0a,0x0e,0x1c,
    0x1f,0x0a,0x08,0x0f,0x1c,0x1f,0x0e,0x02,0x10,0x06,0x0f,0x0c,0x08,0x4f,0x0d,0x02,0x20,0x0b,0x0f,0x09,0x30,0x02,0x0e,0x0f,
    0x05,0x00,0x0a,0x0e,0x1f,0x1e,0x0a,0x10,0x04,0x0e,0x1f,0x0e,0x2f,0x05,0x20,0x06,0x0f,0x1d,0x0f,0x0d,0x0c,0x01,0x60,0x00,
    0x01,0x0e,0x0f,0x0c,0x04,0x01,0x03,0x0a,0x1f,0x04,0x10,0x02,0x2f,0x08,0x12,0x07,0x1f,0x0a,0x70,0x04,0x1f,0x04,0x20,0x01,
    0x0d,0x0f,0x08,0x10,0x05,0x1f,0x09,0x02,0x01,0x04,0x0d,0x0f,0x0d,0x01,0x10,0x06,0x0f,0x0d,0x01,0x30,0x0a,0x0f,0x0a,0x10,
    0x06,0x1f,0x0c,0x03,0x90,0x05,0x1f,0x09,0x02,0x01,0x04,0x0c,0x0f,0x0e,0x01,0x10,0x0a,0x0f,0x0e,0x06,0x12,0x07,0x0e,0x0f,
    0x09,0x20,0x0b,0x1f,0x06,0x10,0x05,0x2f,0x05,0x10,0x05,0x1f,0x07,0x10,0x06,0x0f,0x0e,0x0f,0x07,0x12,0x07,0x0e,0x0f,0x0a,
    0x20,0x0b,0x0f,0x09,0x30,0x02,0x0e,0x0f,0x05,0x10,0x02,0x0e,0x0f,0x05,0x11,0x00,0x01,0x0e,0x0f,0x0a,0x03,0x01,0x02,0x0a,
    0x0f,0x0e,0x02,0x10,0x06,0x1f,0x0c,0x03,0x90,0x00,0x07,0x0f,0x0e,0x02,0x30,0x0b,0x0f,0x0b,0x10,0x02,0x0e,0x0f,0x0a,0x30,
    0x0a,0x0f,0x0d,0x80,0x0c,0x0f,0x09,0x20,0x04,0x1f,0x03,0x10,0x0c,0x0f,0x0b,0x30,0x03,0x0e,0x0f,0x07,0x10,0x06,0x0f,0x0d,
    0x01,0x30,0x0a,0x0f,0x0a,0x10,0x06,0x1f,0x03,0xa0,0x0c,0x0f,0x0b,0x30,0x03,0x0d,0x0b,0x02,0x00,0x03,0x1f,0x06,0x30,0x07,
    0x1f,0x02,0x10,0x0b,0x0f,0x0b,0x30,0x0c,0x0f,0x0b,0x30,0x0c,0x0f,0x09,0x10,0x06,0x1f,0x08,0x30,0x07,0x1f,0x03,0x10,0x0b,
    0x0f,0x09,0x30,0x02,0x0e,0x0f,0x05,0x10,0x01,0x0e,0x0f,0x05,0x20,0x07,0x0f,0x0c,0x40,0x0c,0x0f,0x08,0x10,0x06,0x1f,0x03,
    0xa0,0x00,0x0b,0x0f,0x0a,0x40,0x05,0x0f,0x0e,0x02,0x00,0x02,0x0e,0x0f,0x05,0x30,0x06,0x0f,0x0d,0x01,0x70,0x07,0x0f,0x0d,
    0x01,0x10,0x09,0x0f,0x0b,0x10,0x02,0x1f,0x05,0x40,0x0a,0x0f,0x0b,0x10,0x06,0x0f,0x0d,0x01,0x30,0x0a,0x0f,0x0a,0x10,0x06,
    0x0f,0x0d,0x01,0x90,0x02,0x1f,0x05,0x40,0x01,0x20,0x07,0x0f,0x0e,0x01,0x30,0x01,0x0e,0x0f,0x06,0x10,0x0b,0x0f,0x09,0x30,
    0x0a,0x0f,0x09,0x30,0x0b,0x0f,0x09,0x10,0x06,0x0f,0x0e,0x02,0x30,0x01,0x0e,0x0f,0x06,0x10,0x0b,0x0f,0x09,0x30,0x02,0x0e,
    0x0f,0x05,0x10,0x01,0x0e,0x0f,0x05,0x20,0x0b,0x0f,0x08,0x41,0x08,0x0f,0x0b,0x10,0x06,0x0f,0x0d,0x01,0xa0,0x01,0x0d,0x0f,
    0x07,0x40,0x03,0x1f,0x04,0x00,0x02,0x0e,0x0f,0x04,0x30,0x06,0x0f,0x0e,0x01,0x70,0x02,0x0e,0x0f,0x04,0x00,0x01,0x0e,0x0f,
    0x06,0x10,0x04,0x1f,0x03,0x40,0x08,0x0f,0x0c,0x10,0x06,0x0f,0x0d,0x01,0x30,0x0a,0x0f,0x0a,0x10,0x06,0x0f,0x0d,0x01,0x90,
    0x04,0x1f,0x03,0x80,0x09,0x0f,0x0c,0x50,0x0c,0x0f,0x08,0x10,0x0b,0x0f,0x09,0x30,0x0b,0x0f,0x09,0x30,0x0b,0x0f,0x09,0x10,
    0x06,0x0f,0x0d,0x01,0x40,0x0c,0x0f,0x08,0x10,0x0b,0x0f,0x09,0x30,0x02,0x0e,0x0f,0x05,0x10,0x01,0x0e,0x0f,0x05,0x10,0x01,
    0x0d,0x8f,0x0d,0x01,0x00,0x06,0x0f,0x0d,0x01,0xa0,0x01,0x0d,0x0f,0x07,0x40,0x03,0x1f,0x04,0x00,0x02,0x0e,0x0f,0x04,0x30,
    0x06,0x0f,0x0e,0x01,0x80,0x0b,0x0f,0x09,0x00,0x05,0x0f,0x0e,0x01,0x10,0x04,0x1f,0x02,0x40,0x07,0x0f,0x0d,0x01,0x00,0x06,
    0x0f,0x0d,0x01,0x30,0x0a,0x0f,0x0a,0x10,0x06,0x0f,0x0d,0x01,0x90,0x04,0x1f,0x02,0x80,0x09,0x0f,0x0b,0x50,0x0c,0x0f,0x08,
    0x10,0x0b,0x0f,0x09,0x30,0x0b,0x0f,0x09,0x30,0x0b,0x0f,0x09,0x10,0x06,0x0f,0x0d,0x50,0x0c,0x0f,0x08,0x10,0x0b,0x0f,0x09,
    0x30,0x02,0x0e,0x0f,0x05,0x10,0x01,0x0e,0x0f,0x05,0x10,0x01,0x0d,0x0f,0x0d,0x0b,0x0c,0x4b,0x0a,0x01,0x00,0x06,0x0f,0x0d,
    0x01,0xa0,0x00,0x0c,0x0f,0x08,0x40,0x04,0x1f,0x03,0x00,0x02,0x0e,0x0f,0x04,0x30,0x06,0x0f,0x0e,0x01,0x80,0x05,0x0f,0x0d,
    0x00,0x0a,0x0f,0x09,0x20,0x03,0x1f,0x04,0x40,0x09,0x0f,0x0b,0x10,0x06,0x0f,0x0e,0x01,0x30,0x0b,0x0f,0x0a,0x10,0x06,0x0f,
    0x0d,0x01,0x90,0x03,0x1f,0x04,0x80,0x08,0x0f,0x0d,0x40,0x01,0x0d,0x0f,0x07,0x10,0x0b,0x0f,0x09,0x30,0x0b,0x0f,0x09,0x30,
    0x0b,0x0f,0x09,0x10,0x06,0x0f,0x0e,0x01,0x30,0x01,0x0e,0x0f,0x07,0x10,0x0b,0x0f,0x09,0x30,0x02,0x0e,0x0f,0x05,0x10,0x01,
    0x0e,0x0f,0x05,0x20,0x0c,0x0f,0x07,0x90,0x06,0x0f,0x0d,0x01,0xa0,0x00,0x09,0x0f,0x0d,0x40,0x09,0x0f,0x0d,0x10,0x02,0x0e,
    0x0f,0x04,0x30,0x06,0x0f,0x0e,0x01,0x80,0x01,0x0e,0x0f,0x04,0x0d,0x0f,0x04,0x20,0x01,0x0d,0x0f,0x08,0x40,0x0d,0x0f,0x08,
    0x10,0x05,0x1f,0x04,0x20,0x02,0x0e,0x0f,0x0a,0x10,0x06,0x0f,0x0d,0x01,0x90,0x01,0x0d,0x0f,0x09,0x30,0x01,0x0a,0x07,0x02,
    0x00,0x04,0x1f,0x04,0x30,0x04,0x1f,0x04,0x10,0x0b,0x0f,0x09,0x30,0x0b,0x0f,0x09,0x30,0x0b,0x0f,0x09,0x10,0x06,0x1f,0x05,
    0x30,0x05,0x1f,0x04,0x10,0x0a,0x0f,0x0c,0x30,0x06,0x1f,0x05,0x10,0x01,0x0e,0x0f,0x05,0x20,0x09,0x0f,0x0b,0x40,0x03,0x02,
    0x20,0x06,0x0f,0x0d,0x01,0x40,0x02,0x01,0x30,0x00,0x03,0x1f,0x09,0x01,0x10,0x05,0x0e,0x0f,0x07,0x10,0x02,0x0e,0x0f,0x04,
    0x30,0x06,0x0f,0x0d,0x01,0x90,0x09,0x0f,0x0b,0x0f,0x0d,0x40,0x08,0x0f,0x0e,0x05,0x10,0x01,0x09,0x1f,0x03,0x10,0x02,0x1f,
    0x0c,0x04,0x02,0x04,0x0c,0x0e,0x0f,0x0a,0x10,0x06,0x0f,0x0d,0x01,0xa0,0x08,0x0f,0x0e,0x05,0x10,0x01,0x09,0x1f,0x02,0x00,
    0x01,0x0c,0x0f,0x0c,0x02,0x10,0x02,0x0d,0x0f,0x0c,0x20,0x0b,0x0f,0x09,0x30,0x0a,0x0f,0x09,0x30,0x0b,0x0f,0x09,0x10,0x06,
    0x1f,0x0e,0x03,0x10,0x03,0x0d,0x0f,0x0d,0x20,0x06,0x1f,0x09,0x03,0x02,0x06,0x1e,0x0f,0x05,0x10,0x01,0x0e,0x0f,0x09,0x11,
    0x00,0x03,0x1f,0x07,0x20,0x03,0x0d,0x0f,0x08,0x10,0x06,0x0f,0x0d,0x01,0x30,0x08,0x0f,0x0c,0x01,0x20,0x10,0x08,0x1f,0x0d,
    0x0a,0x0c,0x1f,0x0b,0x20,0x02,0x1f,0x04,0x30,0x06,0x0f,0x0e,0x01,0x90,0x04,0x2f,0x08,0x40,0x01,0x0c,0x1f,0x0b,0x0a,0x0d,
    0x1f,0x07,0x30,0x08,0x4f,0x0b,0x09,0x0f,0x0a,0x10,0x06,0x0f,0x0e,0x01,0xa0,0x01,0x0c,0x1f,0x0b,0x0a,0x0d,0x1f,0x06,0x20,
    0x03,0x0e,0x0f,0x0e,0x0a,0x0b,0x0e,0x0f,0x0e,0x03,0x20,0x0b,0x0f,0x09,0x30,0x0b,0x0f,0x09,0x30,0x0b,0x0f,0x09,0x10,0x06,
    0x0f,0x0d,0x0c,0x0f,0x1b,0x0e,0x1f,0x04,0x20,0x01,0x0c,0x4f,0x08,0x0d,0x0f,0x05,0x20,0x09,0x2f,0x0b,0x10,0x08,0x1f,0x0c,
    0x1a,0x1f,0x0e,0x02,0x10,0x06,0x0f,0x0e,0x01,0x30,0x0d,0x1f,0x03,0x20,0x20,0x06,0x0d,0x2f,0x0e,0x09,0x01,0x20,0x02,0x0d,
    0x0e,0x04,0x30,0x05,0x0e,0x0d,0x01,0xa0,0x0c,0x1f,0x02,0x50,0x01,0x09,0x0e,0x2f,0x0d,0x06,0x50,0x06,0x0c,0x0e,0x0d,0x08,
    0x00,0x08,0x0e,0x09,0x10,0x06,0x0e,0x0c,0x01,0xb0,0x01,0x09,0x0e,0x2f,0x0d,0x06,0x40,0x03,0x0b,0x3f,0x0b,0x03,0x30,0x0a,
    0x0e,0x09,0x30,0x0a,0x0e,0x08,0x30,0x0a,0x0e,0x08,0x10,0x06,0x0f,0x0d,0x02,0x0b,0x2f,0x0d,0x05,0x40,0x01,0x09,0x0d,0x0e,
    0x0c,0x06,0x00,0x0c,0x0e,0x04,0x20,0x01,0x08,0x0d,0x0e,0x0c,0x01,0x10,0x06,0x0d,0x3f,0x0b,0x02,0x20,0x06,0x0e,0x0c,0x01,
    0x30,0x06,0x0d,0x0a,0x01,0x20,0x30,0x01,0x03,0x05,0x04,0x01,0x50,0x11,0x50,0x11,0xb0,0x0a,0x0f,0x0b,0x80,0x02,0x04,0x05,
    0x03,0x90,0x01,0x20,0x21,0x20,0x11,0xe0,0x02,0x04,0x05,0x03,0x80,0x02,0x14,0x02,0x50,0x21,0x30,0x21,0x30,0x21,0x10,0x06,
    0x0f,0x0d,0x10,0x03,0x05,0x04,0x90,0x01,0x20,0x11,0x60,0x01,0x50,0x03,0x05,0x04,0x02,0x50,0x11,0x50,0x01,0x40,0xf0,0xf0,
    0x30,0x01,0x0e,0x0f,0x05,0xf0,0xf0,0xf0,0xf0,0xf0,0xb0,0x06,0x0f,0x0d,0x01,0xf0,0xf0,0xf0,0x90,0xf0,0xf0,0x10,0x05,0x06,
    0x0b,0x0f,0x0d,0x01,0xf0,0xf0,0xf0,0xf0,0xf0,0xb0,0x06,0x0f,0x0d,0x01,0xf0,0xf0,0xf0,0x90,0xf0,0xf0,0x00,0x01,0x2f,0x0e,
    0x04,0xf0,0xf0,0xf0,0xf0,0xf0,0xc0,0x06,0x0f,0x0e,0x01,0xf0,0xf0,0xf0,0x90,0xf0,0xf0,0x00,0x02,0x09,0x0a,0x08,0x03,0xf0,
    0xf0,0xf0,0xf0,0xf0,0xd0,0x04,0x0a,0x08,0xf0,0xf0,0xf0,0xa0,0xf0,0xf0,0xf0,0xf0,0xf0,0xf0,0xf0,0xf0,0xf0,0xf0,0xf0,0xf0,
    0xf0,0xf0,0x80,0xf0,0xf0,0xf0,0xf0,0xf0,0xf0,0xf0,0xf0,0xf0,0xf0,0xf0,0xf0,0xf0,0xf0,0x80,0xf0,0xf0,0xf0,0xf0,0xf0,0xf0,
    0xf0,0xf0,0xf0,0xf0,0xf0,0xf0,0xf0,0xf0,0x80,0xf0,0xf0,0xf0,0xf0,0xf0,0xf0,0xf0,0xf0,0xf0,0xf0,0xf0,0xf0,0xf0,0xf0,0x80,
    0xf0,0xf0,0xf0,0xf0,0xf0,0xf0,0xf0,0xf0,0xf0,0xf0,0xf0,0xf0,0xf0,0xf0,0x80,0xf0,0xf0,0xf0,0xf0,0xf0,0xf0,0xf0,0xf0,0xf0,
    0xf0,0xf0,0xf0,0xf0,0xf0,0x80,0xf0,0xf0,0xf0,0xf0,0xf0,0xf0,0xf0,0xf0,0xf0,0xf0,0x00,0x02,0x05,0x01,0xf0,0xf0,0xf0,0xf0,
    0x40,0x10,0x25,0x03,0xf0,0xf0,0xf0,0xf0,0xf0,0xf0,0xf0,0xf0,0xf0,0x90,0x05,0x0e,0x0f,0x0c,0x01,0x10,0x01,0x25,0x02,0xf0,
    0x20,0x04,0x15,0x04,0xc0,0x02,0x25,0x01,0xf0,0x30,0x00,0x01,0x0e,0x1f,0x0b,0xf0,0xf0,0xf0,0x70,0x21,0xf0,0xf0,0xf0,0xf0,
    0xf0,0xe0,0x0b,0x0f,0x0e,0x0f,0x06,0x10,0x02,0x2f,0x07,0xf0,0x20,0x0c,0x1f,0x0c,0xc0,0x07,0x2f,0x02,0xf0,0x30,0x00,0x01,
    0x0d,0x1f,0x0a,0xf0,0xf0,0xf0,0x70,0x0c,0x1e,0x09,0xf0,0xf0,0xf0,0xf0,0xf0,0xd0,0x07,0x1f,0x0e,0x03,0x10,0x02,0x0e,0x1f,
    0x06,0xf0,0x20,0x0b,0x1f,0x0b,0xc0,0x07,0x1f,0x0e,0x02,0xf0,0x30,0x00,0x01,0x0e,0x1f,0x0a,0xf0,0xf0,0xf0,0x60,0x01,0x0d,
    0x1f,0x0a,0xf0,0xf0,0xf0,0xf0,0xf0,0xe0,0x06,0x08,0x03,0x20,0x02,0x2f,0x07,0xf0,0x20,0x0b,0x1f,0x0b,0xc0,0x07,0x2f,0x02,
    0xf0,0x30,0x00,0x01,0x0e,0x1f,0x0a,0xf0,0xf0,0xf0,0x70,0x0c,0x1f,0x0a,0xf0,0xf0,0xf0,0xf0,0xf0,0xf0,0x40,0x02,0x2f,0x07,
    0xf0,0x20,0x0b,0x1f,0x0b,0xc0,0x07,0x2f,0x02,0xf0,0x30,0x00,0x01,0x0e,0x1f,0x0a,0x20,0x02,0x15,0x04,0x20,0x03,0x05,0x04,
    0x02,0x50,0x01,0x25,0x02,0x10,0x02,0x05,0x04,0x02,0x60,0x04,0x15,0x04,0x50,0x25,0x03,0x00,0x01,0x15,0x0d,0x1f,0x0c,0x15,
    0x03,0x80,0x04,0x15,0x04,0x50,0x25,0x03,0x20,0x02,0x15,0x04,0x20,0x03,0x05,0x04,0x02,0x90,0x02,0x04,0x05,0x04,0x02,0x40,
    0x01,0x25,0x03,0x60,0x03,0x25,0x01,0x40,0x02,0x04,0x05,0x04,0x02,0x60,0x02,0x25,0x01,0x10,0x02,0x2f,0x07,0x60,0x03,0x04,
    0x05,0x04,0x02,0x60,0x0b,0x1f,0x0b,0x10,0x01,0x04,0x05,0x03,0x60,0x07,0x2f,0x02,0x60,0x02,0x04,0x05,0x04,0x01,0x70,0x00,
    0x01,0x0e,0x1f,0x0a,0x20,0x07,0x1f,0x0e,0x00,0x04,0x0c,0x2f,0x0e,0x09,0x01,0x30,0x02,0x2f,0x05,0x01,0x0a,0x3f,0x0b,0x03,
    0x40,0x0c,0x1f,0x0c,0x40,0x01,0x2f,0x0a,0x00,0x02,0x7f,0x0a,0x80,0x0c,0x1f,0x0c,0x40,0x01,0x2f,0x09,0x20,0x07,0x1f,0x0e,
    0x00,0x04,0x0c,0x2f,0x0e,0x09,0x01,0x50,0x05,0x0b,0x0e,0x3f,0x0c,0x06,0x30,0x0d,0x1f,0x0e,0x01,0x50,0x0c,0x1f,0x0e,0x01,
    0x20,0x05,0x0b,0x0e,0x3f,0x0c,0x06,0x40,0x07,0x2f,0x02,0x10,0x02,0x2f,0x07,0x40,0x07,0x0d,0x3f,0x0e,0x0b,0x03,0x40,0x0b,
    0x1f,0x0b,0x00,0x07,0x0e,0x2f,0x0d,0x06,0x40,0x07,0x2f,0x02,0x40,0x04,0x0b,0x0e,0x2f,0x0e,0x0a,0x03,0x50,0x00,0x01,0x0e,
    0x1f,0x0a,0x20,0x07,0x1f,0x0c,0x04,0x6f,0x0a,0x30,0x02,0x0e,0x1f,0x05,0x0b,0x5f,0x0e,0x04,0x30,0x0b,0x1f,0x0b,0x40,0x01,
    0x0e,0x1f,0x09,0x00,0x02,0x7f,0x0a,0x80,0x0b,0x1f,0x0b,0x40,0x01,0x0e,0x1f,0x09,0x20,0x07,0x1f,0x0c,0x04,0x6f,0x0a,0x40,
    0x07,0x8f,0x09,0x20,0x07,0x0f,0x0e,0x0f,0x04,0x40,0x02,0x2f,0x08,0x20,0x07,0x8f,0x09,0x30,0x07,0x1f,0x0e,0x02,0x10,0x02,
    0x2f,0x07,0x20,0x01,0x0b,0x8f,0x05,0x30,0x0b,0x1f,0x0a,0x07,0x6f,0x08,0x30,0x07,0x2f,0x02,0x30,0x07,0x7f,0x0e,0x04,0x40,
    0x00,0x01,0x0e,0x1f,0x0a,0x20,0x07,0x1f,0x1d,0x0f,0x0c,0x0a,0x0d,0x3f,0x05,0x20,0x02,0x2f,0x0d,0x0f,0x0d,0x1a,0x0d,0x2f,
    0x0e,0x01,0x20,0x0b,0x1f,0x0b,0x40,0x01,0x0e,0x1f,0x09,0x00,0x01,0x17,0x0e,0x1f,0x0c,0x17,0x04,0x80,0x0b,0x1f,0x0b,0x40,
    0x01,0x0e,0x1f,0x09,0x20,0x07,0x1f,0x1d,0x0f,0x0c,0x0a,0x0d,0x3f,0x05,0x20,0x05,0x2f,0x0e,0x09,0x06,0x08,0x0d,0x2f,0x05,
    0x10,0x02,0x0e,0x1f,0x09,0x40,0x07,0x2f,0x03,0x10,0x05,0x2f,0x0e,0x09,0x06,0x08,0x0d,0x2f,0x05,0x20,0x07,0x2f,0x02,0x10,
    0x02,0x2f,0x07,0x20,0x0a,0x2f,0x0c,0x08,0x06,0x09,0x2f,0x0e,0x01,0x20,0x0b,0x1f,0x0e,0x0f,0x0e,0x0a,0x09,0x0c,0x3f,0x05,
    0x20,0x07,0x2f,0x02,0x20,0x05,0x2f,0x0d,0x09,0x07,0x09,0x0e,0x1f,0x0e,0x02,0x30,0x00,0x01,0x0e,0x1f,0x0a,0x20,0x07,0x2f,
    0x0e,0x04,0x20,0x08,0x2f,0x0a,0x20,0x02,0x3f,0x0a,0x01,0x10,0x01,0x0b,0x2f,0x08,0x20,0x0b,0x1f,0x0b,0x40,0x01,0x0e,0x1f,
    0x09,0x30,0x0d,0x1f,0x0a,0xb0,0x0b,0x1f,0x0b,0x40,0x01,0x0e,0x1f,0x09,0x20,0x07,0x2f,0x0e,0x04,0x20,0x08,0x2f,0x0a,0x20,
    0x08,0x0d,0x0f,0x0d,0x02,0x20,0x02,0x0e,0x1f,0x0a,0x20,0x0b,0x1f,0x0d,0x01,0x30,0x0c,0x1f,0x0c,0x20,0x08,0x0d,0x0f,0x0d,
    0x02,0x20,0x02,0x0e,0x1f,0x0a,0x20,0x07,0x2f,0x02,0x10,0x02,0x2f,0x07,0x10,0x01,0x0b,0x0e,0x0f,0x0a,0x30,0x06,0x2f,0x05,
    0x20,0x0b,0x2f,0x0d,0x03,0x20,0x07,0x2f,0x0c,0x20,0x07,0x2f,0x02,0x10,0x01,0x0d,0x1f,0x0c,0x01,0x20,0x03,0x0e,0x1f,0x09,
    0x30,0x00,0x01,0x0e,0x1f,0x0a,0x20,0x07,0x2f,0x07,0x40,0x0d,0x1f,0x0c,0x20,0x02,0x2f,0x0e,0x01,0x30,0x01,0x0e,0x1f,0x0c,
    0x20,0x0b,0x1f,0x0b,0x40,0x01,0x0e,0x1f,0x09,0x20,0x01,0x0d,0x1f,0x0a,0xb0,0x0b,0x1f,0x0b,0x40,0x01,0x0e,0x1f,0x09,0x20,
    0x07,0x2f,0x07,0x40,0x0d,0x1f,0x0c,0x40,0x03,0x02,0x40,0x0a,0x1f,0x0c,0x20,0x05,0x2f,0x04,0x20,0x02,0x2f,0x07,0x40,0x03,
    0x02,0x40,0x0a,0x1f,0x0c,0x20,0x07,0x2f,0x02,0x10,0x02,0x2f,0x07,0x30,0x01,0x03,0x01,0x30,0x01,0x0e,0x1f,0x07,0x20,0x0b,
    0x2f,0x05,0x40,0x0a,0x2f,0x03,0x10,0x07,0x2f,0x02,0x10,0x05,0x2f,0x03,0x40,0x06,0x1f,0x0e,0x01,0x20,0x00,0x01,0x0e,0x1f,
    0x0a,0x20,0x07,0x2f,0x03,0x40,0x0a,0x1f,0x0d,0x20,0x02,0x2f,0x09,0x50,0x09,0x2f,0x02,0x10,0x0b,0x1f,0x0b,0x40,0x01,0x0e,
    0x1f,0x09,0x30,0x0d,0x1f,0x0a,0xb0,0x0b,0x1f,0x0b,0x40,0x01,0x0e,0x1f,0x09,0x20,0x07,0x2f,0x03,0x40,0x0a,0x1f,0x0d,0x80,
    0x01,0x02,0x05,0x0d,0x1f,0x0c,0x20,0x01,0x0e,0x1f,0x09,0x20,0x07,0x1f,0x0e,0x02,0x80,0x01,0x02,0x05,0x0d,0x1f,0x0c,0x20,
    0x07,0x2f,0x02,0x10,0x02,0x2f,0x07,0x80,0x01,0x02,0x07,0x2f,0x08,0x20,0x0b,0x1f,0x0d,0x01,0x40,0x05,0x2f,0x06,0x10,0x07,
    0x2f,0x02,0x10,0x09,0x1f,0x0d,0x51,0x03,0x2f,0x04,0x20,0x00,0x01,0x0e,0x1f,0x0a,0x20,0x07,0x2f,0x02,0x40,0x0a,0x1f,0x0d,
    0x20,0x02,0x2f,0x06,0x50,0x07,0x2f,0x03,0x10,0x0b,0x1f,0x0b,0x40,0x01,0x0e,0x1f,0x09,0x30,0x0d,0x1f,0x0a,0xb0,0x0b,0x1f,
    0x0b,0x40,0x01,0x0e,0x1f,0x09,0x20,0x07,0x2f,0x02,0x40,0x0a,0x1f,0x0d,0x40,0x03,0x07,0x0a,0x0c,0x0d,0x0e,0x3f,0x0c,0x30,
    0x09,0x1f,0x0d,0x01,0x10,0x0c,0x1f,0x0a,0x50,0x03,0x07,0x0a,0x0c,0x0d,0x0e,0x3f,0x0c,0x20,0x07,0x2f,0x02,0x10,0x02,0x2f,
    0x07,0x40,0x05,0x08,0x0a,0x0c,0x0d,0x4f,0x08,0x20,0x0b,0x1f,0x0b,0x50,0x02,0x2f,0x08,0x10,0x07,0x2f,0x02,0x10,0x0b,0x2f,
    0x6e,0x2f,0x05,0x20,0x00,0x01,0x0e,0x1f,0x0a,0x20,0x07,0x2f,0x02,0x40,0x0a,0x1f,0x0d,0x20,0x02,0x2f,0x06,0x50,0x06,0x2f,
    0x04,0x10,0x0b,0x1f,0x0b,0x40,0x01,0x0e,0x1f,0x09,0x30,0x0d,0x1f,0x0a,0xb0,0x0b,0x1f,0x0b,0x40,0x01,0x0e,0x1f,0x09,0x20,
    0x07,0x2f,0x02,0x40,0x0a,0x1f,0x0d,0x20,0x01,0x0a,0x5f,0x1e,0x1f,0x0c,0x30,0x04,0x2f,0x04,0x00,0x03,0x2f,0x05,0x30,0x01,
    0x0a,0x5f,0x1e,0x1f,0x0c,0x20,0x07,0x2f,0x02,0x10,0x02,0x2f,0x07,0x20,0x03,0x0c,0x5f,0x0e,0x2f,0x08,0x20,0x0b,0x1f,0x0b,
    0x50,0x02,0x0e,0x1f,0x09,0x10,0x07,0x2f,0x02,0x10,0x0b,0xcf,0x06,0x20,0x00,0x01,0x0e,0x1f,0x0a,0x20,0x07,0x2f,0x02,0x40,
    0x0a,0x1f,0x0d,0x20,0x02,0x2f,0x07,0x50,0x07,0x2f,0x03,0x10,0x0b,0x1f,0x0b,0x40,0x01,0x0e,0x1f,0x09,0x30,0x0d,0x1f,0x0a,
    0xb0,0x0b,0x1f,0x0b,0x40,0x01,0x0e,0x1f,0x09,0x20,0x07,0x2f,0x02,0x40,0x0a,0x1f,0x0d,0x20,0x0a,0x2f,0x0d,0x09,0x07,0x05,
    0x02,0x0a,0x1f,0x0c,0x40,0x0c,0x1f,0x09,0x00,0x07,0x1f,0x0d,0x01,0x30,0x0a,0x2f,0x0d,0x09,0x07,0x05,0x02,0x0a,0x1f,0x0c,
    0x20,0x07,0x2f,0x02,0x10,0x02,0x2f,0x07,0x10,0x02,0x0e,0x2f,0x0c,0x08,0x06,0x04,0x02,0x0e,0x1f,0x08,0x20,0x0b,0x1f,0x0b,
    0x50,0x02,0x2f,0x08,0x10,0x07,0x2f,0x02,0x10,0x0b,0x1f,0x0d,0x66,0x07,0x16,0x02,0x20,0x00,0x01,0x0e,0x1f,0x0a,0x20,0x07,
    0x2f,0x02,0x40,0x0a,0x1f,0x0d,0x20,0x02,0x2f,0x09,0x50,0x0a,0x2f,0x02,0x10,0x0b,0x1f,0x0c,0x40,0x02,0x0e,0x1f,0x09,0x30,
    0x0d,0x1f,0x0a,0xb0,0x0b,0x1f,0x0c,0x40,0x02,0x0e,0x1f,0x09,0x20,0x07,0x2f,0x02,0x40,0x0a,0x1f,0x0d,0x01,0x00,0x02,0x2f,
    0x0a,0x01,0x30,0x0a,0x1f,0x0c,0x40,0x07,0x1f,0x0d,0x00,0x0b,0x1f,0x09,0x30,0x02,0x2f,0x0a,0x01,0x30,0x0a,0x1f,0x0c,0x20,
    0x07,0x2f,0x02,0x10,0x02,0x2f,0x07,0x10,0x07,0x2f,0x06,0x30,0x01,0x0e,0x1f,0x08,0x20,0x0b,0x1f,0x0e,0x01,0x40,0x05,0x2f,
    0x06,0x10,0x07,0x2f,0x02,0x10,0x09,0x1f,0x0d,0xd0,0x00,0x01,0x0e,0x1f,0x0a,0x20,0x07,0x2f,0x02,0x40,0x0a,0x1f,0x0d,0x20,
    0x02,0x2f,0x0e,0x01,0x30,0x01,0x0e,0x1f,0x0c,0x20,0x0b,0x1f,0x0e,0x01,0x30,0x05,0x2f,0x09,0x30,0x0d,0x1f,0x0a,0xb0,0x0b,
    0x1f,0x0e,0x01,0x30,0x05,0x2f,0x09,0x20,0x07,0x2f,0x02,0x40,0x0a,0x1f,0x0d,0x01,0x00,0x04,0x2f,0x02,0x00,0x01,0x20,0x0c,
    0x1f,0x0c,0x40,0x02,0x2f,0x04,0x0d,0x1f,0x03,0x30,0x04,0x2f,0x02,0x00,0x01,0x20,0x0c,0x1f,0x0c,0x20,0x07,0x2f,0x02,0x10,
    0x02,0x2f,0x07,0x10,0x09,0x1f,0x0c,0x20,0x01,0x00,0x03,0x2f,0x08,0x20,0x0b,0x2f,0x05,0x40,0x0a,0x2f,0x03,0x10,0x07,0x2f,
    0x02,0x10,0x05,0x2f,0x04,0x00,0x01,0x00,0x01,0x00,0x01,0x05,0x02,0x01,0x30,0x00,0x01,0x0e,0x1f,0x0a,0x20,0x07,0x2f,0x02,
    0x40,0x0a,0x1f,0x0d,0x20,0x02,0x3f,0x0a,0x01,0x10,0x01,0x0b,0x2f,0x08,0x20,0x08,0x2f,0x0a,0x01,0x10,0x03,0x0e,0x2f,0x09,
    0x30,0x0c,0x1f,0x0c,0xb0,0x08,0x2f,0x0a,0x01,0x10,0x03,0x0e,0x2f,0x09,0x20,0x07,0x2f,0x02,0x40,0x0a,0x1f,0x0d,0x01,0x00,
    0x04,0x2f,0x06,0x30,0x07,0x2f,0x0c,0x50,0x0b,0x1f,0x0b,0x0e,0x0f,0x0c,0x40,0x04,0x2f,0x06,0x30,0x07,0x2f,0x0c,0x20,0x07,
    0x2f,0x02,0x10,0x02,0x2f,0x07,0x10,0x09,0x1f,0x0e,0x02,0x20,0x01,0x0b,0x2f,0x08,0x20,0x0b,0x2f,0x0e,0x03,0x20,0x07,0x2f,
    0x0c,0x20,0x07,0x2f,0x02,0x10,0x01,0x0d,0x1f,0x0d,0x02,0x20,0x01,0x0b,0x0f,0x0e,0x0c,0x01,0x20,0x00,0x01,0x0d,0x1f,0x0a,
    0x20,0x07,0x2f,0x02,0x40,0x0a,0x1f,0x0d,0x20,0x02,0x2f,0x0e,0x0f,0x0d,0x09,0x0a,0x0d,0x2f,0x0e,0x01,0x20,0x03,0x3f,0x0d,
    0x0a,0x0b,0x0f,0x0e,0x0d,0x1f,0x09,0x30,0x0b,0x2f,0x0a,0x09,0x06,0x80,0x03,0x3f,0x0d,0x0a,0x0b,0x0f,0x0e,0x0d,0x1f,0x09,
    0x20,0x07,0x2f,0x02,0x40,0x0a,0x1f,0x0d,0x10,0x01,0x0e,0x1f,0x0e,0x08,0x05,0x06,0x0a,0x3f,0x0c,0x50,0x06,0x4f,0x07,0x40,
    0x01,0x0e,0x1f,0x0e,0x08,0x05,0x06,0x0a,0x3f,0x0c,0x20,0x07,0x2f,0x02,0x10,0x02,0x2f,0x07,0x10,0x05,0x2f,0x0d,0x07,0x05,
    0x07,0x0c,0x3f,0x08,0x20,0x0b,0x1f,0x0d,0x1f,0x0a,0x09,0x0c,0x3f,0x05,0x20,0x07,0x2f,0x02,0x20,0x05,0x2f,0x0e,0x09,0x07,
    0x08,0x0d,0x0f,0x0e,0x0f,0x09,0x30,0x00,0x01,0x0e,0x1f,0x0b,0x20,0x07,0x2f,0x02,0x40,0x0a,0x1f,0x0d,0x20,0x02,0x2f,0x07,
    0x0b,0x5f,0x0e,0x04,0x40,0x08,0x6f,0x05,0x0b,0x1f,0x09,0x30,0x04,0x4f,0x0b,0x90,0x08,0x6f,0x05,0x0b,0x1f,0x09,0x20,0x07,
    0x2f,0x02,0x40,0x0a,0x1f,0x0d,0x20,0x06,0x6f,0x0b,0x09,0x1f,0x0c,0x50,0x01,0x0e,0x3f,0x02,0x50,0x06,0x6f,0x0b,0x09,0x1f,
    0x0c,0x20,0x07,0x2f,0x02,0x10,0x02,0x2f,0x07,0x20,0x0b,0x6f,0x08,0x0c,0x1f,0x08,0x20,0x0c,0x1f,0x0a,0x07,0x6f,0x08,0x30,
    0x07,0x2f,0x02,0x30,0x07,0x8f,0x0a,0x40,0x00,0x01,0x0d,0x1e,0x0a,0x20,0x06,0x2e,0x02,0x40,0x09,0x1e,0x0c,0x20,0x02,0x2f,
    0x06,0x01,0x0a,0x3f,0x0b,0x03,0x60,0x07,0x0e,0x2f,0x0d,0x06,0x00,0x0b,0x1e,0x08,0x40,0x06,0x0d,0x2f,0x0d,0x01,0x90,0x07,
    0x0e,0x2f,0x0d,0x06,0x00,0x0b,0x1e,0x08,0x20,0x06,0x2e,0x02,0x40,0x09,0x1e,0x0c,0x30,0x06,0x0d,0x2f,0x0e,0x0a,0x01,0x07,
    0x1e,0x0c,0x60,0x09,0x2e,0x0a,0x70,0x06,0x0d,0x2f,0x0e,0x0a,0x01,0x07,0x1e,0x0c,0x20,0x06,0x2e,0x02,0x10,0x02,0x2e,0x06,
    0x20,0x01,0x09,0x0e,0x2f,0x0d,0x07,0x00,0x0c,0x1e,0x07,0x20,0x0b,0x1e,0x0a,0x00,0x08,0x0e,0x2f,0x0d,0x06,0x40,0x06,0x2e,
    0x02,0x40,0x04,0x0b,0x0e,0x3f,0x0c,0x06,0x50,0x10,0x31,0x30,0x21,0x50,0x31,0x20,0x02,0x2f,0x07,0x10,0x02,0x05,0x04,0x02,
    0x90,0x01,0x04,0x05,0x04,0x01,0x10,0x31,0x50,0x01,0x04,0x05,0x04,0x02,0xb0,0x01,0x04,0x05,0x04,0x01,0x10,0x31,0x30,0x21,
    0x50,0x31,0x50,0x03,0x15,0x02,0x10,0x31,0x70,0x21,0xa0,0x03,0x15,0x02,0x10,0x31,0x30,0x21,0x30,0x21,0x50,0x01,0x04,0x05,
    0x04,0x01,0x10,0x21,0x30,0x31,0x10,0x01,0x04,0x05,0x03,0x70,0x21,0x70,0x02,0x04,0x05,0x04,0x03,0x70,0xf0,0x90,0x02,0x2f,
    0x07,0xf0,0xf0,0xf0,0xf0,0xf0,0xf0,0xf0,0xf0,0xf0,0xf0,0xf0,0xf0,0x90,0xf0,0x90,0x02,0x2f,0x07,0xf0,0xf0,0xf0,0xf0,0xf0,
    0xf0,0xf0,0xf0,0xf0,0xf0,0xf0,0xf0,0x90,0xf0,0x90,0x02,0x2f,0x07,0xf0,0xf0,0xf0,0xf0,0xf0,0xf0,0xf0,0xf0,0xf0,0xf0,0xf0,
    0xf0,0x90,0xf0,0x90,0x02,0x2f,0x07,0xf0,0xf0,0xf0,0xf0,0xf0,0xf0,0xf0,0xf0,0xf0,0xf0,0xf0,0xf0,0x90,0xf0,0xf0,0xf0,0xf0,
    0xf0,0xf0,0xf0,0xf0,0xf0,0xf0,0xf0,0xd0,0xf0,0xf0,0xf0,0xf0,0xf0,0xf0,0xf0,0xf0,0xf0,0xf0,0xf0,0xd0,0xf0,0xf0,0xf0,0xf0,
    0xf0,0xf0,0xf0,0xf0,0xf0,0xf0,0xf0,0xd0,0xf0,0xf0,0xf0,0xf0,0xf0,0xf0,0xf0,0xf0,0xf0,0xf0,0xf0,0xd0,0xf0,0xf0,0xf0,0xf0,
    0xf0,0xf0,0xf0,0xf0,0xf0,0xf0,0xf0,0xd0,0x50,0x02,0x04,0x05,0x04,0x01,0x60,0x11,0xf0,0xf0,0x40,0x11,0xf0,0x60,0x21,0xf0,
    0xf0,0x40,0x21,0x20,0x07,0x09,0x01,0xf0,0xb0,0x11,0xf0,0xc0,0x30,0x03,0x0a,0x0e,0x2f,0x0e,0x0a,0x02,0x30,0x06,0x0e,0x0c,
    0xf0,0xf0,0x30,0x06,0x0e,0x0c,0x01,0xf0,0x50,0x0a,0x0e,0x08,0xf0,0xf0,0x40,0x09,0x0e,0x09,0x10,0x05,0x1f,0x08,0xf0,0xa0,
    0x02,0x0d,0x0e,0x04,0xf0,0xb0,0x20,0x05,0x2f,0x0e,0x0d,0x0e,0x1f,0x0e,0x04,0x20,0x06,0x0f,0x0d,0x01,0xf0,0xf0,0x20,0x06,
    0x0f,0x0e,0x01,0xd0,0x01,0x1c,0x04,0x30,0x0b,0x0f,0x09,0xf0,0xf0,0x40,0x0a,0x0f,0x0a,0x10,0x02,0x0d,0x0e,0x05,0xf0,0xa0,
    0x02,0x1f,0x04,0xf0,0xb0,0x10,0x03,0x1f,0x0d,0x05,0x21,0x06,0x0e,0x0f,0x0e,0x01,0x10,0x06,0x0f,0x0d,0x01,0xf0,0xf0,0x20,
    0x06,0x0f,0x0d,0x01,0xd0,0x01,0x1f,0x05,0x30,0x0b,0x0f,0x09,0xf0,0xf0,0x40,0x0a,0x0f,0x0a,0x20,0x11,0xf0,0xb0,0x02,0x0e,
    0x0f,0x04,0xf0,0xb0,0x10,0x0c,0x0f,0x0d,0x02,0x40,0x03,0x0e,0x0f,0x08,0x10,0x06,0x0f,0x0d,0x01,0x10,0x01,0xa0,0x11,0xa0,
    0x11,0x50,0x06,0x0f,0x0d,0x01,0x30,0x21,0x50,0x01,0x02,0x0e,0x0f,0x05,0x11,0x10,0x0b,0x0f,0x09,0x20,0x01,0xa0,0x01,0xf0,
    0x00,0x01,0x20,0x0a,0x0f,0x0a,0x20,0x11,0x60,0x11,0x50,0x21,0x20,0x01,0x50,0x02,0x0e,0x0f,0x04,0x50,0x11,0x40,0x21,0x60,
    0x11,0x20,0x00,0x03,0x1f,0x06,0x60,0x09,0x0f,0x0c,0x10,0x06,0x0f,0x0d,0x00,0x06,0x0c,0x0e,0x0d,0x08,0x01,0x40,0x01,0x07,
    0x0c,0x1e,0x0b,0x06,0x60,0x07,0x0b,0x1e,0x0b,0x07,0x30,0x06,0x0f,0x0d,0x01,0x20,0x08,0x1e,0x04,0x50,0x0b,0x0e,0x1f,0x1e,
    0x0a,0x10,0x0b,0x0f,0x08,0x01,0x09,0x0d,0x0e,0x0c,0x06,0x50,0x02,0x09,0x0d,0x0e,0x0d,0x09,0x03,0xb0,0x07,0x0c,0x0e,0x0d,
    0x09,0x01,0x0a,0x0f,0x0a,0x10,0x02,0x1e,0x04,0x20,0x02,0x09,0x0d,0x1e,0x0b,0x05,0x30,0x0a,0x0e,0x07,0x01,0x09,0x0d,0x0e,
    0x0b,0x06,0x30,0x02,0x0e,0x0f,0x04,0x20,0x02,0x08,0x0c,0x1e,0x0b,0x06,0x20,0x05,0x1e,0x03,0x40,0x08,0x0e,0x0c,0x01,0x10,
    0x00,0x07,0x0f,0x0e,0x01,0x60,0x01,0x12,0x10,0x06,0x0f,0x0c,0x09,0x4f,0x0b,0x30,0x01,0x0c,0x1f,0x1e,0x1f,0x09,0x30,0x01,
    0x0b,0x5f,0x0b,0x20,0x06,0x0f,0x0d,0x01,0x10,0x07,0x1f,0x06,0x60,0x0a,0x0e,0x1f,0x1e,0x0a,0x10,0x0b,0x0f,0x09,0x0c,0x4f,
    0x06,0x30,0x04,0x0e,0x1f,0x0e,0x2f,0x05,0x90,0x0a,0x4f,0x1a,0x0f,0x0a,0x10,0x02,0x1f,0x04,0x10,0x03,0x0e,0x1f,0x0d,0x0e,
    0x1f,0x07,0x20,0x0b,0x0f,0x09,0x0b,0x0f,0x0e,0x2f,0x09,0x20,0x02,0x0e,0x0f,0x04,0x10,0x03,0x0e,0x1f,0x1e,0x1f,0x0a,0x10,
    0x01,0x0d,0x0f,0x08,0x40,0x0d,0x0f,0x09,0x20,0x00,0x0a,0x0f,0x0b,0xc0,0x06,0x1f,0x0e,0x05,0x02,0x03,0x0b,0x1f,0x05,0x20,
    0x0a,0x0f,0x0d,0x05,0x11,0x06,0x1f,0x06,0x20,0x0a,0x0f,0x0e,0x06,0x12,0x07,0x0e,0x0f,0x09,0x10,0x06,0x0f,0x0d,0x01,0x00,
    0x07,0x1f,0x06,0x80,0x02,0x0e,0x0f,0x05,0x11,0x10,0x0b,0x1f,0x0b,0x03,0x02,0x05,0x0d,0x0f,0x0e,0x01,0x10,0x01,0x0e,0x0f,
    0x0a,0x03,0x01,0x02,0x0a,0x0f,0x0e,0x02,0x70,0x07,0x1f,0x09,0x02,0x01,0x05,0x0e,0x1f,0x0a,0x10,0x02,0x0e,0x0f,0x04,0x10,
    0x0b,0x0f,0x0c,0x03,0x11,0x08,0x0f,0x0e,0x02,0x10,0x0b,0x1f,0x0d,0x04,0x01,0x03,0x0a,0x1f,0x06,0x10,0x02,0x0e,0x0f,0x04,
    0x10,0x0c,0x0f,0x0c,0x04,0x11,0x07,0x1f,0x04,0x10,0x08,0x0f,0x0d,0x30,0x04,0x1f,0x03,0x20,0x00,0x0b,0x0f,0x0a,0xc0,0x06,
    0x1f,0x05,0x20,0x01,0x0d,0x0f,0x08,0x10,0x03,0x1f,0x03,0x30,0x08,0x0f,0x0d,0x10,0x03,0x1f,0x06,0x30,0x07,0x0d,0x09,0x10,
    0x06,0x0f,0x0d,0x00,0x06,0x1f,0x07,0x90,0x01,0x0e,0x0f,0x05,0x30,0x0b,0x0f,0x0d,0x01,0x20,0x05,0x1f,0x04,0x10,0x07,0x0f,
    0x0c,0x40,0x0c,0x0f,0x08,0x70,0x0d,0x0f,0x0b,0x30,0x04,0x1f,0x0a,0x10,0x02,0x0e,0x0f,0x04,0x00,0x01,0x0d,0x0f,0x07,0x30,
    0x05,0x03,0x20,0x0b,0x1f,0x03,0x30,0x0c,0x0f,0x0c,0x10,0x02,0x0e,0x0f,0x04,0x10,0x03,0x06,0x03,0x30,0x0c,0x0f,0x08,0x10,
    0x03,0x1f,0x04,0x20,0x09,0x0f,0x0c,0x30,0x00,0x0b,0x0f,0x0a,0xc0,0x06,0x0f,0x0e,0x01,0x30,0x0b,0x0f,0x09,0x10,0x07,0x0f,
    0x0c,0x41,0x04,0x1f,0x03,0x00,0x07,0x0f,0x0e,0x01,0x80,0x06,0x0f,0x0d,0x06,0x1f,0x08,0xa0,0x01,0x0e,0x0f,0x05,0x30,0x0b,
    0x0f,0x0a,0x30,0x02,0x0e,0x0f,0x05,0x10,0x0b,0x0f,0x08,0x41,0x08,0x0f,0x0b,0x60,0x03,0x1f,0x05,0x40,0x0c,0x0f,0x0a,0x10,
    0x02,0x0e,0x0f,0x04,0x10,0x0c,0x0f,0x0d,0x05,0x01,0x60,0x0b,0x0f,0x0b,0x40,0x06,0x0f,0x0e,0x02,0x00,0x02,0x0e,0x0f,0x04,
    0x60,0x01,0x04,0x0d,0x0f,0x08,0x20,0x0c,0x0f,0x09,0x10,0x01,0x0d,0x0f,0x07,0x30,0x00,0x0a,0x0f,0x0b,0xc0,0x06,0x0f,0x0d,
    0x01,0x30,0x0a,0x0f,0x0a,0x10,0x09,0x9f,0x04,0x00,0x09,0x0f,0x0c,0x90,0x06,0x0f,0x0e,0x2f,0x03,0xa0,0x01,0x0e,0x0f,0x05,
    0x30,0x0b,0x0f,0x09,0x30,0x02,0x0e,0x0f,0x05,0x00,0x01,0x0d,0x8f,0x0d,0x60,0x04,0x1f,0x03,0x40,0x0a,0x0f,0x0a,0x10,0x02,
    0x0e,0x0f,0x04,0x10,0x04,0x0e,0x1f,0x0e,0x0b,0x08,0x03,0x30,0x0b,0x0f,0x09,0x40,0x04,0x1f,0x03,0x00,0x02,0x0e,0x0f,0x04,
    0x20,0x04,0x08,0x0b,0x0e,0x3f,0x09,0x20,0x06,0x0f,0x0d,0x01,0x00,0x05,0x0f,0x0e,0x02,0x30,0x00,0x07,0x0f,0x0e,0x01,0x60,
    0x01,0x03,0x02,0x10,0x06,0x0f,0x0d,0x01,0x30,0x0a,0x0f,0x0a,0x10,0x09,0x0f,0x0e,0x4b,0x0c,0x1b,0x03,0x00,0x09,0x0f,0x0b,
    0x90,0x06,0x1f,0x1e,0x0f,0x0d,0x01,0x90,0x01,0x0e,0x0f,0x05,0x30,0x0b,0x0f,0x09,0x30,0x02,0x0e,0x0f,0x05,0x00,0x01,0x0d,
    0x0f,0x0d,0x0b,0x0c,0x4b,0x0a,0x60,0x04,0x1f,0x03,0x40,0x0a,0x0f,0x0a,0x10,0x02,0x0e,0x0f,0x04,0x20,0x03,0x09,0x0c,0x3f,
    0x08,0x20,0x0b,0x0f,0x09,0x40,0x03,0x1f,0x04,0x00,0x02,0x0e,0x0f,0x04,0x10,0x08,0x2f,0x0c,0x0a,0x07,0x0c,0x0f,0x08,0x20,
    0x02,0x0e,0x0f,0x05,0x00,0x0a,0x0f,0x0a,0x40,0x00,0x03,0x1f,0x06,0x60,0x09,0x0f,0x0c,0x10,0x06,0x0f,0x0d,0x01,0x30,0x0a,
    0x0f,0x0a,0x10,0x08,0x0f,0x0c,0x90,0x08,0x0f,0x0d,0x90,0x06,0x0f,0x0e,0x04,0x03,0x1f,0x0a,0x90,0x01,0x0e,0x0f,0x05,0x30,
    0x0b,0x0f,0x09,0x30,0x02,0x0e,0x0f,0x05,0x10,0x0c,0x0f,0x07,0xe0,0x03,0x1f,0x04,0x40,0x0b,0x0f,0x0a,0x10,0x02,0x0e,0x0f,
    0x04,0x50,0x02,0x05,0x0c,0x1f,0x04,0x10,0x0b,0x0f,0x0a,0x40,0x05,0x1f,0x02,0x00,0x02,0x0e,0x0f,0x05,0x00,0x04,0x1f,0x07,
    0x01,0x20,0x0b,0x0f,0x08,0x30,0x0a,0x0f,0x09,0x00,0x0e,0x0f,0x05,0x40,0x10,0x0c,0x0f,0x0d,0x02,0x40,0x03,0x0e,0x0f,0x08,
    0x10,0x06,0x0f,0x0d,0x01,0x30,0x0a,0x0f,0x0a,0x10,0x04,0x0f,0x0e,0x02,0x30,0x01,0x03,0x01,0x10,0x04,0x1f,0x04,0x30,0x04,
    0x0a,0x06,0x10,0x06,0x0f,0x0d,0x10,0x07,0x1f,0x06,0x80,0x01,0x0e,0x0f,0x05,0x30,0x0b,0x0f,0x09,0x30,0x02,0x0e,0x0f,0x05,
    0x10,0x09,0x0f,0x0b,0x40,0x03,0x02,0x70,0x01,0x0e,0x0f,0x09,0x30,0x02,0x0e,0x0f,0x0a,0x10,0x02,0x0e,0x0f,0x04,0x00,0x01,
    0x02,0x05,0x30,0x01,0x0e,0x0f,0x08,0x10,0x0b,0x0f,0x0e,0x01,0x30,0x0a,0x0f,0x0d,0x10,0x02,0x0e,0x0f,0x05,0x00,0x07,0x0f,
    0x0d,0x40,0x0d,0x0f,0x08,0x30,0x05,0x0f,0x0c,0x05,0x0f,0x0d,0x01,0x40,0x10,0x03,0x1f,0x0d,0x05,0x21,0x06,0x0e,0x0f,0x0e,
    0x01,0x10,0x06,0x0f,0x0d,0x01,0x30,0x0a,0x0f,0x0a,0x20,0x0c,0x0f,0x0b,0x02,0x10,0x01,0x0a,0x0f,0x0c,0x20,0x0c,0x0f,0x0c,
    0x02,0x10,0x02,0x0d,0x0f,0x0c,0x10,0x06,0x0f,0x0d,0x01,0x10,0x0b,0x1f,0x03,0x70,0x01,0x0e,0x0f,0x09,0x11,0x10,0x0b,0x0f,
    0x09,0x30,0x02,0x0e,0x0f,0x05,0x10,0x03,0x1f,0x07,0x20,0x03,0x0d,0x0f,0x08,0x70,0x09,0x0f,0x0e,0x05,0x10,0x01,0x0b,0x1f,
    0x0a,0x10,0x02,0x0e,0x0f,0x04,0x00,0x03,0x1f,0x07,0x20,0x04,0x0e,0x0f,0x06,0x10,0x0b,0x1f,0x0a,0x01,0x10,0x06,0x1f,0x08,
    0x10,0x02,0x0e,0x0f,0x05,0x00,0x05,0x0f,0x0e,0x04,0x10,0x01,0x09,0x1f,0x09,0x30,0x01,0x0d,0x0e,0x0b,0x0f,0x08,0x50,0x20,
    0x05,0x2f,0x0e,0x0d,0x0e,0x1f,0x0e,0x04,0x20,0x06,0x0f,0x0e,0x01,0x30,0x0b,0x0f,0x0a,0x20,0x03,0x0e,0x0f,0x0e,0x1a,0x0d,
    0x1f,0x06,0x20,0x03,0x0e,0x0f,0x0e,0x0a,0x0b,0x0e,0x0f,0x0e,0x02,0x10,0x06,0x0f,0x0e,0x01,0x10,0x01,0x0d,0x0f,0x0d,0x01,
    0x70,0x09,0x2f,0x0b,0x10,0x0b,0x0f,0x09,0x30,0x02,0x0e,0x0f,0x05,0x20,0x08,0x1f,0x0c,0x1a,0x1f,0x0e,0x02,0x70,0x02,0x0d,
    0x1f,0x0b,0x0a,0x0e,0x0d,0x0b,0x0f,0x0a,0x10,0x02,0x1f,0x04,0x10,0x0a,0x1f,0x0b,0x09,0x0a,0x1f,0x0c,0x01,0x10,0x0b,0x0f,
    0x0b,0x1e,0x0a,0x0c,0x1f,0x0d,0x01,0x10,0x02,0x1f,0x04,0x00,0x01,0x0d,0x1f,0x0b,0x0a,0x1e,0x0c,0x0f,0x09,0x40,0x08,0x2f,
    0x03,0x50,0x30,0x03,0x0a,0x0e,0x2f,0x0e,0x09,0x02,0x30,0x06,0x0e,0x0c,0x01,0x30,0x0a,0x0e,0x09,0x30,0x03,0x0b,0x3f,0x0c,
    0x05,0x40,0x03,0x0b,0x3f,0x0b,0x03,0x20,0x06,0x0e,0x0c,0x01,0x20,0x04,0x1e,0x09,0x70,0x01,0x08,0x0d,0x0e,0x0c,0x01,0x00,
    0x0a,0x0e,0x09,0x30,0x01,0x0d,0x0e,0x04,0x30,0x06,0x0d,0x3f,0x0b,0x02,0x90,0x02,0x0b,0x2f,0x0d,0x03,0x08,0x0e,0x09,0x10,
    0x02,0x0d,0x0e,0x04,0x20,0x08,0x0e,0x2f,0x0e,0x0a,0x01,0x20,0x0b,0x0f,0x08,0x03,0x0e,0x2f,0x0b,0x02,0x20,0x02,0x0d,0x0e,
    0x04,0x10,0x02,0x0b,0x2f,0x0c,0x03,0x09,0x0e,0x08,0x40,0x03,0x1f,0x0c,0x60,0x50,0x02,0x04,0x05,0x04,0x01,0x60,0x11,0x40,
    0x21,0x50,0x02,0x04,0x05,0x03,0x80,0x02,0x14,0x02,0x50,0x11,0x40,0x21,0xa0,0x01,0x20,0x21,0x40,0x11,0x60,0x03,0x05,0x04,
    0x02,0xd0,0x03,0x05,0x04,0x01,0x00,0x21,0x20,0x11,0x40,0x01,0x04,0x05,0x04,0x02,0x40,0x0b,0x0f,0x09,0x00,0x01,0x04,0x05,
    0x03,0x50,0x11,0x40,0x02,0x04,0x02,0x10,0x21,0x40,0x01,0x0e,0x0f,0x06,0x60,0xf0,0xf0,0xf0,0xf0,0xf0,0xf0,0xf0,0xf0,0xf0,
    0x00,0x0b,0x0f,0x09,0xf0,0xe0,0x06,0x0f,0x0e,0x01,0x60,0xf0,0xf0,0xf0,0xf0,0xf0,0xf0,0xf0,0xf0,0xf0,0x00,0x0b,0x0f,0x09,
    0xf0,0xb0,0x01,0x16,0x0e,0x0f,0x09,0x70,0xf0,0xf0,0xf0,0xf0,0xf0,0xf0,0xf0,0xf0,0xf0,0x00,0x0b,0x0f,0x0a,0xf0,0xb0,0x05,
    0x2f,0x0c,0x01,0x70,0xf0,0xf0,0xf0,0xf0,0xf0,0xf0,0xf0,0xf0,0xf0,0x00,0x07,0x0a,0x06,0xf0,0xb0,0x04,0x1a,0x07,0x01,0x80,
    0xf0,0xf0,0xf0,0xf0,0xf0,0xf0,0xf0,0xf0,0xf0,0xf0,0xc0,0xf0,0xf0,0xf0,0xf0,0xf0,0xf0,0xf0,0xf0,0xf0,0xf0,0xc0,0xf0,0xf0,
    0xf0,0xf0,0xf0,0xf0,0xf0,0xf0,0xf0,0xf0,0xc0,0xf0,0xf0,0xf0,0xf0,0xf0,0xf0,0xf0,0xf0,0xf0,0xf0,0xc0,0xf0,0xf0,0xf0,0xf0,
    0xf0,0xf0,0xf0,0xf0,0xf0,0xf0,0xc0,0xf0,0xf0,0x20,0x21,0xf0,0xf0,0xf0,0x60,0x21,0xf0,0x04,0x09,0x03,0xf0,0xf0,0xf0,0x90,
    0xf0,0xf0,0x20,0x09,0x0e,0x09,0xf0,0xf0,0xf0,0x60,0x0a,0x0e,0x08,0xe0,0x01,0x0e,0x0f,0x0d,0xf0,0xf0,0xf0,0x90,0xf0,0xf0,
    0x20,0x0a,0x0f,0x0a,0x80,0x08,0x0d,0x08,0xf0,0xf0,0xa0,0x0b,0x0f,0x09,0xf0,0x0a,0x0e,0x09,0xf0,0xf0,0xa0,0x08,0x0d,0x08,
    0xb0,0xf0,0xf0,0x20,0x0a,0x0f,0x0a,0x80,0x0b,0x0f,0x0a,0xf0,0xf0,0xa0,0x0b,0x0f,0x09,0xf0,0x00,0x02,0xf0,0xf0,0xb0,0x0b,
    0x0f,0x0a,0xb0,0x40,0x11,0x60,0x11,0x20,0x11,0x90,0x01,0x20,0x0a,0x0f,0x0a,0x60,0x11,0x0a,0x0f,0x0a,0x11,0x50,0x11,0x60,
    0x21,0x40,0x11,0x70,0x11,0x50,0x0b,0x0f,0x09,0x20,0x01,0xb0,0x01,0x00,0x01,0x20,0x11,0x20,0x11,0x50,0x21,0x20,0x01,0x60,
    0x11,0x40,0x21,0x00,0x11,0x0a,0x0f,0x0a,0x11,0x90,0x20,0x06,0x0b,0x1e,0x0c,0x08,0x02,0x20,0x02,0x1e,0x02,0x03,0x0b,0x0e,
    0x0d,0x0a,0x03,0x50,0x07,0x0c,0x0e,0x0d,0x09,0x01,0x0a,0x0f,0x0a,0x60,0x07,0x0e,0x2f,0x1e,0x02,0x20,0x07,0x0b,0x1e,0x0b,
    0x06,0x40,0x0a,0x0e,0x09,0x30,0x01,0x0d,0x0e,0x04,0x30,0x02,0x09,0x0c,0x0e,0x0d,0x0a,0x04,0x30,0x0b,0x0f,0x08,0x01,0x09,
    0x0d,0x0e,0x0c,0x06,0x90,0x0a,0x0e,0x09,0x10,0x02,0x1e,0x02,0x03,0x0b,0x0e,0x0d,0x0a,0x03,0x30,0x0a,0x0e,0x07,0x01,0x09,
    0x0d,0x0e,0x0b,0x06,0x30,0x06,0x0e,0x0c,0x01,0x30,0x0a,0x0e,0x09,0x00,0x07,0x0e,0x2f,0x1e,0x02,0x80,0x00,0x01,0x0b,0x1f,
    0x1e,0x1f,0x0d,0x02,0x10,0x02,0x1f,0x07,0x4f,0x0e,0x02,0x30,0x0a,0x4f,0x1a,0x0f,0x0a,0x60,0x06,0x1e,0x0f,0x0e,0x1d,0x02,
    0x00,0x01,0x0b,0x5f,0x0b,0x01,0x20,0x0b,0x0f,0x09,0x30,0x02,0x0e,0x0f,0x05,0x20,0x04,0x0e,0x1f,0x0e,0x2f,0x07,0x20,0x0b,
    0x0f,0x09,0x0c,0x4f,0x06,0x80,0x0b,0x0f,0x09,0x10,0x02,0x1f,0x07,0x4f,0x0e,0x02,0x20,0x0b,0x0f,0x09,0x0b,0x0f,0x0e,0x2f,
    0x09,0x20,0x06,0x0f,0x0e,0x01,0x30,0x0b,0x0f,0x0a,0x00,0x06,0x1e,0x0f,0x0e,0x1d,0x01,0x80,0x00,0x07,0x1f,0x06,0x11,0x04,
    0x0d,0x0f,0x09,0x10,0x02,0x2f,0x08,0x12,0x07,0x1f,0x0a,0x20,0x07,0x1f,0x09,0x02,0x01,0x05,0x0e,0x1f,0x0a,0x70,0x01,0x0a,
    0x0f,0x0a,0x00,0x01,0x10,0x0a,0x0f,0x0e,0x06,0x12,0x07,0x0e,0x0f,0x09,0x20,0x0b,0x0f,0x09,0x30,0x02,0x0e,0x0f,0x05,0x10,
    0x01,0x0e,0x0f,0x0c,0x04,0x01,0x03,0x0a,0x1f,0x04,0x10,0x0b,0x1f,0x0b,0x03,0x02,0x05,0x0d,0x0f,0x0e,0x01,0x70,0x0b,0x0f,
    0x09,0x10,0x02,0x2f,0x08,0x12,0x07,0x1f,0x0a,0x20,0x0b,0x1f,0x0d,0x04,0x01,0x03,0x0a,0x1f,0x06,0x10,0x06,0x0f,0x0d,0x01,
    0x30,0x0a,0x0f,0x0a,0x00,0x11,0x0a,0x0f,0x0a,0x00,0x01,0x90,0x00,0x02,0x15,0x30,0x08,0x0f,0x0c,0x10,0x02,0x0e,0x0f,0x0a,
    0x30,0x0a,0x0f,0x0d,0x20,0x0d,0x0f,0x0b,0x30,0x04,0x1f,0x0a,0x80,0x0a,0x0f,0x0a,0x20,0x03,0x1f,0x06,0x30,0x07,0x1f,0x02,
    0x10,0x0b,0x0f,0x09,0x30,0x02,0x0e,0x0f,0x05,0x10,0x07,0x0f,0x0e,0x02,0x30,0x0b,0x0c,0x05,0x10,0x0b,0x0f,0x0d,0x01,0x20,
    0x05,0x1f,0x04,0x70,0x0b,0x0f,0x09,0x10,0x02,0x0e,0x0f,0x0a,0x30,0x0a,0x0f,0x0d,0x20,0x0b,0x1f,0x03,0x30,0x0c,0x0f,0x0c,
    0x10,0x06,0x0f,0x0d,0x01,0x30,0x0a,0x0f,0x0a,0x20,0x0a,0x0f,0x0a,0xb0,0x50,0x01,0x02,0x0a,0x0f,0x0d,0x10,0x02,0x0e,0x0f,
    0x05,0x30,0x06,0x0f,0x0d,0x01,0x00,0x03,0x1f,0x05,0x40,0x0c,0x0f,0x0a,0x80,0x0a,0x0f,0x0a,0x20,0x07,0x0f,0x0e,0x01,0x30,
    0x01,0x0e,0x0f,0x06,0x10,0x0b,0x0f,0x09,0x30,0x02,0x0e,0x0f,0x05,0x10,0x0b,0x0f,0x0a,0x90,0x0b,0x0f,0x0a,0x30,0x02,0x0e,
    0x0f,0x05,0x70,0x0b,0x0f,0x09,0x10,0x02,0x0e,0x0f,0x05,0x30,0x06,0x0f,0x0d,0x01,0x10,0x0b,0x0f,0x0b,0x40,0x06,0x0f,0x0e,
    0x02,0x00,0x06,0x0f,0x0d,0x01,0x30,0x0a,0x0f,0x0a,0x20,0x0a,0x0f,0x0a,0xb0,0x10,0x02,0x07,0x0b,0x0d,0x3f,0x0d,0x10,0x02,
    0x0e,0x0f,0x04,0x30,0x06,0x0f,0x0e,0x01,0x00,0x04,0x1f,0x03,0x40,0x0a,0x0f,0x0a,0x80,0x0a,0x0f,0x0a,0x20,0x09,0x0f,0x0c,
    0x50,0x0c,0x0f,0x08,0x10,0x0b,0x0f,0x09,0x30,0x02,0x0e,0x0f,0x05,0x00,0x01,0x0d,0x0f,0x07,0x90,0x0b,0x0f,0x09,0x30,0x02,
    0x0e,0x0f,0x05,0x70,0x0b,0x0f,0x09,0x10,0x02,0x0e,0x0f,0x04,0x30,0x06,0x0f,0x0e,0x01,0x10,0x0b,0x0f,0x09,0x40,0x04,0x1f,
    0x04,0x00,0x06,0x0f,0x0d,0x01,0x30,0x0a,0x0f,0x0a,0x20,0x0a,0x0f,0x0a,0xb0,0x00,0x04,0x0e,0x1f,0x0d,0x0b,0x08,0x09,0x0f,
    0x0d,0x10,0x02,0x0e,0x0f,0x04,0x30,0x06,0x0f,0x0e,0x01,0x00,0x04,0x1f,0x03,0x40,0x0a,0x0f,0x0a,0x80,0x0a,0x0f,0x0a,0x20,
    0x09,0x0f,0x0b,0x50,0x0c,0x0f,0x08,0x10,0x0b,0x0f,0x09,0x30,0x02,0x0e,0x0f,0x05,0x00,0x01,0x0d,0x0f,0x07,0x90,0x0b,0x0f,
    0x09,0x30,0x02,0x0e,0x0f,0x05,0x70,0x0b,0x0f,0x09,0x10,0x02,0x0e,0x0f,0x04,0x30,0x06,0x0f,0x0e,0x01,0x10,0x0b,0x0f,0x09,
    0x40,0x03,0x1f,0x04,0x00,0x06,0x0f,0x0d,0x01,0x30,0x0a,0x0f,0x0a,0x20,0x0a,0x0f,0x0a,0xb0,0x01,0x0d,0x0f,0x0b,0x02,0x20,
    0x06,0x0f,0x0d,0x10,0x02,0x0e,0x0f,0x04,0x30,0x06,0x0f,0x0e,0x01,0x00,0x03,0x1f,0x04,0x40,0x0b,0x0f,0x0a,0x80,0x0a,0x0f,
    0x0a,0x20,0x08,0x0f,0x0d,0x40,0x01,0x0d,0x0f,0x07,0x10,0x0b,0x0f,0x09,0x30,0x02,0x0e,0x0f,0x05,0x10,0x0c,0x0f,0x08,0x90,
    0x0b,0x0f,0x09,0x30,0x02,0x0e,0x0f,0x05,0x70,0x0b,0x0f,0x09,0x10,0x02,0x0e,0x0f,0x04,0x30,0x06,0x0f,0x0e,0x01,0x10,0x0b,
    0x0f,0x0a,0x40,0x05,0x1f,0x03,0x00,0x06,0x0f,0x0e,0x01,0x30,0x0b,0x0f,0x0a,0x20,0x0a,0x0f,0x0a,0xb0,0x02,0x0e,0x0f,0x03,
    0x30,0x09,0x0f,0x0d,0x10,0x02,0x0e,0x0f,0x04,0x30,0x06,0x0f,0x0e,0x01,0x00,0x01,0x0e,0x0f,0x09,0x30,0x02,0x0e,0x0f,0x0a,
    0x80,0x0a,0x0f,0x0a,0x20,0x04,0x1f,0x04,0x30,0x04,0x1f,0x04,0x10,0x0a,0x0f,0x0c,0x30,0x06,0x1f,0x05,0x10,0x09,0x0f,0x0d,
    0x40,0x08,0x09,0x04,0x10,0x0b,0x0f,0x09,0x30,0x02,0x0e,0x0f,0x05,0x70,0x0b,0x0f,0x09,0x10,0x02,0x0e,0x0f,0x04,0x30,0x06,
    0x0f,0x0e,0x01,0x10,0x0b,0x0f,0x0e,0x01,0x30,0x0a,0x0f,0x0d,0x01,0x00,0x05,0x1f,0x04,0x20,0x02,0x0e,0x0f,0x0a,0x20,0x0a,
    0x0f,0x0a,0x40,0x01,0x02,0x40,0x01,0x0e,0x0f,0x08,0x20,0x05,0x1f,0x0d,0x10,0x02,0x0e,0x0f,0x04,0x30,0x06,0x0f,0x0d,0x01,
    0x10,0x09,0x0f,0x0e,0x05,0x10,0x01,0x0b,0x1f,0x0a,0x80,0x0a,0x0f,0x0c,0x02,0x01,0x10,0x0c,0x0f,0x0c,0x02,0x10,0x02,0x0d,
    0x0f,0x0c,0x20,0x06,0x1f,0x09,0x03,0x02,0x06,0x1e,0x0f,0x05,0x10,0x03,0x1f,0x09,0x01,0x10,0x05,0x1f,0x07,0x10,0x0b,0x0f,
    0x09,0x30,0x02,0x0e,0x0f,0x05,0x70,0x0b,0x0f,0x09,0x10,0x02,0x0e,0x0f,0x04,0x30,0x06,0x0f,0x0d,0x01,0x10,0x0b,0x1f,0x0a,
    0x01,0x10,0x06,0x1f,0x08,0x10,0x02,0x1f,0x0c,0x04,0x02,0x04,0x0c,0x0e,0x0f,0x0a,0x20,0x0a,0x0f,0x0c,0x02,0x01,0x10,0x01,
    0x0c,0x0f,0x08,0x30,0x00,0x09,0x1f,0x0c,0x0a,0x0c,0x0f,0x0c,0x0f,0x0d,0x10,0x02,0x1f,0x04,0x30,0x06,0x0f,0x0e,0x01,0x10,
    0x02,0x0d,0x1f,0x0b,0x0a,0x0e,0x0d,0x0b,0x0f,0x0a,0x80,0x04,0x2f,0x0e,0x03,0x00,0x04,0x0e,0x0f,0x0e,0x0a,0x0b,0x0e,0x0f,
    0x0e,0x03,0x20,0x01,0x0c,0x4f,0x08,0x0d,0x0f,0x05,0x20,0x08,0x1f,0x0d,0x0a,0x0c,0x1f,0x0b,0x20,0x0b,0x0f,0x09,0x30,0x02,
    0x0e,0x0f,0x05,0x70,0x0b,0x0f,0x09,0x10,0x02,0x1f,0x04,0x30,0x06,0x0f,0x0e,0x01,0x10,0x0b,0x0f,0x0b,0x1e,0x0a,0x0c,0x1f,
    0x0d,0x01,0x20,0x08,0x4f,0x0b,0x09,0x0f,0x0a,0x20,0x04,0x2f,0x0e,0x03,0x00,0x04,0x1f,0x0d,0x30,0x00,0x01,0x09,0x0e,0x1f,
    0x0e,0x06,0x05,0x0e,0x0c,0x10,0x02,0x0d,0x0e,0x04,0x30,0x05,0x0e,0x0d,0x01,0x20,0x02,0x0b,0x2f,0x0d,0x03,0x08,0x0e,0x09,
    0x90,0x06,0x0c,0x1e,0x04,0x10,0x03,0x0b,0x3f,0x0b,0x03,0x40,0x01,0x09,0x0d,0x0e,0x0c,0x06,0x00,0x0c,0x0e,0x04,0x30,0x06,
    0x0d,0x2f,0x0e,0x09,0x01,0x20,0x0a,0x0e,0x09,0x30,0x01,0x0d,0x0e,0x04,0x70,0x0a,0x0e,0x09,0x10,0x02,0x0d,0x0e,0x04,0x30,
    0x05,0x0e,0x0d,0x01,0x10,0x0b,0x0f,0x08,0x03,0x0e,0x2f,0x0b,0x02,0x40,0x06,0x0c,0x0e,0x0d,0x08,0x00,0x08,0x0e,0x09,0x30,
    0x06,0x0c,0x1e,0x04,0x00,0x01,0x0a,0x0d,0x06,0x30,0x20,0x01,0x13,0x01,0x10,0x11,0x20,0x11,0x50,0x11,0x50,0x03,0x05,0x04,
    0x01,0x00,0x21,0xb0,0x11,0x40,0x02,0x14,0x02,0x90,0x01,0x20,0x11,0x50,0x01,0x03,0x05,0x04,0x01,0x40,0x21,0x40,0x11,0x80,
    0x21,0x20,0x11,0x50,0x11,0x20,0x0b,0x0f,0x09,0x00,0x01,0x04,0x05,0x03,0x80,0x01,0x20,0x21,0x50,0x11,0x30,0x01,0x40,0xf0,
    0xf0,0xf0,0xf0,0xf0,0xf0,0xf0,0xf0,0x20,0x0b,0x0f,0x09,0xf0,0xf0,0x60,0xf0,0xf0,0xf0,0xf0,0xf0,0xf0,0xf0,0xf0,0x20,0x0b,
    0x0f,0x09,0xf0,0xf0,0x60,0xf0,0xf0,0xf0,0xf0,0xf0,0xf0,0xf0,0xf0,0x20,0x0b,0x0f,0x0a,0xf0,0xf0,0x60,0xf0,0xf0,0xf0,0xf0,
    0xf0,0xf0,0xf0,0xf0,0x20,0x07,0x0a,0x06,0xf0,0xf0,0x60,0xf0,0xf0,0xf0,0xf0,0xf0,0xf0,0xf0,0xf0,0xf0,0xf0,0xf0,0xf0,0xf0,
    0xb0,0xf0,0xf0,0xf0,0xf0,0xf0,0xf0,0xf0,0xf0,0xf0,0xf0,0xf0,0xf0,0xf0,0xb0,0xf0,0xf0,0xf0,0xf0,0xf0,0xf0,0xf0,0xf0,0xf0,
    0xf0,0xf0,0xf0,0xf0,0xb0,0xf0,0xf0,0xf0,0xf0,0xf0,0xf0,0xf0,0xf0,0xf0,0xf0,0xf0,0xf0,0xf0,0xb0,0xf0,0xf0,0xf0,0xf0,0xf0,
    0xf0,0xf0,0xf0,0xf0,0xf0,0xf0,0xf0,0xf0,0xb0,0xf0,0xf0,0xf0,0xf0,0xf0,0xf0,0xf0,0xf0,0xf0,0xf0,0xf0,0xf0,0xf0,0xb0,0xf0,
    0xf0,0xf0,0xf0,0xf0,0xf0,0xf0,0xf0,0xf0,0xf0,0xf0,0xf0,0xf0,0xb0,0xf0,0xf0,0xf0,0xf0,0xf0,0xf0,0xf0,0xf0,0xf0,0xf0,0xf0,
    0xf0,0xf0,0xb0,0xb0,0x11,0xf0,0xf0,0xf0,0xf0,0xf0,0xf0,0xf0,0xf0,0xf0,0xf0,0x80,0x11,0xf0,0xf0,0x20,0x70,0x02,0x07,0x0b,
    0x0d,0x1e,0x0d,0x0b,0x07,0x03,0xf0,0xf0,0xf0,0xf0,0xf0,0xf0,0xf0,0xf0,0x30,0x05,0x2a,0x09,0xa0,0x08,0x2a,0x05,0x70,0x01,
    0x06,0x0a,0x0c,0x0d,0x0e,0x0d,0x0b,0x08,0x04,0x70,0x05,0x8a,0x09,0x08,0x06,0x03,0x80,0x50,0x01,0x09,0x9f,0x0a,0x02,0xf0,
    0xf0,0xf0,0xf0,0xf0,0xf0,0xd0,0x01,0x22,0x01,0xe0,0x08,0x2f,0x0e,0x01,0x90,0x0e,0x2f,0x09,0x60,0x06,0x0d,0x8f,0x0b,0x03,
    0x50,0x08,0xcf,0x0b,0x03,0x60,0x40,0x04,0x0d,0xbf,0x0e,0x04,0xf0,0xf0,0xf0,0xf0,0xf0,0xf0,0xc0,0x0a,0x0f,0x0e,0x0f,0x09,
    0xe0,0x08,0x0f,0x0e,0x0f,0x0d,0xa0,0x0d,0x0f,0x0e,0x0f,0x08,0x50,0x0a,0xbf,0x0e,0x04,0x40,0x08,0xdf,0x0e,0x04,0x50,0x30,
    0x03,0x0e,0x5f,0x1e,0x6f,0x04,0xf0,0xf0,0xf0,0xf0,0xf0,0xf0,0xb0,0x0a,0x2f,0x09,0xe0,0x08,0x2f,0x0d,0xa0,0x0d,0x2f,0x08,
    0x40,0x08,0x4f,0x0e,0x0c,0x0b,0x0d,0x4f,0x0e,0x02,0x30,0x08,0x3f,0x4e,0x5f,0x0e,0x02,0x40,0x20,0x01,0x0d,0x3f,0x0e,0x07,
    0x03,0x11,0x03,0x06,0x0d,0x3f,0x0d,0x01,0xf0,0xf0,0xf0,0xf0,0xf0,0xf0,0xa0,0x0a,0x2f,0x09,0xe0,0x08,0x2f,0x0d,0xa0,0x0d,
    0x2f,0x08,0x30,0x02,0x3f,0x0e,0x06,0x01,0x20,0x03,0x0a,0x3f,0x09,0x30,0x08,0x2f,0x0d,0x02,0x31,0x02,0x06,0x0d,0x3f,0x08,
    0x40,0x20,0x09,0x3f,0x0c,0x02,0x50,0x01,0x0a,0x3f,0x08,0xf0,0xf0,0xf0,0xf0,0xf0,0xf0,0xa0,0x0a,0x2f,0x09,0xe0,0x08,0x2f,
    0x0d,0xa0,0x0d,0x2f,0x08,0x30,0x07,0x3f,0x04,0x60,0x0a,0x2f,0x0e,0x01,0x20,0x08,0x2f,0x0d,0x60,0x02,0x0e,0x2f,0x0c,0x40,
    0x10,0x02,0x0e,0x2f,0x0d,0x01,0x80,0x0c,0x2f,0x0d,0x01,0x70,0x04,0x07,0x09,0x0a,0x09,0x06,0x03,0x70,0x01,0x3a,0x01,0x10,
    0x04,0x08,0x0a,0x09,0x07,0x03,0x60,0x01,0x3a,0x01,0x10,0x04,0x08,0x0a,0x09,0x07,0x03,0xb0,0x03,0x06,0x09,0x0a,0x09,0x07,
    0x03,0xc0,0x02,0x06,0x09,0x0a,0x09,0x07,0x04,0x50,0x03,0x1a,0x0d,0x2f,0x0d,0x2a,0x02,0xa0,0x08,0x2f,0x0d,0xa0,0x0d,0x2f,
    0x08,0x30,0x0a,0x2f,0x0c,0x70,0x03,0x0f,0x0e,0x0f,0x0e,0x02,0x20,0x08,0x2f,0x0d,0x01,0x60,0x09,0x2f,0x0d,0x40,0x10,0x07,
    0x3f,0x05,0x90,0x05,0x3f,0x04,0x50,0x05,0x0c,0x6f,0x0a,0x03,0x50,0x02,0x3f,0x11,0x0b,0x5f,0x09,0x50,0x02,0x3f,0x11,0x0b,
    0x5f,0x09,0x80,0x03,0x0b,0x6f,0x0b,0x04,0x80,0x03,0x0a,0x6f,0x0d,0x06,0x30,0x05,0x9f,0x04,0xa0,0x08,0x2f,0x0d,0xa0,0x0d,
    0x2f,0x08,0x30,0x0b,0x2f,0x0c,0x80,0x32,0x30,0x08,0x2f,0x0d,0x70,0x08,0x2f,0x0d,0x40,0x10,0x0b,0x2f,0x0c,0xa0,0x01,0x38,
    0x03,0x40,0x09,0x9f,0x0e,0x05,0x40,0x01,0x0e,0x1f,0x0e,0x02,0x0c,0x7f,0x0a,0x40,0x01,0x0e,0x1f,0x0e,0x02,0x0c,0x7f,0x0a,
    0x60,0x05,0x0e,0x9f,0x06,0x60,0x05,0x0e,0x9f,0x09,0x20,0x05,0x9f,0x04,0xa0,0x08,0x2f,0x0d,0xa0,0x0d,0x2f,0x08,0x30,0x09,
    0x3f,0x05,0xf0,0x08,0x2f,0x0d,0x01,0x60,0x0b,0x2f,0x0a,0x40,0x00,0x01,0x0e,0x2f,0x08,0xf0,0x40,0x08,0x4f,0x0d,0x0c,0x0e,
    0x4f,0x04,0x30,0x01,0x0e,0x1f,0x0e,0x0a,0x2f,0x0e,0x5f,0x05,0x30,0x01,0x0e,0x1f,0x0e,0x0a,0x2f,0x0e,0x5f,0x05,0x40,0x03,
    0x4f,0x0c,0x0b,0x0c,0x4f,0x04,0x40,0x03,0x4f,0x0e,0x0c,0x0d,0x4f,0x07,0x10,0x04,0x0b,0x0a,0x0e,0x2f,0x0d,0x0a,0x1b,0x02,
    0xa0,0x08,0x2f,0x0d,0xa0,0x0d,0x2f,0x08,0x30,0x05,0x4f,0x08,0x02,0xd0,0x08,0x2f,0x0d,0x60,0x06,0x3f,0x03,0x40,0x00,0x03,
    0x3f,0x05,0xf0,0x30,0x03,0x3f,0x0d,0x05,0x01,0x00,0x01,0x07,0x3f,0x0d,0x01,0x20,0x01,0x0e,0x3f,0x0d,0x06,0x02,0x01,0x04,
    0x0b,0x3f,0x0b,0x30,0x01,0x0e,0x3f,0x0d,0x06,0x02,0x01,0x04,0x0b,0x3f,0x0b,0x40,0x0c,0x2f,0x0d,0x04,0x20,0x03,0x0c,0x2f,
    0x0d,0x40,0x0d,0x3f,0x07,0x02,0x00,0x01,0x04,0x0c,0x2f,0x0e,0x02,0x30,0x0a,0x2f,0x09,0xe0,0x08,0x2f,0x0d,0xa0,0x0d,0x2f,
    0x08,0x40,0x0b,0x4f,0x0e,0x0b,0x07,0x04,0x01,0x90,0x08,0x2f,0x0e,0x04,0x23,0x04,0x05,0x0a,0x3f,0x06,0x50,0x00,0x04,0x3f,
    0x04,0xf0,0x30,0x0a,0x2f,0x0e,0x02,0x40,0x06,0x3f,0x06,0x20,0x01,0x0e,0x2f,0x0e,0x03,0x40,0x0c,0x2f,0x0e,0x01,0x20,0x01,
    0x0e,0x2f,0x0e,0x03,0x40,0x0c,0x2f,0x0e,0x01,0x20,0x05,0x2f,0x0e,0x02,0x40,0x01,0x0e,0x2f,0x05,0x20,0x05,0x3f,0x06,0x40,
    0x02,0x0e,0x2f,0x08,0x30,0x0a,0x2f,0x09,0xe0,0x08,0x2f,0x0d,0xa0,0x0d,0x2f,0x08,0x40,0x02,0x0c,0x7f,0x0d,0x0a,0x05,0x70,
    0x08,0xbf,0x0e,0x09,0x02,0x60,0x00,0x04,0x3f,0x03,0xf0,0x20,0x01,0x0e,0x2f,0x08,0x60,0x0c,0x2f,0x0b,0x20,0x01,0x0e,0x2f,
    0x08,0x50,0x05,0x3f,0x02,0x20,0x01,0x0e,0x2f,0x08,0x50,0x05,0x3f,0x02,0x20,0x0a,0x2f,0x07,0x60,0x08,0x2f,0x09,0x20,0x0b,
    0x2f,0x0c,0x60,0x07,0x0c,0x09,0x06,0x02,0x30,0x0a,0x2f,0x09,0xe0,0x08,0x2f,0x0d,0xa0,0x0d,0x2f,0x08,0x50,0x01,0x08,0x0e,
    0x8f,0x0c,0x05,0x50,0x08,0xbf,0x0e,0x09,0x04,0x60,0x00,0x04,0x3f,0x03,0xf0,0x20,0x04,0x3f,0x03,0x60,0x07,0x2f,0x0e,0x01,
    0x10,0x01,0x0e,0x2f,0x05,0x50,0x03,0x3f,0x03,0x20,0x01,0x0e,0x2f,0x05,0x50,0x03,0x3f,0x03,0x10,0x01,0x0d,0x2f,0x04,0x61,
    0x05,0x2f,0x0c,0x10,0x01,0x0d,0x2f,0x07,0xf0,0x0a,0x2f,0x09,0xe0,0x08,0x2f,0x0d,0xa0,0x0d,0x2f,0x08,0x70,0x02,0x07,0x0b,
    0x0e,0x7f,0x08,0x40,0x08,0x3f,0x5e,0x4f,0x0b,0x01,0x40,0x00,0x03,0x3f,0x04,0xf0,0x20,0x06,0x2f,0x0e,0x01,0x60,0x04,0x3f,
    0x02,0x10,0x01,0x0e,0x2f,0x04,0x50,0x03,0x3f,0x03,0x20,0x01,0x0e,0x2f,0x04,0x50,0x03,0x3f,0x03,0x10,0x02,0x3f,0x0e,0x6d,
    0x0e,0x2f,0x0e,0x01,0x00,0x02,0x3f,0x05,0xf0,0x0a,0x2f,0x09,0xe0,0x08,0x2f,0x0d,0xa0,0x0d,0x2f,0x08,0xa0,0x02,0x05,0x08,
    0x0c,0x5f,0x06,0x30,0x08,0x2f,0x0d,0x51,0x04,0x0a,0x3f,0x0b,0x40,0x00,0x02,0x3f,0x07,0xf0,0x20,0x07,0x2f,0x0d,0x70,0x03,
    0x3f,0x03,0x10,0x01,0x0e,0x2f,0x04,0x50,0x03,0x3f,0x03,0x20,0x01,0x0e,0x2f,0x04,0x50,0x03,0x3f,0x03,0x10,0x03,0xff,0x0e,
    0x01,0x00,0x03,0x3f,0x04,0xf0,0x0a,0x2f,0x09,0xe0,0x08,0x2f,0x0d,0xa0,0x0d,0x2f,0x08,0xe0,0x03,0x09,0x3f,0x0e,0x01,0x20,
    0x08,0x2f,0x0d,0x70,0x08,0x3f,0x05,0x30,0x10,0x0d,0x2f,0x0b,0xb0,0x03,0x04,0x03,0x04,0x02,0x10,0x07,0x2f,0x0d,0x70,0x03,
    0x3f,0x03,0x10,0x01,0x0e,0x2f,0x04,0x50,0x03,0x3f,0x03,0x20,0x01,0x0e,0x2f,0x04,0x50,0x03,0x3f,0x03,0x10,0x03,0x3f,0xbe,
    0x0d,0x01,0x00,0x03,0x3f,0x04,0xf0,0x0a,0x2f,0x09,0xe0,0x08,0x2f,0x0e,0x01,0x90,0x0d,0x2f,0x08,0xf0,0x00,0x07,0x3f,0x05,
    0x20,0x08,0x2f,0x0d,0x01,0x70,0x0d,0x2f,0x0a,0x30,0x10,0x09,0x3f,0x02,0x90,0x03,0x3f,0x05,0x10,0x06,0x2f,0x0e,0x01,0x60,
    0x05,0x3f,0x02,0x10,0x01,0x0e,0x2f,0x04,0x50,0x03,0x3f,0x03,0x20,0x01,0x0e,0x2f,0x04,0x50,0x03,0x3f,0x03,0x10,0x02,0x3f,
    0x04,0xb1,0x10,0x02,0x0e,0x2f,0x05,0xf0,0x0a,0x2f,0x09,0xe0,0x07,0x3f,0x02,0x80,0x02,0x3f,0x07,0x20,0x02,0x05,0x04,0x05,
    0x04,0x90,0x0e,0x2f,0x07,0x20,0x08,0x2f,0x0d,0x80,0x09,0x2f,0x0c,0x30,0x10,0x04,0x3f,0x0a,0x90,0x0a,0x2f,0x0e,0x02,0x10,
    0x04,0x3f,0x04,0x60,0x08,0x2f,0x0d,0x20,0x01,0x0e,0x2f,0x04,0x50,0x03,0x3f,0x03,0x20,0x01,0x0e,0x2f,0x04,0x50,0x03,0x3f,
    0x03,0x20,0x0d,0x2f,0x05,0xe0,0x0d,0x2f,0x09,0x60,0x02,0x04,0x01,0x50,0x0a,0x2f,0x09,0xe0,0x04,0x3f,0x07,0x80,0x07,0x3f,
    0x05,0x20,0x05,0x3f,0x02,0x70,0x01,0x0e,0x2f,0x07,0x20,0x08,0x2f,0x0d,0x80,0x0a,0x2f,0x0d,0x30,0x20,0x0c,0x3f,0x07,0x70,
    0x06,0x3f,0x0a,0x20,0x01,0x0e,0x2f,0x0a,0x50,0x01,0x0d,0x2f,0x0a,0x20,0x01,0x0e,0x2f,0x04,0x50,0x03,0x3f,0x03,0x20,0x01,
    0x0e,0x2f,0x04,0x50,0x03,0x3f,0x03,0x20,0x0a,0x2f,0x0a,0x60,0x02,0x04,0x02,0x40,0x09,0x2f,0x0e,0x01,0x50,0x0a,0x0f,0x0e,
    0x0c,0x06,0x30,0x0a,0x2f,0x09,0xe0,0x01,0x0e,0x2f,0x0e,0x03,0x60,0x03,0x0e,0x2f,0x0e,0x01,0x20,0x03,0x3f,0x08,0x70,0x05,
    0x3f,0x05,0x20,0x08,0x2f,0x0d,0x01,0x60,0x01,0x0e,0x2f,0x0b,0x30,0x20,0x03,0x4f,0x0a,0x03,0x30,0x02,0x09,0x4f,0x02,0x30,
    0x08,0x3f,0x06,0x40,0x09,0x3f,0x04,0x20,0x01,0x0e,0x2f,0x04,0x50,0x03,0x3f,0x03,0x20,0x01,0x0e,0x2f,0x04,0x50,0x03,0x3f,
    0x03,0x20,0x04,0x3f,0x06,0x50,0x0b,0x0f,0x0e,0x0c,0x07,0x20,0x03,0x3f,0x0a,0x40,0x05,0x3f,0x06,0x30,0x0a,0x2f,0x0b,0xf0,
    0x08,0x3f,0x0e,0x06,0x01,0x20,0x01,0x06,0x0e,0x3f,0x08,0x40,0x0c,0x3f,0x07,0x01,0x40,0x05,0x0e,0x3f,0x02,0x20,0x08,0x2f,
    0x0d,0x60,0x03,0x0c,0x3f,0x08,0x30,0x30,0x07,0x5f,0x0c,0x1a,0x0b,0x0e,0x4f,0x06,0x40,0x02,0x0e,0x3f,0x09,0x04,0x03,0x05,
    0x0b,0x3f,0x0a,0x30,0x01,0x0e,0x2f,0x04,0x50,0x03,0x3f,0x03,0x20,0x01,0x0e,0x2f,0x04,0x50,0x03,0x3f,0x03,0x30,0x0b,0x3f,
    0x09,0x04,0x12,0x05,0x0c,0x3f,0x05,0x30,0x0a,0x3f,0x0c,0x05,0x03,0x04,0x08,0x3f,0x0d,0x01,0x30,0x09,0x2f,0x0e,0x07,0x03,
    0x05,0x01,0xb0,0x01,0x0d,0x4f,0x0d,0x0b,0x0a,0x0b,0x0d,0x4f,0x0d,0x01,0x40,0x05,0x4f,0x0d,0x09,0x17,0x09,0x0c,0x4f,0x09,
    0x30,0x08,0x2f,0x0e,0x0b,0x3a,0x0b,0x0d,0x4f,0x0e,0x02,0x30,0x40,0x08,0xdf,0x07,0x60,0x04,0xbf,0x0d,0x01,0x30,0x01,0x0e,
    0x2f,0x04,0x50,0x03,0x3f,0x03,0x20,0x01,0x0e,0x2f,0x04,0x50,0x03,0x3f,0x03,0x30,0x01,0x0d,0x4f,0x0e,0x5f,0x09,0x40,0x01,
    0x0d,0xbf,0x04,0x40,0x04,0x6f,0x04,0xc0,0x03,0x0e,0xcf,0x0e,0x03,0x60,0x08,0xdf,0x0c,0x01,0x30,0x08,0xff,0x05,0x40,0x50,
    0x05,0x0d,0x9f,0x0d,0x05,0x80,0x04,0x0e,0x8f,0x0b,0x02,0x40,0x01,0x3f,0x04,0x50,0x03,0x3f,0x03,0x20,0x01,0x3f,0x04,0x50,
    0x03,0x3f,0x03,0x40,0x02,0x0b,0x9f,0x09,0x60,0x01,0x0b,0x8f,0x0e,0x05,0x60,0x0a,0x5f,0x06,0xd0,0x02,0x0b,0xaf,0x0b,0x02,
    0x80,0x07,0x0e,0xaf,0x0a,0x01,0x40,0x08,0xdf,0x0d,0x05,0x50,0x60,0x01,0x07,0x0c,0x0e,0x3f,0x0e,0x0c,0x07,0x01,0xa0,0x01,
    0x08,0x0d,0x4f,0x0c,0x06,0x60,0x01,0x0d,0x2e,0x04,0x50,0x02,0x3e,0x03,0x20,0x01,0x0d,0x2e,0x04,0x50,0x02,0x3e,0x03,0x60,
    0x06,0x0b,0x0e,0x3f,0x0e,0x0a,0x04,0x90,0x06,0x0c,0x4f,0x0d,0x08,0x02,0x80,0x08,0x0e,0x3f,0x09,0xf0,0x04,0x0a,0x0d,0x4f,
    0x0e,0x0a,0x04,0xb0,0x02,0x08,0x0c,0x0e,0x4f,0x0d,0x0a,0x04,0x60,0x07,0x9e,0x0d,0x0c,0x0a,0x05,0x01,0x60,0x90,0x02,0x04,
    0x15,0x04,0x02,0xf0,0x00,0x03,0x15,0x04,0x02,0x90,0x31,0x70,0x31,0x40,0x31,0x70,0x31,0x90,0x02,0x04,0x15,0x03,0x01,0xd0,
    0x02,0x04,0x05,0x04,0x03,0xc0,0x01,0x04,0x15,0x03,0x01,0xf0,0x10,0x01,0x03,0x04,0x05,0x04,0x03,0x01,0xf0,0x00,0x02,0x04,
    0x15,0x04,0x03,0x01,0x90,0xa1,0xa0,0xf0,0xf0,0xf0,0xf0,0xf0,0xf0,0xf0,0xf0,0xf0,0xf0,0xf0,0xf0,0xf0,0xb0,0xf0,0xf0,0xf0,
    0xf0,0xf0,0xf0,0xf0,0xf0,0xf0,0xf0,0xf0,0xf0,0xf0,0xb0,0xf0,0xf0,0xf0,0xf0,0xf0,0xf0,0xf0,0xf0,0xf0,0xf0,0xf0,0xf0,0xf0,
    0xb0,0xf0,0xf0,0xf0,0xf0,0xf0,0xf0,0xf0,0xf0,0xf0,0xf0,0xf0,0xf0,0xf0,0xb0,0xf0,0xf0,0xf0,0xf0,0xf0,0xf0,0xf0,0xf0,0xf0,
    0xf0,0xa0,0xf0,0xf0,0xf0,0xf0,0xf0,0xf0,0xf0,0xf0,0xf0,0xf0,0xa0,0xf0,0xf0,0xf0,0xf0,0xf0,0xf0,0xf0,0xf0,0xf0,0xf0,0xa0,
    0xf0,0xf0,0xf0,0xf0,0xf0,0xf0,0xf0,0xf0,0xf0,0xf0,0xa0,0xf0,0xf0,0xf0,0xf0,0xf0,0xf0,0xf0,0xf0,0xf0,0xf0,0xa0,0x50,0x02,
    0x04,0x05,0x04,0x01,0xf0,0xf0,0xf0,0xf0,0xf0,0xf0,0xf0,0xf0,0xf0,0xf0,0x30,0x03,0x0a,0x0e,0x2f,0x0e,0x0a,0x02,0xf0,0xf0,
    0xf0,0xf0,0xf0,0xf0,0xf0,0xf0,0xf0,0xd0,0x20,0x05,0x2f,0x0e,0x0d,0x0e,0x1f,0x0e,0x04,0xf0,0xf0,0xf0,0xf0,0x40,0x05,0x0c,
    0x0b,0x01,0x80,0x01,0x1c,0x04,0xf0,0xf0,0xf0,0xf0,0x60,0x10,0x03,0x1f,0x0d,0x05,0x21,0x06,0x0e,0x0f,0x0e,0x01,0xf0,0xf0,
    0xf0,0xf0,0x30,0x06,0x0f,0x0e,0x01,0x80,0x01,0x1f,0x05,0xf0,0xf0,0xf0,0xf0,0x60,0x10,0x0c,0x0f,0x0d,0x02,0x40,0x03,0x0e,
    0x0f,0x08,0x60,0x01,0x70,0x11,0x20,0x11,0x50,0x21,0x20,0x01,0xa0,0x01,0xb0,0x01,0x50,0x01,0x06,0x0f,0x0e,0x02,0x01,0x60,
    0x01,0x02,0x0e,0x0f,0x05,0x11,0x50,0x01,0xc0,0x11,0x60,0x21,0x50,0x01,0x60,0x21,0x40,0x11,0x30,0x11,0x00,0x01,0x14,0x20,
    0x00,0x03,0x1f,0x06,0x60,0x09,0x0f,0x0c,0x30,0x02,0x09,0x0c,0x0e,0x0d,0x0a,0x04,0x30,0x02,0x1e,0x02,0x03,0x0b,0x0e,0x0d,
    0x0a,0x03,0x30,0x0a,0x0e,0x07,0x01,0x09,0x0d,0x0e,0x0c,0x06,0x50,0x02,0x09,0x0d,0x0e,0x0d,0x09,0x03,0x50,0x04,0x0a,0x0d,
    0x0e,0x0c,0x09,0x02,0x10,0x02,0x0e,0x2f,0x1e,0x06,0x50,0x0b,0x0e,0x1f,0x1e,0x0a,0x20,0x02,0x09,0x0c,0x0e,0x0d,0x0a,0x04,
    0x80,0x01,0x0d,0x0e,0x08,0x40,0x03,0x1e,0x04,0x20,0x04,0x0a,0x0d,0x0e,0x0c,0x08,0x02,0x30,0x0a,0x0e,0x09,0x30,0x01,0x0d,
    0x0e,0x04,0x10,0x06,0x0e,0x0b,0x03,0x0d,0x1f,0x01,0x10,0x00,0x07,0x0f,0x0e,0x01,0x60,0x01,0x12,0x20,0x04,0x0e,0x1f,0x0e,
    0x2f,0x07,0x20,0x02,0x1f,0x07,0x4f,0x0e,0x02,0x20,0x0b,0x0f,0x08,0x0c,0x4f,0x06,0x30,0x04,0x0e,0x1f,0x0e,0x2f,0x05,0x30,
    0x08,0x2f,0x0e,0x1f,0x0e,0x03,0x00,0x02,0x0d,0x0e,0x1f,0x0d,0x0e,0x05,0x50,0x0a,0x0e,0x1f,0x1e,0x0a,0x10,0x04,0x0e,0x1f,
    0x0e,0x2f,0x07,0x80,0x09,0x0f,0x0d,0x40,0x08,0x0f,0x0d,0x01,0x10,0x08,0x2f,0x0e,0x1f,0x0e,0x03,0x20,0x0b,0x0f,0x09,0x30,
    0x02,0x0e,0x0f,0x05,0x10,0x06,0x0f,0x1d,0x0f,0x0d,0x0c,0x01,0x10,0x00,0x0a,0x0f,0x0b,0xc0,0x01,0x0e,0x0f,0x0c,0x04,0x01,
    0x03,0x0a,0x1f,0x04,0x10,0x02,0x2f,0x08,0x12,0x07,0x1f,0x0a,0x20,0x0b,0x0f,0x0e,0x0b,0x03,0x02,0x05,0x0d,0x0f,0x0e,0x01,
    0x10,0x01,0x0e,0x0f,0x0a,0x03,0x01,0x02,0x0a,0x0f,0x0e,0x02,0x10,0x05,0x1f,0x09,0x02,0x01,0x04,0x0c,0x0f,0x0e,0x01,0x10,
    0x06,0x0f,0x0e,0x11,0x70,0x02,0x0e,0x0f,0x05,0x11,0x00,0x01,0x0e,0x0f,0x0c,0x04,0x01,0x03,0x0a,0x1f,0x04,0x70,0x04,0x1f,
    0x04,0x20,0x01,0x0d,0x0f,0x08,0x10,0x05,0x1f,0x09,0x02,0x01,0x04,0x0d,0x0f,0x0d,0x01,0x10,0x0b,0x0f,0x09,0x30,0x02,0x0e,
    0x0f,0x05,0x10,0x06,0x1f,0x0c,0x03,0x40,0x00,0x0b,0x0f,0x0a,0xc0,0x07,0x0f,0x0e,0x02,0x30,0x0b,0x0f,0x0b,0x10,0x02,0x0e,
    0x0f,0x0a,0x30,0x0a,0x0f,0x0d,0x20,0x0b,0x0f,0x0d,0x01,0x20,0x05,0x1f,0x04,0x10,0x07,0x0f,0x0c,0x40,0x0c,0x0f,0x08,0x10,
    0x0c,0x0f,0x0b,0x30,0x03,0x0d,0x0b,0x02,0x10,0x05,0x0f,0x0e,0x01,0x80,0x01,0x0e,0x0f,0x05,0x20,0x07,0x0f,0x0e,0x02,0x30,
    0x0b,0x0f,0x0b,0x80,0x0c,0x0f,0x09,0x20,0x04,0x1f,0x03,0x10,0x0c,0x0f,0x0b,0x30,0x03,0x0e,0x0f,0x07,0x10,0x0b,0x0f,0x09,
    0x30,0x02,0x0e,0x0f,0x05,0x10,0x06,0x1f,0x03,0x50,0x00,0x0b,0x0f,0x0a,0xc0,0x0b,0x0f,0x0a,0x40,0x05,0x0f,0x0e,0x02,0x00,
    0x02,0x0e,0x0f,0x05,0x30,0x06,0x0f,0x0d,0x01,0x10,0x0b,0x0f,0x0a,0x30,0x02,0x0e,0x0f,0x05,0x10,0x0b,0x0f,0x08,0x41,0x08,
    0x0f,0x0b,0x00,0x02,0x1f,0x05,0x40,0x01,0x30,0x06,0x0f,0x0e,0x01,0x80,0x01,0x0e,0x0f,0x05,0x20,0x0b,0x0f,0x0a,0x40,0x05,
    0x0f,0x0e,0x02,0x70,0x07,0x0f,0x0d,0x01,0x10,0x09,0x0f,0x0b,0x10,0x02,0x1f,0x05,0x40,0x0a,0x0f,0x0b,0x10,0x0b,0x0f,0x09,
    0x30,0x02,0x0e,0x0f,0x05,0x10,0x06,0x0f,0x0d,0x01,0x50,0x00,0x0a,0x0f,0x0b,0xc0,0x0d,0x0f,0x07,0x40,0x03,0x1f,0x04,0x00,
    0x02,0x0e,0x0f,0x04,0x30,0x06,0x0f,0x0e,0x01,0x10,0x0b,0x0f,0x09,0x30,0x02,0x0e,0x0f,0x05,0x00,0x01,0x0d,0x8f,0x0e,0x00,
    0x04,0x1f,0x03,0x90,0x05,0x0f,0x0e,0x01,0x80,0x01,0x0e,0x0f,0x05,0x20,0x0d,0x0f,0x07,0x40,0x03,0x1f,0x03,0x70,0x02,0x0e,
    0x0f,0x04,0x00,0x01,0x0e,0x0f,0x06,0x10,0x04,0x1f,0x03,0x40,0x08,0x0f,0x0c,0x10,0x0b,0x0f,0x09,0x30,0x02,0x0e,0x0f,0x05,
    0x10,0x06,0x0f,0x0d,0x01,0x50,0x00,0x07,0x0f,0x0e,0x01,0x60,0x01,0x03,0x02,0x00,0x01,0x0d,0x0f,0x07,0x40,0x03,0x1f,0x04,
    0x00,0x02,0x0e,0x0f,0x04,0x30,0x06,0x0f,0x0e,0x01,0x10,0x0b,0x0f,0x09,0x30,0x02,0x0e,0x0f,0x05,0x00,0x01,0x0d,0x0f,0x0d,
    0x0b,0x0c,0x4b,0x0a,0x00,0x04,0x1f,0x02,0x90,0x05,0x0f,0x0e,0x01,0x80,0x01,0x0e,0x0f,0x05,0x10,0x01,0x0d,0x0f,0x07,0x40,
    0x03,0x1f,0x04,0x80,0x0b,0x0f,0x09,0x00,0x05,0x0f,0x0e,0x01,0x10,0x04,0x1f,0x02,0x40,0x07,0x0f,0x0d,0x10,0x0b,0x0f,0x09,
    0x30,0x02,0x0e,0x0f,0x05,0x10,0x06,0x0f,0x0d,0x01,0x50,0x00,0x03,0x1f,0x06,0x60,0x09,0x0f,0x0c,0x10,0x0c,0x0f,0x08,0x40,
    0x04,0x1f,0x03,0x00,0x02,0x0e,0x0f,0x04,0x30,0x06,0x0f,0x0e,0x01,0x10,0x0b,0x0f,0x09,0x30,0x02,0x0e,0x0f,0x05,0x10,0x0c,
    0x0f,0x07,0x80,0x03,0x1f,0x04,0x90,0x05,0x0f,0x0e,0x01,0x80,0x01,0x0e,0x0f,0x05,0x20,0x0c,0x0f,0x08,0x40,0x04,0x1f,0x02,
    0x80,0x05,0x0f,0x0d,0x00,0x0a,0x0f,0x09,0x20,0x03,0x1f,0x04,0x40,0x09,0x0f,0x0b,0x10,0x0b,0x0f,0x09,0x30,0x02,0x0e,0x0f,
    0x05,0x10,0x06,0x0f,0x0d,0x01,0x50,0x10,0x0c,0x0f,0x0d,0x02,0x40,0x03,0x0e,0x0f,0x08,0x10,0x09,0x0f,0x0d,0x40,0x09,0x0f,
    0x0d,0x10,0x02,0x0e,0x0f,0x04,0x30,0x06,0x0f,0x0e,0x01,0x10,0x0b,0x0f,0x09,0x30,0x02,0x0e,0x0f,0x05,0x10,0x09,0x0f,0x0b,
    0x40,0x03,0x02,0x01,0x00,0x01,0x0d,0x0f,0x09,0x30,0x01,0x0a,0x07,0x02,0x10,0x05,0x0f,0x0e,0x90,0x01,0x0e,0x0f,0x05,0x20,
    0x09,0x0f,0x0d,0x40,0x09,0x0f,0x0d,0x90,0x01,0x0e,0x0f,0x04,0x0d,0x0f,0x04,0x20,0x01,0x0d,0x0f,0x08,0x40,0x0d,0x0f,0x08,
    0x10,0x0a,0x0f,0x0c,0x30,0x06,0x1f,0x05,0x10,0x06,0x0f,0x0d,0x01,0x50,0x10,0x03,0x1f,0x0d,0x05,0x21,0x06,0x0e,0x0f,0x0e,
    0x01,0x10,0x03,0x1f,0x09,0x01,0x10,0x05,0x0e,0x0f,0x07,0x10,0x02,0x0e,0x0f,0x04,0x30,0x06,0x0f,0x0d,0x01,0x10,0x0b,0x0f,
    0x09,0x30,0x02,0x0e,0x0f,0x05,0x10,0x03,0x1f,0x07,0x20,0x03,0x0d,0x0f,0x08,0x10,0x08,0x0f,0x0e,0x05,0x10,0x01,0x09,0x1f,
    0x02,0x10,0x05,0x1f,0x05,0x11,0x60,0x01,0x0e,0x0f,0x09,0x11,0x00,0x03,0x1f,0x09,0x01,0x10,0x05,0x0e,0x0f,0x07,0xa0,0x09,
    0x0f,0x0b,0x0f,0x0d,0x40,0x08,0x0f,0x0e,0x05,0x10,0x01,0x09,0x1f,0x03,0x10,0x06,0x1f,0x09,0x03,0x02,0x06,0x1e,0x0f,0x05,
    0x10,0x06,0x0f,0x0d,0x01,0x50,0x20,0x05,0x2f,0x0e,0x0d,0x0e,0x1f,0x0e,0x04,0x30,0x08,0x1f,0x0d,0x0a,0x0c,0x1f,0x0b,0x20,
    0x02,0x1f,0x04,0x30,0x06,0x0f,0x0e,0x01,0x10,0x0b,0x0f,0x09,0x30,0x02,0x0e,0x0f,0x05,0x20,0x08,0x1f,0x0c,0x1a,0x1f,0x0e,
    0x02,0x10,0x01,0x0c,0x1f,0x0b,0x0a,0x0d,0x1f,0x06,0x20,0x01,0x0d,0x2f,0x07,0x70,0x09,0x2f,0x0b,0x10,0x08,0x1f,0x0d,0x0a,
    0x0c,0x1f,0x0b,0xb0,0x04,0x2f,0x08,0x40,0x01,0x0c,0x1f,0x0b,0x0a,0x0d,0x1f,0x07,0x20,0x01,0x0c,0x4f,0x08,0x0d,0x0f,0x05,
    0x10,0x06,0x0f,0x0e,0x01,0x50,0x30,0x03,0x0a,0x0e,0x2f,0x0e,0x09,0x02,0x50,0x06,0x0d,0x2f,0x0e,0x09,0x01,0x20,0x02,0x0d,
    0x0e,0x04,0x30,0x05,0x0e,0x0d,0x01,0x10,0x0a,0x0e,0x09,0x30,0x01,0x0d,0x0e,0x04,0x30,0x06,0x0d,0x3f,0x0b,0x02,0x30,0x01,
    0x09,0x0e,0x2f,0x0d,0x06,0x40,0x03,0x0a,0x0d,0x0e,0x08,0x70,0x01,0x08,0x0d,0x0e,0x0c,0x01,0x10,0x06,0x0d,0x2f,0x0e,0x09,
    0x01,0xc0,0x0c,0x1f,0x02,0x50,0x01,0x09,0x0e,0x2f,0x0d,0x06,0x40,0x01,0x09,0x0d,0x0e,0x0c,0x06,0x00,0x0c,0x0e,0x04,0x10,
    0x06,0x0e,0x0c,0x01,0x50,0x50,0x02,0x04,0x05,0x04,0x01,0x80,0x01,0x03,0x05,0x04,0x01,0x50,0x11,0x50,0x11,0x20,0x21,0x40,
    0x11,0x60,0x03,0x05,0x04,0x02,0x70,0x02,0x04,0x05,0x03,0x80,0x11,0xb0,0x01,0x40,0x01,0x03,0x05,0x04,0x01,0xe0,0x0a,0x0f,
    0x0b,0x80,0x02,0x04,0x05,0x03,0x90,0x01,0x20,0x11,0x30,0x11,0x60,0xf0,0xf0,0xf0,0xf0,0xf0,0xf0,0xf0,0xc0,0x01,0x0e,0x0f,
    0x05,0xf0,0xf0,0x90,0xf0,0xf0,0xf0,0xf0,0xf0,0xf0,0xf0,0xa0,0x05,0x06,0x0b,0x0f,0x0d,0x01,0xf0,0xf0,0x90,0xf0,0xf0,0xf0,
    0xf0,0xf0,0xf0,0xf0,0x90,0x01,0x2f,0x0e,0x04,0xf0,0xf0,0xa0,0xf0,0xf0,0xf0,0xf0,0xf0,0xf0,0xf0,0x90,0x02,0x09,0x0a,0x08,
    0x03,0xf0,0xf0,0xb0,0xf0,0xf0,0xf0,0xf0,0xf0,0xf0,0xf0,0xf0,0xf0,0xa0,0xf0,0xf0,0xf0,0xf0,0xf0,0xf0,0xf0,0xf0,0xf0,0xa0,
    0xf0,0xf0,0xf0,0xf0,0xf0,0xf0,0xf0,0xf0,0xf0,0xa0,0xf0,0xf0,0xf0,0xf0,0xf0,0xf0,0xf0,0xf0,0xf0,0xa0,0xf0,0xf0,0xf0,0xf0,
    0xf0,0xf0,0xf0,0xf0,0xf0,0xa0,0xf0,0xf0,0xf0,0xf0,0xf0,0xf0,0xf0,0xf0,0xf0,0xa0,0xf0,0xf0,0xf0,0xf0,0xf0,0xf0,0xf0,0xf0,
    0xf0,0xa0,0xf0,0xf0,0xf0,0xf0,0xf0,0xf0,0xf0,0xf0,0xf0,0xa0,0xf0,0xf0,0xf0,0xf0,0xf0,0xf0,0xf0,0xf0,0xf0,0xa0,0xa0,0x21,
    0xf0,0xf0,0xf0,0xf0,0xf0,0xf0,0xf0,0xf0,0xc0,0x60,0x01,0x05,0x09,0x0c,0x0d,0x0e,0x0d,0x0c,0x0a,0x06,0x02,0xf0,0xf0,0xf0,
    0xf0,0xf0,0x00,0x03,0x3a,0x05,0x30,0x04,0x3a,0x04,0xf0,0xf0,0x70,0x50,0x07,0x0d,0x8f,0x0e,0x09,0x01,0xf0,0xf0,0xf0,0xf0,
    0xe0,0x05,0x3f,0x08,0x30,0x07,0x3f,0x06,0xf0,0xf0,0x70,0x30,0x01,0x0b,0xcf,0x0d,0x02,0x50,0x01,0x08,0x29,0x07,0xf0,0xf0,
    0xf0,0xf0,0x10,0x05,0x3f,0x07,0x30,0x07,0x3f,0x06,0xf0,0xf0,0x70,0x30,0x0c,0xef,0x0d,0x01,0x40,0x01,0x3f,0x0c,0xf0,0xf0,
    0xf0,0xf0,0x10,0x05,0x3f,0x07,0x30,0x07,0x3f,0x06,0xf0,0xf0,0x70,0x20,0x08,0x4f,0x0c,0x07,0x05,0x14,0x07,0x0c,0x4f,0x09,
    0x40,0x01,0x0e,0x2f,0x0c,0xf0,0xf0,0xf0,0xf0,0x10,0x05,0x3f,0x07,0x30,0x07,0x3f,0x06,0xf0,0xf0,0x70,0x10,0x01,0x0e,0x3f,
    0x09,0x60,0x07,0x3f,0x0e,0x02,0x30,0x01,0x0e,0x2f,0x0c,0xf0,0xf0,0xf0,0xf0,0x10,0x05,0x3f,0x07,0x30,0x07,0x3f,0x06,0xf0,
    0xf0,0x70,0x10,0x05,0x3f,0x0c,0x80,0x0a,0x3f,0x06,0x40,0x0e,0x2f,0x0b,0xe0,0x11,0xf0,0x60,0x11,0xf0,0x00,0x21,0x30,0x05,
    0x3f,0x07,0x30,0x07,0x3f,0x06,0x40,0x11,0xf0,0xf0,0x00,0x10,0x07,0x3f,0x08,0x80,0x04,0x3d,0x07,0x00,0x01,0x09,0x1a,0x3f,
    0x0e,0x2a,0x08,0x60,0x02,0x07,0x0b,0x0d,0x1e,0x0d,0x0b,0x08,0x03,0x70,0x04,0x3a,0x02,0x10,0x05,0x0a,0x0d,0x0e,0x0d,0x0b,
    0x07,0x01,0xa0,0x01,0x07,0x0b,0x0d,0x0e,0x0d,0x0b,0x05,0x10,0x05,0x3f,0x07,0x30,0x07,0x3f,0x06,0x10,0x05,0x0b,0x0d,0x0e,
    0x0d,0x0b,0x07,0x01,0x40,0x02,0x3a,0x09,0x01,0x80,0x06,0x3a,0x05,0x20,0x10,0x07,0x3f,0x0a,0x90,0x01,0x10,0x01,0x10,0x01,
    0x0e,0x9f,0x0d,0x40,0x01,0x08,0x0e,0x8f,0x0a,0x01,0x50,0x07,0x3f,0x03,0x01,0x0a,0x6f,0x0d,0x03,0x80,0x04,0x0d,0x6f,0x0b,
    0x01,0x05,0x3f,0x07,0x30,0x07,0x3f,0x06,0x00,0x0a,0x6f,0x0d,0x05,0x40,0x0d,0x3f,0x04,0x80,0x0d,0x3f,0x04,0x20,0x10,0x05,
    0x3f,0x0e,0x03,0xe0,0x01,0x0e,0x9f,0x0c,0x30,0x01,0x0b,0xbf,0x0c,0x01,0x40,0x07,0x3f,0x02,0x0a,0x8f,0x0e,0x02,0x60,0x05,
    0x9f,0x0a,0x04,0x3f,0x07,0x30,0x07,0x3f,0x05,0x09,0x9f,0x05,0x30,0x07,0x3f,0x09,0x70,0x04,0x3f,0x0c,0x30,0x10,0x02,0x0e,
    0x3f,0x0e,0x06,0x01,0xc0,0x01,0x0d,0x9f,0x0c,0x30,0x0a,0x4f,0x0d,0x1b,0x0d,0x4f,0x0a,0x40,0x07,0x2f,0x0e,0x09,0xaf,0x0b,
    0x50,0x02,0x0e,0x5f,0x1e,0x2f,0x0b,0x3f,0x07,0x30,0x07,0x3f,0x0b,0x2f,0x1e,0x6f,0x02,0x20,0x02,0x0e,0x2f,0x0d,0x01,0x60,
    0x09,0x3f,0x06,0x30,0x20,0x08,0x5f,0x0d,0x09,0x05,0x02,0xa0,0x12,0x03,0x0e,0x2f,0x0c,0x32,0x20,0x05,0x3f,0x0e,0x06,0x01,
    0x20,0x05,0x0e,0x3f,0x03,0x30,0x07,0x5f,0x0a,0x05,0x02,0x03,0x07,0x0e,0x4f,0x03,0x40,0x0a,0x4f,0x09,0x03,0x11,0x05,0x0c,
    0x5f,0x07,0x30,0x07,0x5f,0x0c,0x05,0x02,0x01,0x03,0x09,0x4f,0x0b,0x30,0x0b,0x3f,0x04,0x50,0x01,0x0d,0x2f,0x0e,0x01,0x30,
    0x20,0x01,0x0b,0x7f,0x0e,0x0c,0x08,0x04,0x90,0x01,0x0e,0x2f,0x0c,0x60,0x04,0x0a,0x0c,0x0e,0x0f,0x04,0x50,0x08,0x3f,0x06,
    0x30,0x07,0x4f,0x08,0x40,0x02,0x0e,0x3f,0x07,0x30,0x02,0x4f,0x07,0x50,0x0b,0x4f,0x07,0x30,0x07,0x4f,0x0c,0x01,0x40,0x07,
    0x4f,0x03,0x20,0x05,0x3f,0x09,0x50,0x04,0x3f,0x0a,0x40,0x30,0x01,0x09,0xaf,0x0c,0x06,0x70,0x01,0x0e,0x2f,0x0c,0x90,0x02,
    0x03,0x60,0x04,0x3f,0x08,0x30,0x07,0x3f,0x0d,0x60,0x08,0x3f,0x09,0x30,0x07,0x3f,0x0c,0x60,0x02,0x0e,0x3f,0x07,0x30,0x07,
    0x4f,0x03,0x60,0x0b,0x3f,0x08,0x20,0x01,0x0e,0x2f,0x0e,0x01,0x40,0x09,0x3f,0x04,0x40,0x50,0x04,0x0a,0xaf,0x0c,0x03,0x50,
    0x01,0x0e,0x2f,0x0c,0xf0,0x20,0x06,0x3f,0x09,0x30,0x07,0x3f,0x08,0x60,0x04,0x3f,0x0a,0x30,0x0a,0x3f,0x06,0x70,0x0a,0x3f,
    0x07,0x30,0x07,0x3f,0x0b,0x70,0x05,0x3f,0x0b,0x30,0x09,0x3f,0x04,0x30,0x01,0x0e,0x2f,0x0d,0x50,0x70,0x02,0x06,0x0a,0x0d,
    0x7f,0x0e,0x03,0x40,0x01,0x0e,0x2f,0x0c,0xc0,0x01,0x02,0x04,0x05,0x07,0x0a,0x4f,0x09,0x30,0x07,0x3f,0x06,0x60,0x03,0x3f,
    0x0a,0x30,0x0d,0x3f,0x02,0x70,0x06,0x3f,0x07,0x30,0x07,0x3f,0x07,0x70,0x02,0x3f,0x0d,0x01,0x20,0x03,0x3f,0x09,0x30,0x05,
    0x3f,0x08,0x50,0xa0,0x01,0x03,0x07,0x0b,0x5f,0x0d,0x01,0x30,0x01,0x0e,0x2f,0x0c,0x90,0x04,0x08,0x0c,0x0e,0x9f,0x09,0x30,
    0x07,0x3f,0x06,0x60,0x03,0x3f,0x0a,0x20,0x01,0x0e,0x2f,0x0e,0x01,0x70,0x05,0x3f,0x07,0x30,0x07,0x3f,0x05,0x70,0x01,0x0d,
    0x2f,0x0e,0x01,0x30,0x0c,0x2f,0x0e,0x01,0x20,0x0a,0x3f,0x02,0x50,0xe0,0x03,0x0a,0x4f,0x06,0x30,0x01,0x0e,0x2f,0x0c,0x70,
    0x02,0x0b,0xdf,0x09,0x30,0x07,0x3f,0x06,0x60,0x03,0x3f,0x0a,0x20,0x01,0x0e,0x2f,0x0d,0x01,0x70,0x04,0x3f,0x07,0x30,0x07,
    0x3f,0x05,0x80,0x0d,0x2f,0x0e,0x02,0x30,0x07,0x3f,0x05,0x10,0x01,0x0e,0x2f,0x0b,0x60,0xf0,0x00,0x09,0x3f,0x0b,0x30,0x01,
    0x0e,0x2f,0x0c,0x60,0x02,0x0d,0x5f,0x0e,0x0d,0x0b,0x08,0x07,0x3f,0x09,0x30,0x07,0x3f,0x06,0x60,0x03,0x3f,0x0a,0x20,0x01,
    0x0e,0x2f,0x0e,0x01,0x70,0x04,0x3f,0x07,0x30,0x07,0x3f,0x05,0x80,0x0d,0x2f,0x0e,0x02,0x30,0x02,0x0e,0x2f,0x09,0x10,0x05,
    0x3f,0x06,0x60,0x00,0x01,0x33,0x02,0x90,0x02,0x3f,0x0d,0x30,0x01,0x0e,0x2f,0x0c,0x60,0x0a,0x3f,0x0d,0x07,0x04,0x01,0x20,
    0x03,0x3f,0x09,0x30,0x07,0x3f,0x06,0x60,0x03,0x3f,0x0a,0x30,0x0d,0x3f,0x02,0x70,0x06,0x3f,0x07,0x30,0x07,0x3f,0x07,0x70,
    0x01,0x0e,0x2f,0x0e,0x01,0x40,0x0a,0x2f,0x0d,0x01,0x00,0x0a,0x2f,0x0e,0x01,0x60,0x00,0x03,0x3f,0x0b,0x90,0x01,0x0e,0x2f,
    0x0d,0x01,0x20,0x01,0x0e,0x2f,0x0c,0x50,0x02,0x0e,0x2f,0x0d,0x02,0x50,0x04,0x3f,0x09,0x30,0x07,0x3f,0x06,0x60,0x03,0x3f,
    0x0a,0x30,0x0b,0x3f,0x05,0x70,0x09,0x3f,0x07,0x30,0x07,0x3f,0x0a,0x70,0x04,0x3f,0x0c,0x50,0x05,0x3f,0x03,0x00,0x0e,0x2f,
    0x09,0x70,0x00,0x01,0x0e,0x2f,0x0e,0x02,0x80,0x05,0x3f,0x0c,0x30,0x01,0x0e,0x2f,0x0c,0x50,0x04,0x3f,0x07,0x60,0x05,0x3f,
    0x09,0x30,0x07,0x3f,0x06,0x60,0x03,0x3f,0x0a,0x30,0x08,0x3f,0x0a,0x60,0x01,0x0e,0x3f,0x07,0x30,0x07,0x3f,0x0e,0x01,0x60,
    0x09,0x3f,0x09,0x50,0x01,0x0d,0x2f,0x07,0x03,0x3f,0x04,0x70,0x10,0x0b,0x3f,0x0c,0x01,0x60,0x02,0x0d,0x3f,0x09,0x30,0x01,
    0x0e,0x2f,0x0c,0x50,0x04,0x3f,0x07,0x60,0x0b,0x3f,0x09,0x30,0x07,0x3f,0x06,0x60,0x03,0x3f,0x0a,0x30,0x04,0x4f,0x04,0x50,
    0x08,0x4f,0x07,0x30,0x07,0x4f,0x09,0x50,0x03,0x4f,0x04,0x60,0x08,0x2f,0x0a,0x07,0x2f,0x0c,0x80,0x10,0x05,0x4f,0x0d,0x07,
    0x02,0x01,0x00,0x01,0x03,0x07,0x0e,0x4f,0x03,0x30,0x01,0x0d,0x2f,0x0e,0x03,0x40,0x02,0x3f,0x0c,0x01,0x40,0x09,0x4f,0x09,
    0x30,0x07,0x3f,0x06,0x60,0x03,0x3f,0x0a,0x40,0x0c,0x3f,0x0e,0x05,0x20,0x01,0x08,0x5f,0x07,0x30,0x07,0x5f,0x08,0x01,0x20,
    0x05,0x0e,0x3f,0x0d,0x70,0x03,0x2f,0x1d,0x2f,0x07,0x80,0x20,0x0a,0x6f,0x0e,0x0d,0x0e,0x6f,0x09,0x50,0x0b,0x3f,0x0e,0x09,
    0x0a,0x08,0x20,0x0c,0x3f,0x0d,0x07,0x04,0x05,0x07,0x0c,0x5f,0x09,0x30,0x07,0x3f,0x06,0x60,0x03,0x3f,0x0a,0x40,0x04,0x5f,
    0x0c,0x1a,0x0d,0x1f,0x0d,0x3f,0x07,0x30,0x07,0x3f,0x0d,0x1f,0x0e,0x1a,0x0c,0x5f,0x05,0x80,0x0c,0x5f,0x0e,0x02,0x80,0x20,
    0x01,0x0b,0xef,0x0b,0x01,0x50,0x06,0x6f,0x0d,0x20,0x05,0xaf,0x09,0x0d,0x2f,0x09,0x30,0x07,0x3f,0x06,0x60,0x03,0x3f,0x0a,
    0x50,0x08,0x9f,0x0d,0x05,0x3f,0x07,0x30,0x07,0x3f,0x05,0x0c,0x9f,0x09,0x90,0x06,0x5f,0x0a,0x90,0x30,0x01,0x08,0xbf,0x0e,
    0x08,0x80,0x0a,0x6f,0x02,0x20,0x07,0x8f,0x09,0x01,0x0e,0x2f,0x09,0x30,0x07,0x3f,0x06,0x60,0x03,0x3f,0x0a,0x60,0x08,0x7f,
    0x0e,0x13,0x3f,0x08,0x30,0x07,0x3f,0x04,0x03,0x0e,0x7f,0x09,0xa0,0x02,0x0e,0x4f,0x05,0x90,0x50,0x03,0x08,0x0c,0x0e,0x4f,
    0x0e,0x0c,0x08,0x02,0xa0,0x07,0x0d,0x4f,0x04,0x30,0x04,0x0b,0x0e,0x3f,0x0c,0x06,0x00,0x01,0x0d,0x2e,0x08,0x30,0x06,0x3e,
    0x05,0x60,0x02,0x3e,0x0a,0x70,0x05,0x0b,0x3f,0x0e,0x0a,0x03,0x00,0x04,0x3e,0x07,0x30,0x06,0x3e,0x04,0x00,0x02,0x0a,0x0e,
    0x3f,0x0b,0x05,0xc0,0x0a,0x3f,0x0d,0x01,0x90,0x80,0x02,0x03,0x04,0x05,0x04,0x03,0x02,0xf0,0x03,0x15,0x04,0x02,0x60,0x02,
    0x04,0x05,0x04,0x03,0x30,0x41,0x40,0x31,0x80,0x41,0x90,0x02,0x04,0x05,0x04,0x02,0x30,0x31,0x50,0x31,0x30,0x02,0x04,0x05,
    0x04,0x02,0xe0,0x08,0x3f,0x08,0xa0,0xf0,0xf0,0xf0,0xf0,0xf0,0xf0,0xf0,0xf0,0x90,0x0b,0x3f,0x03,0xa0,0xf0,0xf0,0xf0,0xf0,
    0xf0,0xf0,0xf0,0xf0,0x80,0x02,0x3f,0x0c,0xb0,0xf0,0xf0,0xf0,0xf0,0xf0,0xf0,0xf0,0xf0,0x40,0x13,0x01,0x04,0x0c,0x3f,0x05,
    0xb0,0xf0,0xf0,0xf0,0xf0,0xf0,0xf0,0xf0,0xf0,0x40,0x0c,0x0f,0x0e,0x4f,0x0c,0xc0,0xf0,0xf0,0xf0,0xf0,0xf0,0xf0,0xf0,0xf0,
    0x60,0xf0,0xf0,0xf0,0xf0,0xf0,0xf0,0xf0,0xf0,0x60,0xf0,0xf0,0xf0,0xf0,0xf0,0xf0,0xf0,0xf0,0x60,0xf0,0xf0,0xf0,0xf0,0xf0,
    0xf0,0xf0,0xf0,0x60,0xf0,0xf0,0xf0,0xf0,0xf0,0xf0,0xf0,0xf0,0x60,0x21,0x60,0x11,0x60,0x21,0xc0,0x07,0x09,0x01,0x90,0x07,
    0x09,0x01,0xf0,0xf0,0x40,0x02,0x08,0x1a,0x05,0xf0,0xf0,0x90,0x05,0x1e,0x04,0x40,0x06,0x1e,0x07,0x40,0x03,0x1e,0x05,0xb0,
    0x05,0x1f,0x08,0x80,0x05,0x1f,0x08,0xf0,0xf0,0x30,0x03,0x0e,0x2f,0x08,0xf0,0xf0,0x90,0x02,0x0e,0x0f,0x08,0x40,0x0a,0x1f,
    0x0b,0x40,0x07,0x1f,0x02,0xb0,0x02,0x0d,0x0e,0x05,0x10,0x01,0x1c,0x04,0x20,0x02,0x0d,0x0e,0x05,0xf0,0xf0,0x30,0x0a,0x0f,
    0x0e,0x07,0x05,0x02,0xf0,0xf0,0x90,0x00,0x0b,0x0f,0x0b,0x30,0x01,0x0e,0x1f,0x0e,0x01,0x30,0x0a,0x0f,0x0c,0xd0,0x11,0x20,
    0x01,0x1f,0x05,0x30,0x11,0xf0,0xf0,0x40,0x0c,0x0f,0x09,0xf0,0xf0,0xc0,0x00,0x07,0x0f,0x0e,0x01,0x20,0x03,0x0f,0x1d,0x0f,
    0x04,0x20,0x01,0x0d,0x0f,0x08,0x40,0x11,0x60,0x11,0x10,0x01,0x02,0x0e,0x0f,0x05,0x11,0x10,0x11,0x30,0x11,0x20,0x01,0xa0,
    0x01,0x20,0x11,0x70,0x11,0x0c,0x0f,0x08,0x11,0x50,0x11,0x60,0x21,0x00,0x02,0x05,0x02,0xa0,0x11,0x70,0x00,0x04,0x1f,0x04,
    0x20,0x07,0x0f,0x19,0x0f,0x08,0x20,0x04,0x1f,0x04,0x20,0x06,0x0b,0x1e,0x0c,0x08,0x02,0x20,0x02,0x1e,0x04,0x00,0x0b,0x0e,
    0x1f,0x1e,0x0a,0x00,0x02,0x1e,0x04,0x10,0x06,0x0e,0x0b,0x00,0x06,0x0c,0x0e,0x0d,0x08,0x01,0x40,0x02,0x09,0x0d,0x0e,0x0c,
    0x06,0x00,0x0c,0x0e,0x05,0x50,0x02,0x1e,0x2f,0x1e,0x03,0x20,0x07,0x0b,0x1e,0x0b,0x06,0x40,0x0a,0x0e,0x07,0x06,0x0e,0x0f,
    0x0b,0x80,0x06,0x0b,0x1e,0x0c,0x08,0x02,0x40,0x00,0x01,0x0d,0x0f,0x08,0x20,0x0b,0x0f,0x16,0x0f,0x0b,0x20,0x07,0x0f,0x0e,
    0x01,0x00,0x01,0x0b,0x1f,0x1e,0x1f,0x0d,0x02,0x10,0x02,0x1f,0x04,0x00,0x0a,0x0e,0x1f,0x1e,0x0a,0x00,0x02,0x1f,0x04,0x10,
    0x06,0x0f,0x0c,0x09,0x4f,0x0b,0x30,0x02,0x0d,0x4f,0x08,0x0d,0x0f,0x06,0x50,0x02,0x1d,0x1f,0x0e,0x0d,0x0e,0x03,0x00,0x01,
    0x0b,0x5f,0x0b,0x01,0x20,0x0b,0x0f,0x0b,0x0f,0x0e,0x0d,0x09,0x60,0x01,0x0b,0x1f,0x1e,0x1f,0x0d,0x02,0x30,0x10,0x0a,0x0f,
    0x0b,0x10,0x01,0x0e,0x0f,0x13,0x0f,0x0e,0x01,0x10,0x0a,0x0f,0x0b,0x10,0x08,0x1f,0x06,0x11,0x04,0x0d,0x0f,0x09,0x10,0x02,
    0x0e,0x0f,0x04,0x10,0x02,0x0e,0x0f,0x05,0x11,0x00,0x02,0x0e,0x0f,0x04,0x10,0x06,0x0f,0x1e,0x05,0x02,0x03,0x0b,0x1f,0x05,
    0x20,0x0b,0x0f,0x0e,0x06,0x12,0x07,0x2f,0x06,0x70,0x01,0x0c,0x0f,0x08,0x00,0x01,0x10,0x0a,0x0f,0x0e,0x06,0x12,0x07,0x0e,
    0x0f,0x09,0x20,0x0b,0x1f,0x09,0x01,0x80,0x07,0x1f,0x06,0x11,0x04,0x0d,0x0f,0x09,0x30,0x10,0x06,0x0f,0x0e,0x01,0x00,0x04,
    0x0f,0x0e,0x01,0x00,0x0d,0x0f,0x05,0x00,0x01,0x0d,0x0f,0x07,0x10,0x02,0x15,0x30,0x08,0x0f,0x0c,0x10,0x02,0x0e,0x0f,0x04,
    0x10,0x01,0x0e,0x0f,0x05,0x20,0x02,0x0e,0x0f,0x04,0x10,0x06,0x1f,0x05,0x20,0x01,0x0d,0x0f,0x08,0x10,0x03,0x1f,0x06,0x30,
    0x09,0x1f,0x06,0x80,0x0c,0x0f,0x08,0x20,0x03,0x1f,0x06,0x30,0x07,0x1f,0x02,0x10,0x0b,0x0f,0x0c,0xa0,0x02,0x15,0x30,0x08,
    0x0f,0x0c,0x30,0x10,0x03,0x1f,0x04,0x00,0x08,0x0f,0x0a,0x10,0x0a,0x0f,0x08,0x00,0x04,0x1f,0x03,0x60,0x01,0x02,0x0a,0x0f,
    0x0d,0x10,0x02,0x0e,0x0f,0x04,0x10,0x01,0x0e,0x0f,0x05,0x20,0x02,0x0e,0x0f,0x04,0x10,0x06,0x0f,0x0e,0x01,0x30,0x0b,0x0f,
    0x09,0x10,0x07,0x0f,0x0e,0x01,0x30,0x03,0x1f,0x06,0x80,0x0c,0x0f,0x08,0x20,0x07,0x0f,0x0e,0x01,0x30,0x01,0x0e,0x0f,0x06,
    0x10,0x0b,0x0f,0x09,0xf0,0x01,0x02,0x0a,0x0f,0x0d,0x30,0x20,0x0c,0x0f,0x08,0x00,0x0b,0x0f,0x07,0x10,0x06,0x0f,0x0c,0x00,
    0x07,0x0f,0x0d,0x30,0x02,0x07,0x0b,0x0d,0x3f,0x0d,0x10,0x02,0x0e,0x0f,0x04,0x10,0x01,0x0e,0x0f,0x05,0x20,0x02,0x0e,0x0f,
    0x04,0x10,0x06,0x0f,0x0d,0x01,0x30,0x0a,0x0f,0x09,0x10,0x09,0x0f,0x0c,0x40,0x01,0x0e,0x0f,0x06,0x80,0x0c,0x0f,0x08,0x20,
    0x09,0x0f,0x0c,0x50,0x0c,0x0f,0x08,0x10,0x0b,0x0f,0x09,0xb0,0x02,0x07,0x0b,0x0d,0x3f,0x0d,0x30,0x20,0x09,0x0f,0x0a,0x01,
    0x0e,0x0f,0x03,0x10,0x03,0x0f,0x0e,0x01,0x0a,0x0f,0x09,0x20,0x04,0x0e,0x1f,0x0d,0x0b,0x08,0x09,0x0f,0x0d,0x10,0x02,0x0e,
    0x0f,0x04,0x10,0x01,0x0e,0x0f,0x05,0x20,0x02,0x0e,0x0f,0x04,0x10,0x06,0x0f,0x0d,0x01,0x30,0x0a,0x0f,0x09,0x10,0x09,0x0f,
    0x0b,0x40,0x01,0x0e,0x0f,0x06,0x80,0x0c,0x0f,0x08,0x20,0x09,0x0f,0x0b,0x50,0x0c,0x0f,0x08,0x10,0x0b,0x0f,0x09,0xa0,0x04,
    0x0e,0x1f,0x0d,0x0b,0x08,0x09,0x0f,0x0d,0x30,0x20,0x05,0x0f,0x0c,0x04,0x0f,0x0d,0x30,0x0d,0x0f,0x04,0x0c,0x0f,0x06,0x20,
    0x0d,0x0f,0x0b,0x02,0x20,0x06,0x0f,0x0d,0x10,0x02,0x0e,0x0f,0x04,0x10,0x01,0x0e,0x0f,0x05,0x20,0x02,0x0e,0x0f,0x04,0x10,
    0x06,0x0f,0x0d,0x01,0x30,0x0a,0x0f,0x09,0x10,0x08,0x0f,0x0d,0x01,0x30,0x02,0x1f,0x06,0x80,0x0c,0x0f,0x08,0x20,0x08,0x0f,
    0x0d,0x40,0x01,0x0d,0x0f,0x07,0x10,0x0b,0x0f,0x09,0xa0,0x0d,0x0f,0x0b,0x02,0x20,0x06,0x0f,0x0d,0x30,0x20,0x02,0x0f,0x0e,
    0x09,0x0f,0x0a,0x30,0x09,0x0f,0x09,0x0e,0x0f,0x02,0x10,0x02,0x1f,0x03,0x30,0x09,0x0f,0x0d,0x10,0x02,0x0e,0x0f,0x04,0x10,
    0x01,0x0e,0x0f,0x05,0x20,0x02,0x0e,0x0f,0x04,0x10,0x06,0x0f,0x0d,0x01,0x30,0x0a,0x0f,0x09,0x10,0x04,0x1f,0x05,0x30,0x08,
    0x1f,0x06,0x80,0x0c,0x0f,0x08,0x20,0x04,0x1f,0x04,0x30,0x04,0x1f,0x04,0x10,0x0b,0x0f,0x09,0x90,0x02,0x1f,0x03,0x30,0x09,
    0x0f,0x0d,0x30,0x30,0x0c,0x0f,0x0d,0x0f,0x06,0x30,0x05,0x0f,0x0e,0x0f,0x0c,0x20,0x01,0x0e,0x0f,0x08,0x20,0x05,0x1f,0x0d,
    0x10,0x02,0x0e,0x0f,0x04,0x10,0x01,0x0e,0x0f,0x09,0x11,0x00,0x02,0x0e,0x0f,0x04,0x10,0x06,0x0f,0x0d,0x01,0x30,0x0a,0x0f,
    0x09,0x20,0x0c,0x0f,0x0e,0x05,0x01,0x02,0x07,0x2f,0x06,0x80,0x0c,0x0f,0x08,0x30,0x0c,0x0f,0x0c,0x02,0x10,0x02,0x0d,0x0f,
    0x0c,0x20,0x0b,0x0f,0x09,0x90,0x01,0x0e,0x0f,0x08,0x20,0x05,0x1f,0x0d,0x30,0x30,0x08,0x2f,0x02,0x30,0x02,0x2f,0x08,0x30,
    0x09,0x1f,0x0c,0x0a,0x0c,0x0f,0x0c,0x0f,0x0d,0x10,0x02,0x1f,0x04,0x20,0x09,0x2f,0x0c,0x00,0x02,0x1f,0x04,0x10,0x06,0x0f,
    0x0e,0x01,0x30,0x0b,0x0f,0x0a,0x20,0x03,0x0e,0x4f,0x08,0x0d,0x0f,0x06,0x80,0x0c,0x0f,0x08,0x30,0x03,0x0e,0x0f,0x0e,0x0a,
    0x0b,0x0e,0x0f,0x0e,0x03,0x20,0x0b,0x0f,0x09,0xa0,0x09,0x1f,0x0c,0x0a,0x0c,0x0f,0x0c,0x0f,0x0d,0x30,0x30,0x04,0x1e,0x0c,
    0x50,0x0b,0x1e,0x04,0x30,0x01,0x09,0x0e,0x1f,0x0e,0x06,0x05,0x0e,0x0c,0x10,0x02,0x0d,0x0e,0x04,0x20,0x01,0x08,0x0d,0x0e,
    0x0c,0x00,0x02,0x1e,0x04,0x10,0x06,0x0e,0x0c,0x01,0x30,0x0a,0x0e,0x09,0x30,0x02,0x09,0x0c,0x0e,0x0c,0x06,0x00,0x0e,0x0f,
    0x06,0x80,0x0b,0x0e,0x07,0x40,0x03,0x0b,0x3f,0x0b,0x03,0x30,0x0a,0x0e,0x09,0xa0,0x01,0x09,0x0e,0x1f,0x0e,0x06,0x05,0x0e,
    0x0c,0x30,0x40,0x21,0x50,0x21,0x60,0x01,0x13,0x01,0x10,0x11,0x20,0x11,0x60,0x01,0x20,0x11,0x30,0x11,0x40,0x21,0x60,0x01,
    0x10,0x01,0x0e,0x0f,0x05,0x80,0x11,0x70,0x02,0x14,0x02,0x50,0x21,0xc0,0x01,0x13,0x01,0x10,0x11,0x30,0xf0,0xf0,0xf0,0xf0,
    0x20,0x03,0x08,0x03,0x30,0x05,0x1f,0x03,0xf0,0xf0,0xf0,0x80,0xf0,0xf0,0xf0,0xf0,0x10,0x01,0x0d,0x0f,0x0d,0x07,0x14,0x08,
    0x0e,0x0f,0x0b,0xf0,0xf0,0xf0,0x90,0xf0,0xf0,0xf0,0xf0,0x20,0x02,0x0b,0x5f,0x0b,0x01,0xf0,0xf0,0xf0,0x90,0xf0,0xf0,0xf0,
    0xf0,0x40,0x05,0x08,0x1a,0x08,0x04,0xf0,0xf0,0xf0,0xb0,0xf0,0xf0,0xf0,0xf0,0xf0,0xf0,0xf0,0xf0,0xf0,0xf0,0x70,0xf0,0xf0,
    0xf0,0xf0,0xf0,0xf0,0xf0,0xf0,0xf0,0xf0,0x70,0xf0,0xf0,0xf0,0xf0,0xf0,0xf0,0xf0,0xf0,0xf0,0xf0,0x70,0xf0,0xf0,0xf0,0xf0,
    0xf0,0xf0,0xf0,0xf0,0xf0,0xf0,0x70,0xf0,0xf0,0xf0,0xf0,0xf0,0xf0,0xf0,0xf0,0xf0,0xf0,0x70,0xc0,0x02,0x09,0x06,0xf0,0xf0,
    0x70,0x07,0x09,0x01,0xf0,0xf0,0xf0,0xf0,0xf0,0xf0,0xc0,0xc0,0x0a,0x1f,0x03,0xf0,0xf0,0x50,0x05,0x1f,0x08,0xf0,0xf0,0xf0,
    0xf0,0xf0,0xf0,0xc0,0xc0,0x06,0x0e,0x0c,0x02,0xf0,0xf0,0x50,0x02,0x0d,0x0e,0x05,0xf0,0xf0,0xf0,0xf0,0xf0,0xd0,0x05,0x0c,
    0x0b,0x01,0xa0,0xd0,0x02,0xf0,0xf0,0x80,0x11,0xf0,0xf0,0xf0,0xf0,0xf0,0xe0,0x06,0x0f,0x0e,0x01,0xa0,0x40,0x11,0x60,0x11,
    0x60,0x01,0x20,0x11,0x30,0x11,0x20,0x01,0xf0,0x00,0x11,0x30,0x11,0x20,0x01,0xc0,0x11,0x00,0x01,0x14,0x50,0x01,0xa0,0x11,
    0x20,0x11,0x20,0x21,0x40,0x11,0x70,0x01,0xa0,0x11,0x40,0x01,0x06,0x0f,0x0e,0x02,0x01,0x90,0x10,0x01,0x07,0x0c,0x1e,0x0c,
    0x07,0x01,0x20,0x06,0x0e,0x0d,0x01,0x20,0x02,0x09,0x0d,0x0e,0x0c,0x06,0x00,0x0c,0x0e,0x05,0x10,0x06,0x0e,0x0b,0x00,0x06,
    0x0c,0x0e,0x0d,0x08,0x01,0xc0,0x02,0x1e,0x04,0x10,0x06,0x0e,0x0b,0x00,0x06,0x0c,0x0e,0x0d,0x08,0x01,0x80,0x06,0x0e,0x0b,
    0x03,0x0d,0x1f,0x01,0x10,0x02,0x09,0x0d,0x0e,0x0d,0x09,0x03,0x50,0x04,0x0b,0x0d,0x0e,0x0b,0x13,0x0e,0x0d,0x01,0x10,0x0a,
    0x0e,0x09,0x30,0x01,0x0d,0x0e,0x04,0x30,0x02,0x09,0x0d,0x0e,0x0d,0x09,0x03,0x40,0x01,0x07,0x0c,0x1e,0x0c,0x07,0x01,0x00,
    0x02,0x0e,0x2f,0x1e,0x06,0x80,0x00,0x01,0x0b,0x1f,0x0e,0x0d,0x1f,0x0b,0x01,0x10,0x06,0x0f,0x0e,0x01,0x10,0x02,0x0d,0x4f,
    0x08,0x0d,0x0f,0x06,0x10,0x06,0x0f,0x0c,0x09,0x4f,0x0b,0xc0,0x02,0x1f,0x04,0x10,0x06,0x0f,0x0c,0x09,0x4f,0x0b,0x80,0x06,
    0x0f,0x1d,0x0f,0x0d,0x0c,0x02,0x00,0x04,0x0e,0x1f,0x0e,0x2f,0x05,0x30,0x06,0x2f,0x0e,0x0f,0x0e,0x08,0x0f,0x0e,0x01,0x10,
    0x0b,0x0f,0x09,0x30,0x02,0x0e,0x0f,0x05,0x20,0x04,0x0e,0x1f,0x0e,0x2f,0x05,0x20,0x01,0x0b,0x1f,0x0e,0x0d,0x1f,0x0b,0x00,
    0x02,0x0d,0x0e,0x1f,0x0d,0x0e,0x05,0x80,0x00,0x06,0x0f,0x0e,0x05,0x11,0x05,0x0e,0x0f,0x06,0x10,0x06,0x0f,0x0d,0x01,0x10,
    0x0b,0x0f,0x0e,0x06,0x12,0x07,0x2f,0x06,0x10,0x06,0x0f,0x1e,0x05,0x02,0x03,0x0b,0x1f,0x05,0xb0,0x02,0x0e,0x0f,0x04,0x10,
    0x06,0x0f,0x1e,0x05,0x02,0x03,0x0b,0x1f,0x05,0x70,0x06,0x1f,0x0c,0x03,0x00,0x01,0x00,0x01,0x0e,0x0f,0x0a,0x03,0x01,0x02,
    0x0a,0x0f,0x0e,0x02,0x10,0x02,0x1f,0x0c,0x04,0x01,0x03,0x0b,0x1f,0x0e,0x01,0x10,0x0b,0x0f,0x09,0x30,0x02,0x0e,0x0f,0x05,
    0x10,0x01,0x0e,0x0f,0x0a,0x03,0x01,0x02,0x0a,0x0f,0x0e,0x02,0x10,0x06,0x0f,0x0e,0x05,0x11,0x05,0x0e,0x0f,0x05,0x10,0x06,
    0x0f,0x0e,0x11,0x90,0x00,0x09,0x0f,0x0c,0x30,0x14,0x01,0x10,0x06,0x0f,0x0d,0x01,0x00,0x04,0x1f,0x06,0x30,0x09,0x1f,0x06,
    0x10,0x06,0x1f,0x05,0x20,0x01,0x0d,0x0f,0x08,0xb0,0x02,0x0e,0x0f,0x04,0x10,0x06,0x1f,0x05,0x20,0x01,0x0d,0x0f,0x08,0x70,
    0x06,0x1f,0x03,0x30,0x07,0x0f,0x0c,0x40,0x0c,0x0f,0x08,0x10,0x08,0x0f,0x0e,0x02,0x30,0x0d,0x0f,0x0e,0x01,0x10,0x0b,0x0f,
    0x09,0x30,0x02,0x0e,0x0f,0x05,0x10,0x07,0x0f,0x0c,0x40,0x0c,0x0f,0x08,0x10,0x09,0x0f,0x0c,0x30,0x14,0x01,0x10,0x05,0x0f,
    0x0e,0x01,0xa0,0x00,0x07,0x0f,0x0e,0x07,0x02,0x60,0x06,0x0f,0x0d,0x01,0x00,0x07,0x0f,0x0e,0x01,0x30,0x03,0x1f,0x06,0x10,
    0x06,0x0f,0x0e,0x01,0x30,0x0b,0x0f,0x09,0x10,0x02,0x6a,0x01,0x00,0x02,0x0e,0x0f,0x04,0x10,0x06,0x0f,0x0e,0x01,0x30,0x0b,
    0x0f,0x09,0x70,0x06,0x0f,0x0d,0x01,0x30,0x0b,0x0f,0x08,0x41,0x08,0x0f,0x0b,0x10,0x0c,0x0f,0x0a,0x40,0x08,0x0f,0x0e,0x01,
    0x10,0x0b,0x0f,0x09,0x30,0x02,0x0e,0x0f,0x05,0x10,0x0b,0x0f,0x08,0x41,0x08,0x0f,0x0b,0x10,0x07,0x0f,0x0e,0x07,0x02,0x60,
    0x06,0x0f,0x0e,0x01,0xa0,0x00,0x01,0x0c,0x2f,0x0c,0x09,0x05,0x30,0x06,0x0f,0x0d,0x01,0x00,0x09,0x0f,0x0c,0x40,0x01,0x0e,
    0x0f,0x06,0x10,0x06,0x0f,0x0d,0x01,0x30,0x0a,0x0f,0x09,0x10,0x03,0x6f,0x01,0x00,0x02,0x0e,0x0f,0x04,0x10,0x06,0x0f,0x0d,
    0x01,0x30,0x0a,0x0f,0x09,0x70,0x06,0x0f,0x0d,0x01,0x20,0x01,0x0d,0x8f,0x0d,0x10,0x0d,0x0f,0x07,0x40,0x05,0x0f,0x0e,0x01,
    0x10,0x0b,0x0f,0x09,0x30,0x02,0x0e,0x0f,0x05,0x00,0x01,0x0d,0x8f,0x0d,0x10,0x01,0x0c,0x2f,0x0c,0x09,0x05,0x30,0x05,0x0f,
    0x0e,0x01,0xa0,0x10,0x01,0x07,0x0b,0x0e,0x2f,0x0c,0x02,0x10,0x06,0x0f,0x0d,0x01,0x00,0x09,0x0f,0x0b,0x40,0x01,0x0e,0x0f,
    0x06,0x10,0x06,0x0f,0x0d,0x01,0x30,0x0a,0x0f,0x09,0x10,0x01,0x55,0x04,0x10,0x02,0x0e,0x0f,0x04,0x10,0x06,0x0f,0x0d,0x01,
    0x30,0x0a,0x0f,0x09,0x70,0x06,0x0f,0x0d,0x01,0x20,0x01,0x0d,0x0f,0x0d,0x0b,0x0c,0x4b,0x0a,0x00,0x01,0x0d,0x0f,0x07,0x40,
    0x05,0x0f,0x0e,0x01,0x10,0x0b,0x0f,0x09,0x30,0x02,0x0e,0x0f,0x05,0x00,0x01,0x0d,0x0f,0x0d,0x0b,0x0c,0x4b,0x0a,0x20,0x01,
    0x07,0x0b,0x0e,0x2f,0x0c,0x02,0x10,0x05,0x0f,0x0e,0x01,0xa0,0x40,0x01,0x04,0x09,0x1f,0x09,0x10,0x06,0x0f,0x0d,0x01,0x00,
    0x08,0x0f,0x0d,0x01,0x30,0x02,0x1f,0x06,0x10,0x06,0x0f,0x0d,0x01,0x30,0x0a,0x0f,0x09,0xb0,0x02,0x0e,0x0f,0x04,0x10,0x06,
    0x0f,0x0d,0x01,0x30,0x0a,0x0f,0x09,0x70,0x06,0x0f,0x0d,0x01,0x30,0x0c,0x0f,0x07,0x90,0x0c,0x0f,0x09,0x40,0x07,0x0f,0x0e,
    0x01,0x10,0x0b,0x0f,0x09,0x30,0x02,0x0e,0x0f,0x05,0x10,0x0c,0x0f,0x07,0xd0,0x01,0x04,0x09,0x1f,0x09,0x10,0x05,0x0f,0x0e,
    0x01,0xa0,0x00,0x01,0x04,0x02,0x30,0x0a,0x0f,0x0c,0x10,0x06,0x0f,0x0d,0x01,0x00,0x04,0x1f,0x05,0x30,0x08,0x1f,0x06,0x10,
    0x06,0x0f,0x0d,0x01,0x30,0x0a,0x0f,0x09,0xb0,0x02,0x0e,0x0f,0x04,0x10,0x06,0x0f,0x0d,0x01,0x30,0x0a,0x0f,0x09,0x70,0x06,
    0x0f,0x0d,0x01,0x30,0x09,0x0f,0x0b,0x40,0x03,0x02,0x20,0x0a,0x0f,0x0d,0x40,0x0b,0x0f,0x0e,0x01,0x10,0x0a,0x0f,0x0c,0x30,
    0x06,0x1f,0x05,0x10,0x09,0x0f,0x0b,0x40,0x03,0x02,0x01,0x10,0x01,0x04,0x02,0x30,0x0a,0x0f,0x0c,0x10,0x06,0x0f,0x0e,0x50,
    0x02,0x01,0x30,0x00,0x0b,0x0f,0x0b,0x01,0x10,0x01,0x0c,0x0f,0x0a,0x10,0x06,0x0f,0x0d,0x01,0x10,0x0c,0x0f,0x0e,0x05,0x01,
    0x02,0x07,0x2f,0x06,0x10,0x06,0x0f,0x0d,0x01,0x30,0x0a,0x0f,0x09,0xb0,0x02,0x0e,0x0f,0x04,0x10,0x06,0x0f,0x0d,0x01,0x30,
    0x0a,0x0f,0x09,0x70,0x06,0x0f,0x0d,0x01,0x30,0x03,0x1f,0x07,0x20,0x03,0x0d,0x0f,0x08,0x10,0x04,0x1f,0x09,0x01,0x10,0x07,
    0x1f,0x0e,0x01,0x10,0x06,0x1f,0x09,0x03,0x02,0x06,0x1e,0x0f,0x05,0x10,0x03,0x1f,0x07,0x20,0x03,0x0d,0x0f,0x08,0x10,0x0b,
    0x0f,0x0b,0x01,0x10,0x01,0x0c,0x0f,0x0a,0x10,0x05,0x1f,0x05,0x11,0x10,0x08,0x0f,0x0c,0x01,0x20,0x00,0x05,0x1f,0x0d,0x19,
    0x0d,0x1f,0x04,0x10,0x06,0x0f,0x0e,0x01,0x10,0x03,0x0e,0x4f,0x08,0x0d,0x0f,0x06,0x10,0x06,0x0f,0x0e,0x01,0x30,0x0b,0x0f,
    0x0a,0xb0,0x02,0x1f,0x04,0x10,0x06,0x0f,0x0e,0x01,0x30,0x0b,0x0f,0x0a,0x70,0x06,0x0f,0x0e,0x01,0x40,0x08,0x1f,0x0c,0x1a,
    0x1f,0x0e,0x02,0x20,0x0a,0x1f,0x0d,0x0a,0x0c,0x0f,0x0b,0x0f,0x0e,0x01,0x10,0x01,0x0c,0x4f,0x08,0x0d,0x0f,0x05,0x20,0x08,
    0x1f,0x0c,0x1a,0x1f,0x0e,0x02,0x10,0x05,0x1f,0x0d,0x19,0x0d,0x1f,0x04,0x10,0x01,0x0d,0x2f,0x07,0x10,0x0d,0x1f,0x03,0x20,
    0x10,0x05,0x0d,0x3f,0x0c,0x04,0x20,0x06,0x0e,0x0c,0x01,0x20,0x02,0x09,0x0c,0x0e,0x0c,0x06,0x00,0x0e,0x0f,0x06,0x10,0x06,
    0x0e,0x0c,0x01,0x30,0x0a,0x0e,0x09,0xb0,0x02,0x0d,0x0e,0x04,0x10,0x06,0x0e,0x0c,0x01,0x30,0x0a,0x0e,0x09,0x70,0x06,0x0e,
    0x0c,0x01,0x50,0x06,0x0d,0x3f,0x0b,0x02,0x40,0x09,0x0e,0x2f,0x06,0x04,0x0f,0x0e,0x01,0x20,0x01,0x09,0x0d,0x0e,0x0c,0x06,
    0x00,0x0c,0x0e,0x04,0x30,0x06,0x0d,0x3f,0x0b,0x02,0x30,0x05,0x0d,0x3f,0x0c,0x04,0x30,0x03,0x0a,0x0d,0x0e,0x08,0x10,0x06,
    0x0d,0x0a,0x01,0x20,0x30,0x03,0x05,0x04,0x03,0x50,0x11,0x60,0x01,0x10,0x01,0x0e,0x0f,0x05,0x20,0x11,0x40,0x21,0xc0,0x11,
    0x30,0x11,0x40,0x21,0x80,0x11,0x80,0x03,0x05,0x04,0x02,0x70,0x02,0x14,0x02,0x00,0x05,0x0f,0x0e,0x01,0x50,0x01,0x20,0x11,
    0x60,0x03,0x05,0x04,0x02,0x70,0x03,0x05,0x04,0x03,0x70,0x11,0x30,0x01,0x40,0xf0,0x20,0x03,0x08,0x03,0x30,0x05,0x1f,0x03,
    0xf0,0xf0,0xf0,0xf0,0xe0,0x05,0x0f,0x0e,0x01,0xf0,0xf0,0xf0,0x60,0xf0,0x10,0x01,0x0d,0x0f,0x0d,0x07,0x14,0x08,0x0e,0x0f,
    0x0b,0xf0,0xf0,0xf0,0xf0,0xf0,0x05,0x0f,0x0e,0x01,0xf0,0xf0,0xf0,0x60,0xf0,0x20,0x02,0x0b,0x5f,0x0b,0x01,0xf0,0xf0,0xf0,
    0xf0,0xf0,0x05,0x1f,0x01,0xf0,0xf0,0xf0,0x60,0xf0,0x40,0x05,0x08,0x1a,0x08,0x04,0xf0,0xf0,0xf0,0xf0,0xf0,0x10,0x03,0x0a,
    0x09,0x01,0xf0,0xf0,0xf0,0x60,0xf0,0xf0,0xf0,0xf0,0xf0,0xf0,0xf0,0xf0,0xf0,0xf0,0xf0,0x40,0xf0,0xf0,0xf0,0xf0,0xf0,0xf0,
    0xf0,0xf0,0xf0,0xf0,0xf0,0x40,0xf0,0xf0,0xf0,0xf0,0xf0,0xf0,0xf0,0xf0,0xf0,0xf0,0xf0,0x40,0xf0,0xf0,0xf0,0xf0,0xf0,0xf0,
    0xf0,0xf0,0xf0,0xf0,0xf0,0x40,0xf0,0xf0,0xf0,0xf0,0xf0,0xf0,0xf0,0xf0,0xf0,0xf0,0xf0,0x40,0x02,0xaa,0x02,0xf0,0xf0,0xf0,
    0x40,0x08,0x0a,0x03,0xf0,0xf0,0xf0,0xf0,0xf0,0x70,0x05,0x0a,0x06,0xf0,0x40,0x03,0xaf,0x03,0xf0,0xc0,0x05,0x09,0x05,0xf0,
    0x40,0x0d,0x0f,0x04,0xf0,0xf0,0xf0,0xf0,0xf0,0x70,0x09,0x0f,0x09,0xf0,0x40,0x01,0x34,0x0a,0x0f,0x0b,0x34,0x01,0xf0,0xc0,
    0x08,0x0f,0x09,0xf0,0x40,0x0c,0x0f,0x04,0xf0,0xf0,0xf0,0xf0,0xf0,0x70,0x08,0x0f,0x09,0xf0,0x40,0x40,0x08,0x0f,0x09,0x80,
    0x01,0x50,0x21,0x10,0x11,0x90,0x01,0x08,0x0f,0x09,0x11,0x50,0x01,0xb0,0x0d,0x0f,0x04,0x30,0x11,0x50,0x01,0x90,0x11,0x50,
    0x21,0x10,0x11,0xe0,0x01,0x40,0x21,0x30,0x11,0x40,0x11,0x50,0x01,0x50,0x08,0x0f,0x09,0x30,0x21,0x40,0x01,0x70,0x40,0x09,
    0x0f,0x0a,0x50,0x05,0x0b,0x0e,0x0f,0x0d,0x08,0x01,0x20,0x08,0x0e,0x07,0x02,0x0b,0x0e,0x0d,0x0a,0x02,0x60,0x03,0x4f,0x0b,
    0x20,0x03,0x09,0x0d,0x0e,0x0c,0x08,0x01,0x80,0x0d,0x0f,0x04,0x20,0x0a,0x0e,0x0b,0x01,0x10,0x03,0x0a,0x0e,0x0f,0x0c,0x07,
    0x01,0x40,0x06,0x0b,0x1e,0x0b,0x05,0x30,0x08,0x0e,0x07,0x02,0x0b,0x0e,0x0d,0x0a,0x02,0x90,0x05,0x0b,0x0e,0x0f,0x0d,0x08,
    0x01,0x10,0x04,0x0e,0x0c,0x01,0x20,0x0c,0x0e,0x07,0x20,0x05,0x0e,0x0c,0x20,0x05,0x0b,0x0e,0x0f,0x0d,0x08,0x01,0x20,0x08,
    0x0f,0x09,0x20,0x06,0x1e,0x03,0x10,0x01,0x08,0x0d,0x0f,0x0d,0x09,0x03,0x40,0x40,0x09,0x0f,0x0a,0x40,0x07,0x1f,0x0d,0x0c,
    0x0e,0x0f,0x0c,0x01,0x10,0x08,0x0f,0x0a,0x0d,0x0f,0x0c,0x1f,0x0e,0x03,0x50,0x02,0x0b,0x0d,0x0f,0x0d,0x0b,0x09,0x10,0x04,
    0x0e,0x0f,0x0e,0x0c,0x1f,0x0d,0x02,0x70,0x0d,0x0f,0x04,0x10,0x09,0x0f,0x0d,0x02,0x10,0x05,0x1f,0x0d,0x0c,0x1f,0x0c,0x01,
    0x20,0x09,0x1f,0x1c,0x1f,0x08,0x20,0x08,0x0f,0x0a,0x0d,0x0f,0x0c,0x1f,0x0e,0x03,0x70,0x07,0x1f,0x0d,0x0c,0x0e,0x0f,0x0c,
    0x01,0x00,0x01,0x0e,0x0f,0x03,0x10,0x03,0x1f,0x0b,0x20,0x0a,0x0f,0x09,0x10,0x07,0x1f,0x0d,0x0c,0x0e,0x0f,0x0c,0x01,0x10,
    0x08,0x0f,0x09,0x10,0x05,0x1f,0x05,0x10,0x02,0x0c,0x0f,0x0e,0x0c,0x0d,0x0f,0x0e,0x04,0x30,0x40,0x09,0x0f,0x0a,0x30,0x01,
    0x0d,0x0f,0x06,0x10,0x02,0x0d,0x0f,0x06,0x10,0x08,0x1f,0x09,0x01,0x00,0x02,0x0b,0x0f,0x0b,0x70,0x08,0x0f,0x09,0x20,0x01,
    0x0e,0x0f,0x08,0x01,0x00,0x02,0x0b,0x0f,0x0b,0x70,0x0d,0x0f,0x04,0x00,0x08,0x0f,0x0d,0x02,0x10,0x01,0x0e,0x0f,0x07,0x01,
    0x00,0x02,0x0c,0x0f,0x08,0x10,0x05,0x0f,0x0d,0x04,0x10,0x04,0x0e,0x0f,0x04,0x10,0x08,0x1f,0x09,0x01,0x00,0x02,0x0b,0x0f,
    0x0b,0x60,0x01,0x0d,0x0f,0x06,0x10,0x02,0x0d,0x0f,0x06,0x10,0x0a,0x0f,0x07,0x10,0x07,0x0f,0x1e,0x01,0x00,0x01,0x0d,0x0f,
    0x04,0x00,0x01,0x0d,0x0f,0x06,0x10,0x02,0x0d,0x0f,0x06,0x10,0x08,0x0f,0x09,0x00,0x04,0x1f,0x06,0x20,0x0a,0x0f,0x0a,0x02,
    0x00,0x01,0x08,0x0f,0x0d,0x01,0x20,0x40,0x09,0x0f,0x0a,0x40,0x01,0x02,0x30,0x09,0x0f,0x08,0x10,0x08,0x0f,0x0d,0x30,0x03,
    0x1f,0x03,0x60,0x08,0x0f,0x09,0x20,0x06,0x0f,0x0c,0x30,0x02,0x0e,0x0f,0x03,0x60,0x0d,0x0f,0x03,0x06,0x0f,0x0e,0x03,0x20,
    0x06,0x0f,0x09,0x30,0x02,0x0f,0x0d,0x01,0x00,0x0b,0x0f,0x04,0x30,0x07,0x0f,0x09,0x10,0x08,0x0f,0x0d,0x30,0x03,0x1f,0x03,
    0x60,0x01,0x02,0x30,0x09,0x0f,0x08,0x10,0x06,0x0f,0x0b,0x10,0x0b,0x0e,0x08,0x0f,0x04,0x00,0x03,0x0f,0x0e,0x01,0x10,0x01,
    0x02,0x30,0x09,0x0f,0x08,0x10,0x08,0x0f,0x08,0x03,0x0e,0x0f,0x07,0x20,0x02,0x0f,0x0d,0x40,0x0c,0x0f,0x04,0x20,0x40,0x09,
    0x0f,0x0a,0x60,0x02,0x04,0x06,0x09,0x0e,0x0f,0x09,0x10,0x08,0x0f,0x09,0x40,0x0c,0x0f,0x05,0x60,0x08,0x0f,0x09,0x20,0x09,
    0x0f,0x08,0x40,0x0b,0x0f,0x06,0x60,0x0d,0x0f,0x0a,0x1f,0x03,0x30,0x0a,0x0f,0x0c,0x39,0x0a,0x1f,0x02,0x00,0x0e,0x0f,0x0a,
    0x39,0x0b,0x0f,0x0c,0x10,0x08,0x0f,0x09,0x40,0x0c,0x0f,0x05,0x80,0x02,0x04,0x06,0x09,0x0e,0x0f,0x09,0x10,0x02,0x0f,0x0e,
    0x01,0x00,0x0e,0x0b,0x03,0x0f,0x08,0x00,0x07,0x0f,0x0a,0x40,0x02,0x04,0x06,0x09,0x0e,0x0f,0x09,0x10,0x08,0x0f,0x0b,0x0d,
    0x0f,0x08,0x30,0x05,0x0f,0x0d,0x49,0x0d,0x0f,0x07,0x20,0x40,0x09,0x0f,0x0a,0x40,0x05,0x0c,0x3f,0x0e,0x0f,0x09,0x10,0x08,
    0x0f,0x08,0x40,0x0b,0x0f,0x06,0x60,0x08,0x0f,0x09,0x20,0x0a,0x0f,0x07,0x40,0x0a,0x0f,0x07,0x60,0x0d,0x3f,0x07,0x30,0x0b,
    0x6f,0x1e,0x02,0x01,0x7f,0x0e,0x0b,0x10,0x08,0x0f,0x08,0x40,0x0b,0x0f,0x06,0x60,0x05,0x0c,0x3f,0x0e,0x0f,0x09,0x20,0x0c,
    0x0f,0x03,0x02,0x0f,0x08,0x00,0x0e,0x0c,0x00,0x0a,0x0f,0x06,0x20,0x05,0x0c,0x3f,0x0e,0x0f,0x09,0x10,0x08,0x3f,0x0b,0x01,
    0x20,0x06,0x6f,0x1e,0x07,0x20,0x40,0x09,0x0f,0x0a,0x30,0x03,0x1f,0x0b,0x06,0x04,0x01,0x08,0x0f,0x08,0x10,0x08,0x0f,0x09,
    0x40,0x0c,0x0f,0x05,0x60,0x08,0x0f,0x09,0x20,0x0a,0x0f,0x08,0x40,0x0b,0x0f,0x06,0x60,0x0d,0x0f,0x0b,0x07,0x1f,0x04,0x20,
    0x09,0x0f,0x07,0x41,0x00,0x01,0x00,0x01,0x0e,0x0f,0x03,0x31,0x10,0x01,0x10,0x08,0x0f,0x09,0x40,0x0c,0x0f,0x05,0x50,0x03,
    0x1f,0x0b,0x06,0x04,0x01,0x08,0x0f,0x08,0x20,0x07,0x0f,0x16,0x0f,0x04,0x00,0x0b,0x0f,0x02,0x0d,0x0f,0x02,0x10,0x03,0x1f,
    0x0b,0x06,0x04,0x01,0x08,0x0f,0x08,0x10,0x08,0x0f,0x0e,0x06,0x0d,0x0f,0x09,0x20,0x05,0x0f,0x0c,0x41,0x00,0x01,0x30,0x40,
    0x09,0x0f,0x0a,0x30,0x07,0x0f,0x0a,0x30,0x09,0x0f,0x08,0x10,0x08,0x0f,0x0d,0x30,0x03,0x1f,0x03,0x60,0x08,0x0f,0x09,0x20,
    0x06,0x0f,0x0c,0x30,0x02,0x0e,0x0f,0x03,0x60,0x0d,0x0f,0x04,0x00,0x09,0x0f,0x0d,0x02,0x10,0x06,0x0f,0x0b,0x40,0x03,0x01,
    0x10,0x0b,0x0f,0x06,0x30,0x01,0x02,0x20,0x08,0x0f,0x0d,0x30,0x03,0x1f,0x03,0x50,0x07,0x0f,0x0a,0x30,0x09,0x0f,0x08,0x20,
    0x03,0x0f,0x1a,0x0f,0x01,0x00,0x07,0x0f,0x07,0x0f,0x0c,0x20,0x07,0x0f,0x0a,0x30,0x09,0x0f,0x08,0x10,0x08,0x0f,0x09,0x00,
    0x05,0x1f,0x05,0x10,0x02,0x0f,0x0e,0x01,0x30,0x03,0x01,0x30,0x40,0x08,0x0f,0x0a,0x30,0x07,0x0f,0x0a,0x20,0x02,0x0e,0x0f,
    0x09,0x10,0x08,0x1f,0x0a,0x01,0x00,0x02,0x0c,0x0f,0x0b,0x70,0x08,0x0f,0x0b,0x20,0x01,0x0e,0x0f,0x08,0x01,0x00,0x02,0x0b,
    0x0f,0x0b,0x70,0x0d,0x0f,0x04,0x00,0x01,0x0c,0x0f,0x0b,0x10,0x01,0x0e,0x0f,0x07,0x01,0x00,0x01,0x09,0x0f,0x0b,0x10,0x05,
    0x0f,0x0e,0x04,0x10,0x02,0x0c,0x0f,0x07,0x10,0x08,0x1f,0x0a,0x01,0x00,0x02,0x0c,0x0f,0x0b,0x60,0x07,0x0f,0x0a,0x20,0x02,
    0x0e,0x0f,0x09,0x30,0x0d,0x1e,0x0b,0x10,0x03,0x0f,0x0d,0x0f,0x07,0x20,0x07,0x0f,0x0a,0x20,0x02,0x0e,0x0f,0x09,0x10,0x08,
    0x0f,0x09,0x10,0x08,0x0f,0x0e,0x02,0x10,0x0a,0x0f,0x0b,0x02,0x10,0x05,0x1f,0x02,0x20,0x40,0x09,0x0f,0x0a,0x30,0x03,0x1f,
    0x0a,0x06,0x08,0x1e,0x0f,0x09,0x10,0x08,0x0f,0x0a,0x0d,0x0f,0x0c,0x1f,0x0e,0x03,0x70,0x04,0x1f,0x0d,0x0a,0x10,0x05,0x0e,
    0x0f,0x0e,0x0c,0x1f,0x0d,0x02,0x70,0x0d,0x0f,0x04,0x10,0x03,0x0e,0x0f,0x08,0x10,0x04,0x0e,0x0f,0x0e,0x0c,0x0e,0x0f,0x0e,
    0x04,0x20,0x09,0x1f,0x0d,0x0c,0x1f,0x0c,0x01,0x10,0x08,0x0f,0x0a,0x0d,0x0f,0x0c,0x1f,0x0e,0x03,0x60,0x03,0x1f,0x0a,0x06,
    0x08,0x1e,0x0f,0x09,0x30,0x09,0x1f,0x06,0x20,0x0d,0x1f,0x03,0x20,0x03,0x1f,0x0a,0x06,0x08,0x1e,0x0f,0x09,0x10,0x08,0x0f,
    0x09,0x20,0x0b,0x0f,0x0c,0x01,0x00,0x01,0x0c,0x1f,0x0c,0x0d,0x1f,0x08,0x30,0x40,0x08,0x0e,0x09,0x40,0x06,0x0e,0x2f,0x08,
    0x07,0x0e,0x08,0x10,0x08,0x0f,0x08,0x02,0x0b,0x0e,0x0d,0x0a,0x02,0x90,0x06,0x0c,0x0f,0x0c,0x01,0x10,0x03,0x0a,0x0d,0x0e,
    0x0d,0x08,0x01,0x80,0x0c,0x0e,0x04,0x20,0x06,0x1e,0x04,0x10,0x03,0x09,0x0d,0x0f,0x0d,0x09,0x03,0x40,0x05,0x0b,0x1e,0x0c,
    0x08,0x01,0x20,0x08,0x0f,0x08,0x02,0x0b,0x0e,0x0d,0x0a,0x02,0x80,0x06,0x0e,0x2f,0x08,0x07,0x0e,0x08,0x30,0x05,0x1e,0x02,
    0x20,0x08,0x0e,0x0c,0x40,0x06,0x0e,0x2f,0x08,0x07,0x0e,0x08,0x10,0x08,0x0e,0x08,0x20,0x02,0x0d,0x0e,0x08,0x10,0x01,0x08,
    0x0c,0x1e,0x0b,0x05,0x40,0x40,0x21,0x50,0x01,0x14,0x02,0x10,0x11,0x10,0x08,0x0f,0x09,0x10,0x11,0xd0,0x01,0x60,0x01,0xb0,
    0x11,0x40,0x21,0x40,0x01,0x90,0x11,0x50,0x08,0x0f,0x09,0x10,0x11,0xb0,0x01,0x14,0x02,0x10,0x11,0x40,0x11,0x40,0x11,0x50,
    0x01,0x14,0x02,0x10,0x11,0x10,0x21,0x40,0x11,0x40,0x11,0x60,0xf0,0x70,0x08,0x0f,0x09,0xf0,0xf0,0xf0,0xf0,0x80,0x08,0x0f,
    0x09,0xf0,0xf0,0xf0,0xf0,0xd0,0xf0,0x70,0x08,0x0f,0x09,0xf0,0xf0,0xf0,0xf0,0x80,0x08,0x0f,0x09,0xf0,0xf0,0xf0,0xf0,0xd0,
    0xf0,0x70,0x07,0x0d,0x07,0xf0,0xf0,0xf0,0xf0,0x80,0x07,0x0d,0x07,0xf0,0xf0,0xf0,0xf0,0xd0,0xf0,0xf0,0xf0,0xf0,0xf0,0xf0,
    0xf0,0xf0,0xf0,0xf0,0xf0,0x40,0xf0,0x80,0xf0,0x80,0xf0,0x80,0xf0,0x80,0xf0,0x80,0xf0,0x80,0xf0,0x80,0xf0,0x80,0x90,0x11,
    0xc0,0x60,0x04,0x09,0x0c,0x1e,0x0d,0x0b,0x07,0x01,0x80,0x40,0x02,0x0b,0x7f,0x0d,0x05,0x70,0x30,0x02,0x0d,0xaf,0x07,0x60,
    0x20,0x01,0x0c,0x4f,0x0c,0x0b,0x0d,0x4f,0x05,0x50,0x20,0x08,0x3f,0x0b,0x02,0x10,0x01,0x07,0x3f,0x0d,0x01,0x40,0x10,0x01,
    0x0e,0x2f,0x0c,0x01,0x40,0x07,0x3f,0x06,0x40,0x10,0x06,0x3f,0x04,0x60,0x0c,0x2f,0x0c,0x40,0x10,0x0a,0x2f,0x0d,0x70,0x07,
    0x3f,0x02,0x30,0x10,0x0d,0x2f,0x09,0x70,0x03,0x3f,0x05,0x30,0x00,0x02,0x0e,0x2f,0x06,0x70,0x01,0x0e,0x2f,0x07,0x30,0x00,
    0x03,0x3f,0x04,0x80,0x0c,0x2f,0x09,0x30,0x00,0x04,0x3f,0x04,0x80,0x0c,0x2f,0x0a,0x30,0x00,0x04,0x3f,0x03,0x80,0x0b,0x2f,
    0x0a,0x30,0x00,0x04,0x3f,0x03,0x80,0x0b,0x2f,0x0a,0x30,0x00,0x03,0x3f,0x04,0x80,0x0c,0x2f,0x09,0x30,0x00,0x02,0x3f,0x05,
    0x70,0x01,0x0d,0x2f,0x08,0x30,0x00,0x01,0x0e,0x2f,0x08,0x70,0x02,0x3f,0x06,0x30,0x10,0x0b,0x2f,0x0b,0x70,0x05,0x3f,0x03,
    0x30,0x10,0x08,0x3f,0x02,0x60,0x0b,0x2f,0x0d,0x01,0x30,0x10,0x03,0x3f,0x0a,0x50,0x04,0x3f,0x09,0x40,0x20,0x0b,0x3f,0x07,
    0x30,0x03,0x0d,0x3f,0x03,0x40,0x20,0x03,0x4f,0x0b,0x07,0x06,0x09,0x0e,0x3f,0x08,0x50,0x30,0x06,0xbf,0x0b,0x60,0x40,0x06,
    0x0e,0x8f,0x0a,0x01,0x60,0x50,0x02,0x09,0x0d,0x3f,0x0e,0x0b,0x05,0x80,0x70,0x01,0x03,0x15,0x04,0x02,0xa0,0xf0,0x80,0xf0,
    0x80,0xf0,0x80,0xf0,0x80,0xf0,0x00,0xf0,0x00,0xf0,0x00,0xf0,0x00,0xf0,0x00,0xf0,0x00,0xf0,0x00,0xf0,0x00,0xf0,0x00,0x50,
    0x05,0x3a,0x09,0x40,0x30,0x01,0x09,0x4f,0x0e,0x40,0x20,0x03,0x0c,0x5f,0x0d,0x40,0x10,0x07,0x7f,0x0d,0x40,0x00,0x06,0x3f,
    0x0c,0x0a,0x2f,0x0d,0x40,0x00,0x07,0x2f,0x09,0x00,0x07,0x2f,0x0d,0x40,0x00,0x06,0x0f,0x0e,0x05,0x10,0x08,0x2f,0x0d,0x40,
    0x00,0x07,0x0b,0x02,0x20,0x07,0x2f,0x0d,0x40,0x00,0x02,0x40,0x07,0x2f,0x0d,0x40,0x60,0x07,0x2f,0x0d,0x40,0x60,0x07,0x2f,
    0x0d,0x40,0x60,0x07,0x2f,0x0d,0x40,0x60,0x07,0x2f,0x0d,0x40,0x60,0x07,0x2f,0x0d,0x40,0x60,0x07,0x2f,0x0d,0x40,0x60,0x07,
    0x2f,0x0d,0x40,0x60,0x07,0x2f,0x0d,0x40,0x60,0x07,0x2f,0x0d,0x40,0x60,0x07,0x2f,0x0d,0x40,0x60,0x07,0x2f,0x0d,0x40,0x60,
    0x07,0x2f,0x0d,0x40,0x60,0x07,0x2f,0x0d,0x40,0x60,0x07,0x2f,0x0d,0x40,0x60,0x08,0x2f,0x0d,0x40,0x60,0x07,0x2e,0x0c,0x40,
    0x70,0x31,0x40,0xf0,0x00,0xf0,0x00,0xf0,0x00,0xf0,0x00,0xf0,0x70,0xf0,0x70,0xf0,0x70,0xf0,0x70,0xf0,0x70,0xf0,0x70,0xf0,
    0x70,0xf0,0x70,0x80,0x21,0xb0,0x50,0x03,0x08,0x0c,0x0d,0x0e,0x0d,0x0b,0x08,0x03,0x80,0x30,0x01,0x0a,0x8f,0x0a,0x01,0x60,
    0x20,0x01,0x0c,0xaf,0x0c,0x01,0x50,0x20,0x0a,0x3f,0x0e,0x0b,0x0a,0x0b,0x4f,0x0a,0x50,0x10,0x04,0x3f,0x0a,0x02,0x20,0x02,
    0x0b,0x3f,0x04,0x40,0x10,0x09,0x0f,0x0e,0x0f,0x0c,0x50,0x01,0x0e,0x2f,0x08,0x40,0x10,0x0c,0x2f,0x07,0x60,0x09,0x2f,0x0b,
    0x40,0x10,0x09,0x0b,0x0a,0x0b,0x04,0x60,0x08,0x2f,0x0b,0x40,0xd0,0x0a,0x2f,0x0a,0x40,0xc0,0x01,0x0e,0x2f,0x06,0x40,0xc0,
    0x09,0x2f,0x0d,0x01,0x40,0xb0,0x06,0x3f,0x05,0x50,0xa0,0x05,0x3f,0x09,0x60,0x90,0x05,0x3f,0x0b,0x70,0x80,0x05,0x3f,0x0c,
    0x01,0x70,0x70,0x06,0x3f,0x0c,0x01,0x80,0x60,0x06,0x3f,0x0c,0x01,0x90,0x50,0x06,0x3f,0x0c,0x01,0xa0,0x40,0x06,0x3f,0x0d,
    0x02,0xb0,0x30,0x06,0x3f,0x0d,0x02,0xc0,0x20,0x07,0x3f,0x0c,0x01,0xd0,0x10,0x07,0x4f,0x0c,0x0a,0x0b,0x7a,0x02,0x30,0x10,
    0x0c,0xff,0x03,0x30,0x10,0x0b,0xff,0x03,0x30,0x10,0x0b,0xfe,0x02,0x30,0x10,0xf1,0x01,0x40,0xf0,0x70,0xf0,0x70,0xf0,0x70,
    0xf0,0x70,0xf0,0x70,0xf0,0x70,0xf0,0x70,0xf0,0x70,0xf0,0x70,0xf0,0x70,0xf0,0x70,0xf0,0x70,0x90,0x11,0xb0,0x50,0x02,0x07,
    0x0b,0x0d,0x1e,0x0c,0x0a,0x05,0x80,0x40,0x07,0x0e,0x7f,0x0c,0x04,0x60,0x30,0x0a,0xbf,0x04,0x50,0x20,0x09,0x4f,0x0c,0x1a,
    0x0d,0x3f,0x0e,0x02,0x40,0x10,0x03,0x3f,0x0c,0x03,0x20,0x01,0x07,0x3f,0x08,0x40,0x10,0x08,0x2f,0x0e,0x01,0x50,0x0a,0x2f,
    0x0c,0x40,0x10,0x09,0x0e,0x0d,0x0e,0x09,0x60,0x05,0x2f,0x0e,0x01,0x30,0x10,0x31,0x70,0x05,0x2f,0x0e,0x01,0x30,0xd0,0x09,
    0x2f,0x0b,0x40,0xc0,0x06,0x3f,0x05,0x40,0x70,0x04,0x15,0x07,0x0b,0x3f,0x08,0x50,0x70,0x0d,0x4f,0x0e,0x0b,0x05,0x60,0x70,
    0x0c,0x4f,0x0d,0x07,0x02,0x60,0x70,0x0c,0x7f,0x08,0x50,0x70,0x22,0x03,0x06,0x0c,0x3f,0x0a,0x40,0xd0,0x09,0x3f,0x05,0x30,
    0xd0,0x01,0x0d,0x2f,0x0a,0x30,0xe0,0x0a,0x2f,0x0d,0x30,0x00,0x02,0x3a,0x03,0x70,0x0b,0x2f,0x0d,0x30,0x00,0x02,0x3f,0x09,
    0x60,0x02,0x0e,0x2f,0x0b,0x30,0x10,0x0b,0x3f,0x06,0x40,0x02,0x0b,0x3f,0x07,0x30,0x10,0x04,0x4f,0x0c,0x08,0x06,0x07,0x09,
    0x0e,0x3f,0x0d,0x01,0x30,0x20,0x08,0xcf,0x0e,0x03,0x40,0x30,0x06,0x0e,0x9f,0x0c,0x03,0x50,0x40,0x02,0x08,0x0d,0x4f,0x0e,
    0x0b,0x06,0x70,0x70,0x02,0x04,0x05,0x04,0x03,0x01,0x90,0xf0,0x70,0xf0,0x70,0xf0,0x70,0xf0,0x70,0xf0,0x80,0xf0,0x80,0xf0,
    0x80,0xf0,0x80,0xf0,0x80,0xf0,0x80,0xf0,0x80,0xf0,0x80,0xf0,0x80,0xb0,0x09,0x3a,0x08,0x60,0xa0,0x07,0x4f,0x0c,0x60,0x90,
    0x02,0x0e,0x4f,0x0b,0x60,0x90,0x0b,0x5f,0x0c,0x60,0x80,0x06,0x6f,0x0c,0x60,0x70,0x01,0x0e,0x2f,0x0b,0x2f,0x0c,0x60,0x70,
    0x0a,0x2f,0x09,0x05,0x2f,0x0c,0x60,0x60,0x04,0x2f,0x0e,0x01,0x05,0x2f,0x0c,0x60,0x50,0x01,0x0d,0x2f,0x07,0x00,0x06,0x2f,
    0x0c,0x60,0x50,0x08,0x2f,0x0c,0x10,0x06,0x2f,0x0c,0x60,0x40,0x03,0x3f,0x03,0x10,0x06,0x2f,0x0c,0x60,0x40,0x0c,0x2f,0x08,
    0x20,0x06,0x2f,0x0c,0x60,0x30,0x07,0x2f,0x0c,0x30,0x06,0x2f,0x0c,0x60,0x20,0x02,0x0e,0x2f,0x04,0x30,0x06,0x2f,0x0c,0x60,
    0x20,0x0b,0x2f,0x09,0x40,0x06,0x2f,0x0c,0x60,0x10,0x06,0x2f,0x0c,0x50,0x05,0x2f,0x0b,0x60,0x00,0x02,0x0e,0x2f,0x09,0x55,
    0x09,0x2f,0x0d,0x15,0x04,0x30,0x00,0x04,0xff,0x2f,0x01,0x20,0x00,0x03,0xff,0x1f,0x0d,0x01,0x20,0x00,0x04,0xff,0x2f,0x01,
    0x20,0x00,0x01,0xa5,0x0a,0x2f,0x0d,0x25,0x30,0xc0,0x06,0x2f,0x0b,0x60,0xc0,0x07,0x2f,0x0c,0x60,0xc0,0x07,0x2f,0x0c,0x60,
    0xc0,0x06,0x2e,0x0b,0x60,0xd0,0x31,0x60,0xf0,0x80,0xf0,0x80,0xf0,0x80,0xf0,0x80,0xf0,0x60,0xf0,0x60,0xf0,0x60,0xf0,0x60,
    0xf0,0x60,0xf0,0x60,0xf0,0x60,0xf0,0x60,0xf0,0x60,0x20,0x05,0xca,0x08,0x40,0x20,0x0a,0xcf,0x0c,0x40,0x20,0x0b,0xcf,0x0c,
    0x40,0x20,0x0c,0x3f,0x8e,0x0b,0x40,0x20,0x0d,0x2f,0x04,0x01,0x72,0x01,0x40,0x10,0x01,0x0e,0x1f,0x0e,0x01,0xe0,0x10,0x03,
    0x2f,0x0d,0xf0,0x10,0x04,0x2f,0x0c,0xf0,0x10,0x05,0x2f,0x0a,0x10,0x02,0x04,0x05,0x04,0x01,0x80,0x10,0x07,0x2f,0x08,0x03,
    0x0b,0x0e,0x2f,0x0e,0x0a,0x02,0x60,0x10,0x08,0x2f,0x0c,0x0e,0x6f,0x0e,0x05,0x50,0x10,0x0a,0xdf,0x05,0x40,0x10,0x0b,0x3f,
    0x0b,0x06,0x13,0x05,0x0b,0x3f,0x0e,0x01,0x30,0x10,0x01,0x03,0x05,0x08,0x06,0x50,0x08,0x3f,0x07,0x30,0xd0,0x0c,0x2f,0x0b,
    0x30,0xd0,0x06,0x2f,0x0e,0x01,0x20,0xd0,0x04,0x2f,0x0e,0x02,0x20,0xd0,0x04,0x2f,0x0e,0x02,0x20,0x00,0x02,0x2b,0x0a,0x01,
    0x60,0x06,0x2f,0x0d,0x01,0x20,0x00,0x02,0x3f,0x06,0x60,0x0c,0x2f,0x0a,0x30,0x10,0x0c,0x2f,0x0e,0x03,0x40,0x09,0x3f,0x05,
    0x30,0x10,0x05,0x4f,0x09,0x15,0x07,0x0c,0x3f,0x0b,0x40,0x20,0x09,0xbf,0x0d,0x02,0x40,0x30,0x08,0x9f,0x0b,0x02,0x50,0x40,
    0x03,0x09,0x0d,0x3f,0x0e,0x0c,0x06,0x70,0x60,0x01,0x03,0x04,0x05,0x04,0x02,0x90,0xf0,0x60,0xf0,0x60,0xf0,0x60,0xf0,0x60,
    0xf0,0x70,0xf0,0x70,0xf0,0x70,0xf0,0x70,0xf0,0x70,0xf0,0x70,0xf0,0x70,0xf0,0x70,0x90,0x11,0xb0,0x60,0x03,0x08,0x0c,0x0d,
    0x0e,0x0d,0x0b,0x07,0x02,0x70,0x50,0x08,0x7f,0x0e,0x07,0x60,0x40,0x0a,0xaf,0x09,0x50,0x30,0x09,0x4f,0x0d,0x0c,0x0e,0x4f,
    0x06,0x40,0x20,0x04,0x3f,0x0c,0x04,0x01,0x00,0x01,0x06,0x0e,0x2f,0x0e,0x01,0x30,0x20,0x0c,0x2f,0x0d,0x01,0x40,0x04,0x3f,
    0x07,0x30,0x10,0x03,0x3f,0x04,0x60,0x0a,0x2e,0x0a,0x30,0x10,0x08,0x2f,0x0c,0x70,0x01,0x22,0x01,0x30,0x10,0x0b,0x2f,0x07,
    0x30,0x21,0x90,0x00,0x01,0x0e,0x2f,0x04,0x00,0x02,0x08,0x0c,0x2e,0x0b,0x06,0x70,0x00,0x02,0x3f,0x02,0x04,0x0e,0x6f,0x0c,
    0x03,0x50,0x00,0x03,0x2f,0x0e,0x05,0x0e,0x8f,0x0e,0x02,0x40,0x00,0x04,0x2f,0x1e,0x1f,0x0a,0x06,0x05,0x08,0x0d,0x3f,0x0c,
    0x40,0x00,0x04,0x4f,0x0e,0x04,0x30,0x01,0x0b,0x3f,0x05,0x30,0x00,0x04,0x4f,0x04,0x50,0x01,0x0d,0x2f,0x0a,0x30,0x00,0x03,
    0x3f,0x0c,0x70,0x08,0x2f,0x0d,0x30,0x00,0x02,0x3f,0x08,0x70,0x05,0x2f,0x0e,0x01,0x20,0x10,0x0d,0x2f,0x08,0x70,0x05,0x2f,
    0x0e,0x01,0x20,0x10,0x0a,0x2f,0x0b,0x70,0x08,0x2f,0x0d,0x30,0x10,0x05,0x3f,0x04,0x50,0x01,0x0d,0x2f,0x09,0x30,0x10,0x01,
    0x0d,0x2f,0x0d,0x03,0x30,0x01,0x0b,0x3f,0x04,0x30,0x20,0x05,0x3f,0x0e,0x09,0x15,0x07,0x0d,0x3f,0x0a,0x40,0x30,0x08,0xbf,
    0x0d,0x01,0x40,0x40,0x08,0x9f,0x0b,0x01,0x50,0x50,0x03,0x0a,0x0e,0x3f,0x0e,0x0b,0x05,0x70,0x70,0x01,0x03,0x04,0x05,0x04,
    0x02,0x90,0xf0,0x70,0xf0,0x70,0xf0,0x70,0xf0,0x70,0xf0,0x50,0xf0,0x50,0xf0,0x50,0xf0,0x50,0xf0,0x50,0xf0,0x50,0xf0,0x50,
    0xf0,0x50,0xf0,0x50,0x00,0x06,0xfa,0x02,0x20,0x00,0x0a,0xff,0x04,0x20,0x00,0x09,0xff,0x03,0x20,0x00,0x09,0xbe,0x3f,0x04,
    0x20,0x00,0x01,0x92,0x01,0x09,0x2f,0x0e,0x02,0x20,0xb0,0x01,0x0e,0x2f,0x08,0x30,0xb0,0x09,0x2f,0x0e,0x01,0x30,0xa0,0x02,
    0x0e,0x2f,0x08,0x40,0xa0,0x09,0x2f,0x0e,0x01,0x40,0x90,0x02,0x0e,0x2f,0x08,0x50,0x90,0x09,0x2f,0x0e,0x01,0x50,0x80,0x02,
    0x0e,0x2f,0x07,0x60,0x80,0x09,0x2f,0x0e,0x01,0x60,0x70,0x02,0x3f,0x07,0x70,0x70,0x09,0x2f,0x0e,0x01,0x70,0x60,0x02,0x3f,
    0x07,0x80,0x60,0x09,0x2f,0x0e,0x01,0x80,0x50,0x02,0x3f,0x07,0x90,0x50,0x0a,0x2f,0x0e,0x01,0x90,0x40,0x03,0x3f,0x07,0xa0,
    0x40,0x0a,0x2f,0x0d,0x01,0xa0,0x30,0x03,0x3f,0x07,0xb0,0x30,0x0a,0x2f,0x0d,0x01,0xb0,0x20,0x03,0x3f,0x07,0xc0,0x20,0x09,
    0x2e,0x0c,0x01,0xc0,0x20,0x31,0xe0,0xf0,0x50,0xf0,0x50,0xf0,0x50,0xf0,0x50,0xf0,0x70,0xf0,0x70,0xf0,0x70,0xf0,0x70,0xf0,
    0x70,0xf0,0x70,0xf0,0x70,0xf0,0x70,0x90,0x11,0xb0,0x50,0x02,0x07,0x0b,0x0d,0x1e,0x0c,0x0a,0x05,0x01,0x70,0x40,0x07,0x0e,
    0x7f,0x0d,0x05,0x60,0x30,0x0a,0xbf,0x06,0x50,0x20,0x07,0x4f,0x0a,0x18,0x0c,0x4f,0x03,0x40,0x10,0x01,0x0e,0x2f,0x0d,0x03,
    0x30,0x05,0x3f,0x0b,0x40,0x10,0x04,0x3f,0x04,0x50,0x08,0x2f,0x0e,0x01,0x30,0x10,0x06,0x2f,0x0e,0x01,0x50,0x04,0x3f,0x02,
    0x30,0x10,0x05,0x2f,0x0e,0x01,0x50,0x04,0x2f,0x0e,0x02,0x30,0x10,0x02,0x3f,0x04,0x50,0x08,0x2f,0x0c,0x40,0x20,0x09,0x0f,
    0x0e,0x0f,0x0c,0x02,0x30,0x04,0x0e,0x2f,0x05,0x40,0x20,0x01,0x0c,0x2f,0x0e,0x08,0x05,0x06,0x0a,0x3f,0x09,0x50,0x30,0x01,
    0x07,0x0d,0x7f,0x0c,0x05,0x60,0x40,0x04,0x0b,0x7f,0x09,0x03,0x60,0x20,0x02,0x0b,0x4f,0x1e,0x4f,0x09,0x50,0x10,0x01,0x0d,
    0x3f,0x09,0x03,0x01,0x02,0x04,0x0b,0x3f,0x09,0x40,0x10,0x08,0x3f,0x05,0x50,0x08,0x3f,0x05,0x30,0x00,0x01,0x0e,0x2f,0x09,
    0x70,0x0d,0x2f,0x0b,0x30,0x00,0x03,0x3f,0x05,0x70,0x09,0x2f,0x0e,0x01,0x20,0x00,0x04,0x3f,0x04,0x70,0x08,0x2f,0x0e,0x01,
    0x20,0x00,0x03,0x3f,0x08,0x70,0x0c,0x2f,0x0d,0x01,0x20,0x10,0x0d,0x2f,0x0e,0x04,0x50,0x07,0x3f,0x09,0x30,0x10,0x06,0x4f,
    0x08,0x04,0x12,0x05,0x0a,0x4f,0x03,0x30,0x20,0x09,0xdf,0x06,0x40,0x30,0x07,0x0e,0x9f,0x0d,0x05,0x50,0x40,0x02,0x08,0x0d,
    0x4f,0x0e,0x0c,0x07,0x01,0x60,0x70,0x02,0x04,0x15,0x04,0x02,0x90,0xf0,0x70,0xf0,0x70,0xf0,0x70,0xf0,0x70,0xf0,0x70,0xf0,
    0x70,0xf0,0x70,0xf0,0x70,0xf0,0x70,0xf0,0x70,0xf0,0x70,0xf0,0x70,0x80,0x21,0xb0,0x50,0x03,0x08,0x0b,0x0d,0x0e,0x0d,0x0c,
    0x08,0x03,0x80,0x30,0x01,0x09,0x8f,0x0a,0x01,0x60,0x20,0x01,0x0c,0xaf,0x0d,0x02,0x50,0x20,0x0b,0x4f,0x0b,0x0a,0x0b,0x0e,
    0x3f,0x0c,0x50,0x10,0x05,0x3f,0x0c,0x03,0x20,0x02,0x0a,0x3f,0x07,0x40,0x10,0x0c,0x2f,0x0d,0x01,0x50,0x0a,0x2f,0x0d,0x01,
    0x30,0x00,0x02,0x0e,0x2f,0x06,0x60,0x02,0x3f,0x05,0x30,0x00,0x03,0x3f,0x02,0x70,0x0c,0x2f,0x09,0x30,0x00,0x04,0x2f,0x0e,
    0x01,0x70,0x0b,0x2f,0x0b,0x30,0x00,0x03,0x3f,0x03,0x70,0x0d,0x2f,0x0d,0x30,0x00,0x01,0x0e,0x2f,0x08,0x60,0x05,0x3f,0x0e,
    0x01,0x20,0x10,0x0b,0x3f,0x04,0x40,0x02,0x0d,0x3f,0x0e,0x01,0x20,0x10,0x04,0x4f,0x08,0x03,0x01,0x02,0x07,0x0e,0x4f,0x0e,
    0x01,0x20,0x20,0x09,0x5f,0x0e,0x2f,0x0e,0x08,0x2f,0x0e,0x01,0x20,0x30,0x09,0x8f,0x05,0x04,0x2f,0x0d,0x30,0x40,0x05,0x0c,
    0x4f,0x0b,0x04,0x00,0x07,0x2f,0x0b,0x30,0x60,0x03,0x05,0x06,0x05,0x02,0x20,0x09,0x2f,0x09,0x30,0xe0,0x0d,0x2f,0x05,0x30,
    0x00,0x01,0x0a,0x2b,0x05,0x60,0x05,0x2f,0x0e,0x02,0x30,0x10,0x0c,0x2f,0x0c,0x50,0x01,0x0c,0x2f,0x0a,0x40,0x10,0x06,0x3f,
    0x09,0x01,0x20,0x02,0x0b,0x3f,0x03,0x40,0x10,0x01,0x0d,0x3f,0x0d,0x09,0x08,0x0a,0x0e,0x3f,0x09,0x50,0x20,0x03,0x0e,0xaf,
    0x0b,0x01,0x50,0x30,0x04,0x0d,0x8f,0x0a,0x01,0x60,0x40,0x01,0x07,0x0d,0x4f,0x0c,0x05,0x80,0x70,0x03,0x04,0x05,0x04,0x02,
    0xa0,0xf0,0x70,0xf0,0x70,0xf0,0x70,0xf0,0x70,0xd0,0xd0,0xd0,0xd0,0x40,0x11,0x60,0x20,0x05,0x0b,0x1e,0x0b,0x04,0x40,0x10,
    0x08,0x1f,0x0e,0x2f,0x06,0x30,0x00,0x04,0x1f,0x08,0x01,0x02,0x09,0x1f,0x02,0x20,0x00,0x09,0x0f,0x0c,0x30,0x0d,0x0f,0x08,
    0x20,0x00,0x0d,0x0f,0x07,0x30,0x09,0x0f,0x0b,0x20,0x02,0x0e,0x0f,0x05,0x30,0x07,0x0f,0x0d,0x20,0x02,0x0e,0x0f,0x04,0x30,
    0x06,0x0f,0x0d,0x01,0x10,0x02,0x0e,0x0f,0x05,0x30,0x07,0x0f,0x0d,0x20,0x00,0x0d,0x0f,0x07,0x30,0x09,0x0f,0x0b,0x20,0x00,
    0x0a,0x0f,0x0c,0x30,0x0d,0x0f,0x08,0x20,0x00,0x04,0x1f,0x08,0x01,0x02,0x09,0x1f,0x02,0x20,0x10,0x08,0x5f,0x06,0x30,0x20,
    0x06,0x0b,0x1e,0x0b,0x05,0x40,0x40,0x11,0x60,0xd0,0xd0,0xd0,0xd0,0x90,0x90,0x90,0x90,0x30,0x11,0x30,0x10,0x03,0x0c,0x1e,
    0x04,0x20,0x00,0x06,0x3f,0x05,0x20,0x03,0x0f,0x0e,0x07,0x0e,0x0f,0x04,0x20,0x04,0x0b,0x02,0x00,0x0e,0x0f,0x04,0x20,0x01,
    0x10,0x02,0x0e,0x0f,0x04,0x20,0x20,0x01,0x0e,0x0f,0x04,0x20,0x20,0x01,0x0e,0x0f,0x04,0x20,0x20,0x01,0x0e,0x0f,0x04,0x20,
    0x20,0x01,0x0e,0x0f,0x04,0x20,0x20,0x01,0x0e,0x0f,0x04,0x20,0x20,0x01,0x0e,0x0f,0x04,0x20,0x20,0x01,0x0e,0x0f,0x05,0x20,
    0x20,0x01,0x0d,0x0e,0x04,0x20,0x30,0x11,0x30,0x90,0x90,0x90,0x90,0xd0,0xd0,0xd0,0xd0,0x40,0x01,0x70,0x10,0x01,0x09,0x0d,
    0x0e,0x0d,0x09,0x02,0x40,0x00,0x02,0x0d,0x1f,0x0e,0x1f,0x0e,0x03,0x30,0x00,0x09,0x0f,0x0d,0x03,0x01,0x03,0x0c,0x0f,0x0a,
    0x30,0x00,0x0b,0x0e,0x06,0x20,0x06,0x0f,0x0d,0x30,0x00,0x11,0x30,0x06,0x0f,0x0c,0x30,0x50,0x01,0x0d,0x0f,0x07,0x30,0x40,
    0x01,0x0b,0x0f,0x0b,0x40,0x30,0x01,0x0b,0x0f,0x0c,0x01,0x40,0x20,0x01,0x0c,0x0f,0x0c,0x01,0x50,0x10,0x02,0x0c,0x0f,0x0c,
    0x01,0x60,0x00,0x02,0x0d,0x0f,0x0c,0x02,0x00,0x21,0x30,0x00,0x0b,0x1f,0x5e,0x02,0x20,0x00,0x0b,0x7e,0x02,0x20,0x00,0x81,
    0x30,0xd0,0xd0,0xd0,0xd0,0xd0,0xd0,0xd0,0xd0,0x40,0x11,0x60,0x10,0x01,0x08,0x0c,0x0e,0x0d,0x0a,0x04,0x40,0x00,0x01,0x0c,
    0x1f,0x0e,0x2f,0x05,0x30,0x00,0x09,0x0f,0x0d,0x04,0x01,0x02,0x0b,0x0f,0x0d,0x30,0x00,0x07,0x0a,0x05,0x20,0x03,0x0f,0x0e,
    0x01,0x20,0x60,0x07,0x0f,0x0d,0x30,0x30,0x05,0x07,0x0a,0x0f,0x0d,0x04,0x30,0x30,0x0b,0x2f,0x06,0x40,0x30,0x03,0x05,0x07,
    0x0d,0x0f,0x0c,0x01,0x20,0x60,0x02,0x0e,0x0f,0x06,0x20,0x01,0x08,0x09,0x03,0x30,0x0d,0x0f,0x08,0x20,0x00,0x0d,0x0f,0x0c,
    0x04,0x01,0x02,0x09,0x1f,0x04,0x20,0x00,0x03,0x0e,0x1f,0x0e,0x2f,0x09,0x30,0x10,0x02,0x09,0x0c,0x1e,0x0b,0x05,0x40,0x40,
    0x11,0x60,0xd0,0xd0,0xd0,0xd0,0xd0,0xd0,0xd0,0xd0,0x60,0x11,0x40,0x50,0x0b,0x1e,0x06,0x30,0x40,0x07,0x2f,0x06,0x30,0x30,
    0x02,0x0e,0x0f,0x0e,0x0f,0x06,0x30,0x30,0x0b,0x0f,0x08,0x0a,0x0f,0x06,0x30,0x20,0x05,0x0f,0x0d,0x01,0x0b,0x0f,0x06,0x30,
    0x10,0x01,0x0e,0x0f,0x05,0x00,0x0b,0x0f,0x06,0x30,0x10,0x09,0x0f,0x0a,0x10,0x0b,0x0f,0x06,0x30,0x00,0x04,0x0f,0x0d,0x20,
    0x0b,0x0f,0x06,0x30,0x01,0x0c,0x0f,0x09,0x25,0x0c,0x0f,0x09,0x05,0x01,0x10,0x02,0x9f,0x02,0x10,0x01,0x59,0x0e,0x0f,0x0b,
    0x09,0x01,0x10,0x60,0x0c,0x0f,0x06,0x30,0x60,0x0b,0x0e,0x06,0x30,0x60,0x11,0x40,0xd0,0xd0,0xd0,0xd0,0xc0,0xc0,0xc0,0xc0,
    0x10,0x61,0x30,0x00,0x03,0x6e,0x06,0x20,0x00,0x05,0x1f,0x4e,0x06,0x20,0x00,0x06,0x0f,0x0b,0x41,0x30,0x00,0x07,0x0f,0x09,
    0x80,0x00,0x09,0x0f,0x07,0x04,0x0a,0x09,0x05,0x40,0x00,0x0b,0x0f,0x0e,0x3f,0x0b,0x01,0x20,0x00,0x08,0x0c,0x0b,0x05,0x03,
    0x07,0x0e,0x0f,0x09,0x20,0x60,0x07,0x0f,0x0e,0x01,0x10,0x60,0x03,0x1f,0x02,0x10,0x01,0x09,0x0a,0x03,0x20,0x05,0x0f,0x0e,
    0x01,0x10,0x00,0x0d,0x0f,0x0b,0x02,0x01,0x03,0x0d,0x0f,0x0a,0x20,0x00,0x03,0x0e,0x1f,0x0e,0x1f,0x0d,0x02,0x20,0x10,0x03,
    0x09,0x0d,0x0e,0x0d,0x08,0x01,0x30,0x40,0x01,0x60,0xc0,0xc0,0xc0,0xc0,0xd0,0xd0,0xd0,0xd0,0x40,0x11,0x60,0x20,0x04,0x0b,
    0x1e,0x0b,0x05,0x40,0x10,0x06,0x5f,0x07,0x30,0x00,0x02,0x1f,0x09,0x12,0x09,0x1f,0x03,0x20,0x00,0x08,0x0f,0x0b,0x30,0x08,
    0x0a,0x04,0x20,0x00,0x0c,0x0f,0x05,0x00,0x05,0x06,0x05,0x50,0x01,0x0e,0x0f,0x06,0x0c,0x2f,0x0d,0x04,0x30,0x02,0x0e,0x0f,
    0x0e,0x0c,0x16,0x0d,0x0f,0x0e,0x01,0x20,0x02,0x0e,0x0f,0x0c,0x20,0x02,0x0e,0x0f,0x06,0x20,0x01,0x0d,0x0f,0x07,0x00,0x01,
    0x10,0x0a,0x0f,0x09,0x20,0x00,0x0b,0x0f,0x09,0x30,0x0c,0x0f,0x08,0x20,0x00,0x05,0x1f,0x06,0x11,0x08,0x1f,0x03,0x20,0x10,
    0x09,0x1f,0x1e,0x1f,0x07,0x30,0x20,0x06,0x0b,0x1e,0x0b,0x05,0x40,0x40,0x11,0x60,0xd0,0xd0,0xd0,0xd0,0xc0,0xc0,0xc0,0xc0,
    0x00,0x81,0x20,0x04,0x7e,0x09,0x20,0x04,0x5e,0x1f,0x0a,0x20,0x00,0x41,0x02,0x0e,0x0f,0x06,0x20,0x50,0x08,0x0f,0x0d,0x30,
    0x40,0x02,0x0e,0x0f,0x06,0x30,0x40,0x08,0x0f,0x0c,0x40,0x30,0x02,0x0e,0x0f,0x05,0x40,0x30,0x08,0x0f,0x0c,0x50,0x20,0x02,
    0x0e,0x0f,0x05,0x50,0x20,0x09,0x0f,0x0c,0x60,0x10,0x02,0x0e,0x0f,0x05,0x60,0x10,0x09,0x0f,0x0c,0x70,0x00,0x02,0x1e,0x05,
    0x70,0x00,0x21,0x80,0xc0,0xc0,0xc0,0xc0,0xd0,0xd0,0xd0,0xd0,0x40,0x11,0x60,0x10,0x01,0x08,0x0c,0x1e,0x0a,0x04,0x40,0x00,
    0x01,0x0c,0x1f,0x0d,0x0e,0x1f,0x06,0x30,0x00,0x06,0x0f,0x0e,0x04,0x00,0x01,0x0a,0x0f,0x0d,0x01,0x20,0x00,0x09,0x0f,0x0a,
    0x20,0x03,0x1f,0x02,0x20,0x00,0x06,0x0f,0x0d,0x01,0x10,0x06,0x0f,0x0d,0x01,0x20,0x00,0x01,0x0a,0x0f,0x0c,0x07,0x09,0x0e,
    0x0d,0x04,0x30,0x10,0x03,0x0c,0x3f,0x08,0x40,0x00,0x05,0x1f,0x09,0x05,0x07,0x0d,0x0f,0x0b,0x01,0x20,0x01,0x0d,0x0f,0x08,
    0x20,0x02,0x0e,0x0f,0x06,0x20,0x02,0x0e,0x0f,0x05,0x30,0x0c,0x0f,0x09,0x20,0x00,0x0c,0x0f,0x0c,0x02,0x10,0x06,0x1f,0x06,
    0x20,0x00,0x04,0x0e,0x1f,0x0c,0x0d,0x1f,0x0a,0x30,0x10,0x02,0x09,0x0d,0x1e,0x0b,0x06,0x40,0x40,0x11,0x60,0xd0,0xd0,0xd0,
    0xd0,0xd0,0xd0,0xd0,0xd0,0x40,0x01,0x70,0x10,0x01,0x08,0x0c,0x0e,0x0d,0x09,0x02,0x40,0x00,0x02,0x0d,0x1f,0x0e,0x1f,0x0e,
    0x03,0x30,0x00,0x0a,0x0f,0x0d,0x04,0x01,0x02,0x0b,0x0f,0x0c,0x30,0x01,0x0e,0x0f,0x05,0x20,0x02,0x0e,0x0f,0x04,0x20,0x02,
    0x0e,0x0f,0x03,0x00,0x01,0x10,0x0d,0x0f,0x07,0x20,0x01,0x0d,0x0f,0x08,0x20,0x05,0x1f,0x09,0x20,0x00,0x07,0x1f,0x09,0x05,
    0x08,0x0f,0x0e,0x0f,0x09,0x20,0x10,0x09,0x3f,0x07,0x0a,0x0f,0x07,0x20,0x20,0x03,0x16,0x03,0x00,0x0c,0x0f,0x05,0x20,0x00,
    0x08,0x0a,0x04,0x20,0x04,0x0f,0x0e,0x02,0x20,0x00,0x0a,0x0f,0x0e,0x05,0x02,0x04,0x0d,0x0f,0x09,0x30,0x00,0x01,0x0d,0x4f,
    0x0c,0x01,0x30,0x10,0x01,0x09,0x0d,0x0e,0x0c,0x08,0x01,0x40,0x40,0x01,0x70,0xd0,0xd0,0xd0,0xd0,
};
